time,open,high,low,close,volume
2024-01-01T00:00:00+00:00,42314,42603.2,42289.6,42503.5,8459.477
2024-01-01T01:00:00+00:00,42503.5,42832,42462,42647.9,9043.411
2024-01-01T02:00:00+00:00,42647.9,42676.9,42530,42620.4,4653.067
2024-01-01T03:00:00+00:00,42620.5,42630,42270,42369.8,8119.88
2024-01-01T04:00:00+00:00,42369.8,42439.8,42235.2,42436.6,6356.536
2024-01-01T05:00:00+00:00,42436.6,42440,42207.9,42272.6,4139.557
2024-01-01T06:00:00+00:00,42272.6,42461.3,42239.1,42423.3,3933.019
2024-01-01T07:00:00+00:00,42423.4,42536,42421.7,42527,4455.05
2024-01-01T08:00:00+00:00,42527.1,42597.3,42489.4,42588.2,3673.746
2024-01-01T09:00:00+00:00,42588.2,42734.2,42570,42688.8,5779.875
2024-01-01T10:00:00+00:00,42688.8,42795,42661.1,42727.7,5806.743
2024-01-01T11:00:00+00:00,42727.7,42800,42638,42727.6,5965.038
2024-01-01T12:00:00+00:00,42727.7,42825.2,42651.1,42682,6380.463
2024-01-01T13:00:00+00:00,42682,42787.5,42647.9,42753.9,3269.775
2024-01-01T14:00:00+00:00,42753.8,42755.8,42614.5,42645.6,5333.959
2024-01-01T15:00:00+00:00,42645.5,42887.5,42617.6,42818,8176.63
2024-01-01T16:00:00+00:00,42818,42898.9,42693.1,42759.7,7126.615
2024-01-01T17:00:00+00:00,42759.7,42860.8,42734.8,42847,3411.019
2024-01-01T18:00:00+00:00,42847,43268,42847,43148,18895.526
2024-01-01T19:00:00+00:00,43148,43593.2,43133.3,43556.2,17037.283
2024-01-01T20:00:00+00:00,43556.2,43915.5,43548.5,43753.3,23648.197
2024-01-01T21:00:00+00:00,43753.2,43853,43531.8,43679.8,10536.944
2024-01-01T22:00:00+00:00,43679.7,43723.8,43426,43583.9,6632.907
2024-01-01T23:00:00+00:00,43584,44266,43583.9,44230.2,25589.427
2024-01-02T00:00:00+00:00,44230.3,45376,44200.9,45179.8,59371.002
2024-01-02T01:00:00+00:00,45179.7,45485.7,44750,44926.3,33741.976
2024-01-02T02:00:00+00:00,44926.5,45428,44926.5,45420,18557.82
2024-01-02T03:00:00+00:00,45420,45565,45167.3,45435,18878.543
2024-01-02T04:00:00+00:00,45434.9,45484.4,45193.1,45211.7,11326.594
2024-01-02T05:00:00+00:00,45211.5,45366,45153,45218.2,7931.571
2024-01-02T06:00:00+00:00,45218.2,45346.2,45163.9,45202.9,5712.13
2024-01-02T07:00:00+00:00,45202.9,45832.8,45202.5,45495.5,21647.544
2024-01-02T08:00:00+00:00,45495.6,45905.9,45365,45816.8,27098.848
2024-01-02T09:00:00+00:00,45816.8,45950,45667.7,45730.5,14217.371
2024-01-02T10:00:00+00:00,45730,45772.8,45478,45655.7,13818.668
2024-01-02T11:00:00+00:00,45655.7,45767.6,45258,45486.8,17990.732
2024-01-02T12:00:00+00:00,45486.8,45655,45323.2,45355.1,15529.751
2024-01-02T13:00:00+00:00,45355.1,45760,45316.4,45686.3,14990.782
2024-01-02T14:00:00+00:00,45686.2,45850,45026,45293.6,35837.352
2024-01-02T15:00:00+00:00,45293.5,45359.9,44868.1,45215,32589.488
2024-01-02T16:00:00+00:00,45215,45449.2,44918,45393.4,20683.503
2024-01-02T17:00:00+00:00,45393.4,45423.5,44979.9,45001.2,12326.341
2024-01-02T18:00:00+00:00,45001.3,45308.4,44969.6,45189,10881.297
2024-01-02T19:00:00+00:00,45188.9,45286.9,44783.3,45073.2,15774.741
2024-01-02T20:00:00+00:00,45073.3,45223.1,44762.4,44825.2,15030.281
2024-01-02T21:00:00+00:00,44825.1,45155,44598,45155,16920.986
2024-01-02T22:00:00+00:00,45154.9,45338.9,44871,45006.7,11592.184
2024-01-02T23:00:00+00:00,45006.7,45083.1,44818.1,44979.8,7349.018
2024-01-03T00:00:00+00:00,44979.7,45250.7,44895.8,45168.1,9891.172
2024-01-03T01:00:00+00:00,45168,45379.2,45134.2,45347.8,6424.363
2024-01-03T02:00:00+00:00,45347.8,45463.5,45251.7,45312.7,7116.849
2024-01-03T03:00:00+00:00,45312.6,45346.8,45188,45297.8,3817.468
2024-01-03T04:00:00+00:00,45297.8,45309.7,45144,45218.8,4135.829
2024-01-03T05:00:00+00:00,45218.8,45330,45150,45200,4979.685
2024-01-03T06:00:00+00:00,45200,45405.3,45185,45362.7,5647.505
2024-01-03T07:00:00+00:00,45362.8,45423,44960,45030.4,12284.417
2024-01-03T08:00:00+00:00,45030.5,45240,45023.7,45224.1,9080.312
2024-01-03T09:00:00+00:00,45224.1,45582.3,45207.5,45378.7,14623.762
2024-01-03T10:00:00+00:00,45378.6,45420.9,45061,45175.7,11079.822
2024-01-03T11:00:00+00:00,45175.7,45205.3,43500,43728.9,83422.364
2024-01-03T12:00:00+00:00,43728.9,43738.8,40333,42795.8,174460.87
2024-01-03T13:00:00+00:00,42795.8,42827.1,42310.4,42545.7,33891.828
2024-01-03T14:00:00+00:00,42545.7,42546.4,42062.7,42204.1,27239.337
2024-01-03T15:00:00+00:00,42204.1,43049.9,42194.2,43014,33681.973
2024-01-03T16:00:00+00:00,43014,43595.9,42800,43009.2,49301.886
2024-01-03T17:00:00+00:00,43009.1,43049.8,42595,42914.5,19937.512
2024-01-03T18:00:00+00:00,42914.5,43064.9,41920,42267.6,26553.799
2024-01-03T19:00:00+00:00,42267.6,43040,42163.9,42600.4,25853.536
2024-01-03T20:00:00+00:00,42600.4,42850.4,42517.6,42724.5,8773.483
2024-01-03T21:00:00+00:00,42724.6,42974.5,42585.3,42927.1,11066.029
2024-01-03T22:00:00+00:00,42927.1,42949.2,42600,42753.6,7142.262
2024-01-03T23:00:00+00:00,42753.6,42857.9,42588.1,42849.5,5449.162
2024-01-04T00:00:00+00:00,42849.5,42997.1,42756.5,42883.4,8209.261
2024-01-04T01:00:00+00:00,42883.4,42949.3,42625,42716.6,7899.91
2024-01-04T02:00:00+00:00,42716.6,43236,42700,43151,10196.776
2024-01-04T03:00:00+00:00,43151.1,43229,43013.3,43119.6,6648.483
2024-01-04T04:00:00+00:00,43119.6,43216.2,42966.9,43161.1,5415.558
2024-01-04T05:00:00+00:00,43161.1,43290,43081.6,43191.3,5112.512
2024-01-04T06:00:00+00:00,43191.3,43238.9,43088,43163.7,4665.851
2024-01-04T07:00:00+00:00,43163.8,43268,42765,42775,18904.068
2024-01-04T08:00:00+00:00,42775.1,42978.3,42732.2,42858.7,9499.444
2024-01-04T09:00:00+00:00,42858.7,43102.8,42858.6,43020.6,7880.922
2024-01-04T10:00:00+00:00,43020.7,43123.2,42645.1,43089.5,13891.397
2024-01-04T11:00:00+00:00,43089.6,43255,42942.9,43188.2,10081.485
2024-01-04T12:00:00+00:00,43188.2,43450,43107.4,43386.2,15621.032
2024-01-04T13:00:00+00:00,43386.2,43493.2,43166.6,43344.2,10599.733
2024-01-04T14:00:00+00:00,43344.3,43785.9,43253.3,43674,21012.855
2024-01-04T15:00:00+00:00,43674,44343.1,43609.5,44050.4,42298.085
2024-01-04T16:00:00+00:00,44050.4,44135,43773.4,43913.1,20219.377
2024-01-04T17:00:00+00:00,43913.2,44227.6,43822,43983,17877.904
2024-01-04T18:00:00+00:00,43983,44158,43870,44048.2,7912.437
2024-01-04T19:00:00+00:00,44048.2,44437.5,43904.3,43950,21276.829
2024-01-04T20:00:00+00:00,43950,44840.8,43887.2,44116.7,27243.794
2024-01-04T21:00:00+00:00,44116.6,44633,44116.6,44434.1,17418.736
2024-01-04T22:00:00+00:00,44434.1,44754.6,44130,44311.7,16324.945
2024-01-04T23:00:00+00:00,44311.8,44352.9,44043.4,44143.8,7711.704
2024-01-05T00:00:00+00:00,44143.8,44246.7,43961,44207.5,10046.514
2024-01-05T01:00:00+00:00,44207.4,44284,42300,43374.5,48919.101
2024-01-05T02:00:00+00:00,43373.5,43949.8,43300.8,43506.4,24585.278
2024-01-05T03:00:00+00:00,43506.5,43778.7,43413,43469.1,8943.088
2024-01-05T04:00:00+00:00,43469.5,43632,43193.5,43589.3,12977.039
2024-01-05T05:00:00+00:00,43589.3,43726.4,43510.8,43644.2,6975.411
2024-01-05T06:00:00+00:00,43643.1,43951.7,43573.3,43847.9,9811.778
2024-01-05T07:00:00+00:00,43847.8,43927.8,43713.8,43769.6,7056.237
2024-01-05T08:00:00+00:00,43769.6,43947.1,43758.5,43911.6,6303.286
2024-01-05T09:00:00+00:00,43911.6,44332.4,43911.6,44147.8,21152.247
2024-01-05T10:00:00+00:00,44147.8,44160,43459,43628.2,15345.601
2024-01-05T11:00:00+00:00,43628.3,43912.9,43596,43769.9,11131.977
2024-01-05T12:00:00+00:00,43769.9,44119.1,43620.2,43877.7,14004.981
2024-01-05T13:00:00+00:00,43877.7,44089.4,43701.6,43978.6,16663.022
2024-01-05T14:00:00+00:00,43978.6,44060.9,43000,43489.6,31678.387
2024-01-05T15:00:00+00:00,43483.4,43800,43341,43495.2,20019.537
2024-01-05T16:00:00+00:00,43495.1,43593.4,43202,43220.8,15126.816
2024-01-05T17:00:00+00:00,43220.7,43619.9,43090,43603.5,18536.164
2024-01-05T18:00:00+00:00,43603.6,43699,43406.4,43604.4,7686.253
2024-01-05T19:00:00+00:00,43604.4,43825.2,43512.5,43599,9227.577
2024-01-05T20:00:00+00:00,43599,44500,43591.1,43951.6,25270.009
2024-01-05T21:00:00+00:00,43951.7,43969.7,43559,43936.2,12684.375
2024-01-05T22:00:00+00:00,43936.3,44040.2,43760,43964.2,5888.15
2024-01-05T23:00:00+00:00,43964.3,44336.7,43964.2,44145.4,14934.963
2024-01-06T00:00:00+00:00,44145.3,44214.6,43966,44066,6149.687
2024-01-06T01:00:00+00:00,44066,44095.5,43899.3,43961.5,5626.504
2024-01-06T02:00:00+00:00,43961.5,44009.9,43822,43900.1,5631.5
2024-01-06T03:00:00+00:00,43900.1,44016.8,43809.5,43925.8,4936.348
2024-01-06T04:00:00+00:00,43925.8,43972,43831,43851.1,2952.747
2024-01-06T05:00:00+00:00,43851.2,43870.6,43577.6,43695.9,9426.428
2024-01-06T06:00:00+00:00,43695.8,43699.4,43422.4,43455.4,11047.081
2024-01-06T07:00:00+00:00,43455.4,43667.7,43391.3,43645.3,8797.309
2024-01-06T08:00:00+00:00,43645.4,43749.7,43550,43696.1,5542.7
2024-01-06T09:00:00+00:00,43696.1,43765,43630.1,43653.6,4241.808
2024-01-06T10:00:00+00:00,43653.7,43777.5,43579.1,43694.6,5270.934
2024-01-06T11:00:00+00:00,43694.6,43707.7,43611.2,43669.2,3516.154
2024-01-06T12:00:00+00:00,43669.2,43748,43527.2,43607.4,4232.75
2024-01-06T13:00:00+00:00,43607.3,43744.3,43541,43701.2,4608.887
2024-01-06T14:00:00+00:00,43701.1,43925,43700.1,43824.4,8609.057
2024-01-06T15:00:00+00:00,43824.5,43898,43778.9,43863.6,4230.221
2024-01-06T16:00:00+00:00,43863.6,43973.1,43817.4,43865.4,4984.527
2024-01-06T17:00:00+00:00,43865.4,44010.7,43835,43962.1,5063.45
2024-01-06T18:00:00+00:00,43962,44149.9,43878.8,43992.7,8441.003
2024-01-06T19:00:00+00:00,43992.7,44015.1,43826.1,43903.6,4926.559
2024-01-06T20:00:00+00:00,43903.6,43960.7,43645,43816.4,7347.837
2024-01-06T21:00:00+00:00,43816.3,43930.4,43712.1,43881.3,4542.916
2024-01-06T22:00:00+00:00,43881.3,43920,43730.6,43865.8,3304.253
2024-01-06T23:00:00+00:00,43865.7,43980,43723,43956.7,5112.137
2024-01-07T00:00:00+00:00,43956.6,44267.9,43906.9,44119,10395.234
2024-01-07T01:00:00+00:00,44119.1,44159.1,43952.8,43961.6,5147.04
2024-01-07T02:00:00+00:00,43961.5,44088,43824.2,43927.6,6671.698
2024-01-07T03:00:00+00:00,43927.7,44029.6,43900.8,43937.2,3290.23
2024-01-07T04:00:00+00:00,43937.1,44032,43872.8,43994.8,3515.009
2024-01-07T05:00:00+00:00,43994.8,44068.2,43830,43880.4,4029.233
2024-01-07T06:00:00+00:00,43880.5,44087.3,43842.5,44015.4,5773.35
2024-01-07T07:00:00+00:00,44015.3,44099.6,43980,44071.5,3481.063
2024-01-07T08:00:00+00:00,44071.6,44161.5,43988.4,44009.9,5710.541
2024-01-07T09:00:00+00:00,44010,44059.7,43862.8,43923,6288.243
2024-01-07T10:00:00+00:00,43923,43991.2,43896.2,43951.4,3541.646
2024-01-07T11:00:00+00:00,43951.3,44120,43947,44054,5522.521
2024-01-07T12:00:00+00:00,44054,44138,43956,44080.9,4923.042
2024-01-07T13:00:00+00:00,44080.9,44461.8,44066.5,44406.2,17832.044
2024-01-07T14:00:00+00:00,44406.3,44486.9,44268.1,44405,10590.45
2024-01-07T15:00:00+00:00,44405,44431.2,43922.7,44035,15675.217
2024-01-07T16:00:00+00:00,44034.9,44180.5,43828.6,43910.7,11693.369
2024-01-07T17:00:00+00:00,43910.8,44097.9,43686.9,44056.3,11553.65
2024-01-07T18:00:00+00:00,44056.3,44171.7,44023.1,44088,4027.419
2024-01-07T19:00:00+00:00,44088.1,44262.3,44025.2,44238.8,4887.93
2024-01-07T20:00:00+00:00,44238.8,44262.9,44100,44108.2,3295.638
2024-01-07T21:00:00+00:00,44108.2,44238,44095.6,44218.8,3382.184
2024-01-07T22:00:00+00:00,44218.7,44218.8,43750.9,43851.3,11719.511
2024-01-07T23:00:00+00:00,43851.3,44014.7,43557.5,43916.9,17764.452
2024-01-08T00:00:00+00:00,43916.9,43975,43612,43621.8,11321.115
2024-01-08T01:00:00+00:00,43621.9,43796.2,43600,43699.3,6965.421
2024-01-08T02:00:00+00:00,43699.3,43793.7,43158.1,43354.8,18462.773
2024-01-08T03:00:00+00:00,43354.8,43550,43211,43501.9,12456.105
2024-01-08T04:00:00+00:00,43502,43603,43417.8,43584.7,6957.056
2024-01-08T05:00:00+00:00,43584.8,43640.8,43464.1,43630.5,6260.64
2024-01-08T06:00:00+00:00,43630.5,44431.1,43571.4,43900,28968.93
2024-01-08T07:00:00+00:00,43900,44072,43775,43970,10500.519
2024-01-08T08:00:00+00:00,43969.9,44065.5,43839.2,43857,5273.613
2024-01-08T09:00:00+00:00,43857,43915,43629.7,43716.3,6930.467
2024-01-08T10:00:00+00:00,43716.3,44133.8,43680,44081.6,10100.904
2024-01-08T11:00:00+00:00,44081.6,44748.5,43938.4,44637.2,26246.323
2024-01-08T12:00:00+00:00,44637.2,45180,44350,45102.9,59817.925
2024-01-08T13:00:00+00:00,45102.9,45173.9,44790.5,44915.9,20638.504
2024-01-08T14:00:00+00:00,44915.9,45099.2,44730,44787.5,13929.972
2024-01-08T15:00:00+00:00,44787.4,45440,44657,44969.6,30079.842
2024-01-08T16:00:00+00:00,44969.7,45170,44783.8,44939.2,13675.485
2024-01-08T17:00:00+00:00,44939.3,45669.9,44894.1,45643,28676.511
2024-01-08T18:00:00+00:00,45643.5,47155.2,45643.4,46970.2,85931.829
2024-01-08T19:00:00+00:00,46969.9,47312,46598.1,47006.7,40152.489
2024-01-08T20:00:00+00:00,47007.1,47183.1,46718.6,46796.1,17479.581
2024-01-08T21:00:00+00:00,46796.1,47240.3,46666.1,47087.2,16919.695
2024-01-08T22:00:00+00:00,47087.2,47143.1,46822.3,47011.2,9104.134
2024-01-08T23:00:00+00:00,47011.3,47125,46850,46972.7,8238.15
2024-01-09T00:00:00+00:00,46972.6,47173.5,46253.7,46682.4,29265.504
2024-01-09T01:00:00+00:00,46682.3,46797,46304.1,46574.9,16340.354
2024-01-09T02:00:00+00:00,46575,46795.6,46496,46787.5,7840.157
2024-01-09T03:00:00+00:00,46787.5,46980,46758,46932.8,8829.534
2024-01-09T04:00:00+00:00,46932.7,46950.3,46675,46806.4,7494.629
2024-01-09T05:00:00+00:00,46806.4,46860,46600.2,46721.4,6670.731
2024-01-09T06:00:00+00:00,46721.3,46850,46672.3,46794.5,5901.718
2024-01-09T07:00:00+00:00,46794.5,46949.9,46740.8,46841,5498.956
2024-01-09T08:00:00+00:00,46841,46891.3,46500.7,46552.2,9510.893
2024-01-09T09:00:00+00:00,46552.3,46694.1,46372,46497.8,12445.943
2024-01-09T10:00:00+00:00,46497.8,46692,46390,46449.9,8358.842
2024-01-09T11:00:00+00:00,46449.9,46650,46435,46624.4,7248.879
2024-01-09T12:00:00+00:00,46624.4,47080,45400,46175.5,42335.599
2024-01-09T13:00:00+00:00,46175.9,47100,46064.1,46835.4,38496.136
2024-01-09T14:00:00+00:00,46835.3,47019.9,46482.5,46559.9,20992.311
2024-01-09T15:00:00+00:00,46559.9,47025.6,46432,46868.8,25460.844
2024-01-09T16:00:00+00:00,46868.9,46977,46718.5,46901.2,12929.33
2024-01-09T17:00:00+00:00,46901.2,46922.2,46623,46718.8,10947.187
2024-01-09T18:00:00+00:00,46718.7,46732.8,46500,46643.6,10505.851
2024-01-09T19:00:00+00:00,46643.5,46895.9,46570.7,46873.5,7880.575
2024-01-09T20:00:00+00:00,46873.5,46937,46585.4,46636.1,8565.049
2024-01-09T21:00:00+00:00,46636.1,48100,44417.2,45450.2,165990.803
2024-01-09T22:00:00+00:00,45450.1,46272.7,45300,46250.7,32073.429
2024-01-09T23:00:00+00:00,46250.6,46258.4,45929.5,46114,11779.519
2024-01-10T00:00:00+00:00,46113.9,46252.5,45787.8,45863.9,15473.919
2024-01-10T01:00:00+00:00,45863.9,45980.5,45629.6,45944.4,9737.224
2024-01-10T02:00:00+00:00,45944.5,46104.8,45898.9,45990,5315.192
2024-01-10T03:00:00+00:00,45989.9,46228.4,45939.4,46133.6,6154.987
2024-01-10T04:00:00+00:00,46133.5,46200,45950,45970.4,6028.925
2024-01-10T05:00:00+00:00,45970.4,46036.6,45903,45988.4,4137.107
2024-01-10T06:00:00+00:00,45988.4,46076.9,45883,46013.9,3835.661
2024-01-10T07:00:00+00:00,46014,46032,45728.9,45766.4,7753.532
2024-01-10T08:00:00+00:00,45766.3,45876.7,45300,45328.2,16135.794
2024-01-10T09:00:00+00:00,45328.3,45702.1,45310.2,45666.9,14883.659
2024-01-10T10:00:00+00:00,45664.8,45740.1,45535,45538.9,5947.103
2024-01-10T11:00:00+00:00,45538.8,45672.5,44800,45530.2,17088.209
2024-01-10T12:00:00+00:00,45530.1,45680,44334.2,44679.2,55229.595
2024-01-10T13:00:00+00:00,44679.2,45415.8,44291.5,45120.3,38080.832
2024-01-10T14:00:00+00:00,45120.3,45424.7,44823.6,44890.3,23641.631
2024-01-10T15:00:00+00:00,44890.2,45663.3,44803.5,45569,32775.559
2024-01-10T16:00:00+00:00,45569.4,45745.9,45189.4,45317.9,23894.068
2024-01-10T17:00:00+00:00,45317.8,46449.9,45236.9,46409.9,36135.853
2024-01-10T18:00:00+00:00,46410,46678.6,45900,46544.2,39071.651
2024-01-10T19:00:00+00:00,46544.2,46768,46050.2,46498.9,30963.865
2024-01-10T20:00:00+00:00,46498.8,46518.1,44720,46126,115912.735
2024-01-10T21:00:00+00:00,46125.8,46300,45118,45960,61170.333
2024-01-10T22:00:00+00:00,45961.8,46965,45755,46903.3,39897.201
2024-01-10T23:00:00+00:00,46907.5,47699.3,46368,46662.9,59392.839
2024-01-11T00:00:00+00:00,46663,46729.8,46308,46676,16224.974
2024-01-11T01:00:00+00:00,46676.1,46758,46467.5,46506.7,8533.071
2024-01-11T02:00:00+00:00,46506.7,46635,46494.4,46567.4,4211.69
2024-01-11T03:00:00+00:00,46567.4,46599.7,46146.5,46502.4,11793.367
2024-01-11T04:00:00+00:00,46502.3,46511.4,46296.4,46404.9,5472.494
2024-01-11T05:00:00+00:00,46405,46427.8,45890.1,46073.9,12280.675
2024-01-11T06:00:00+00:00,46074,46098.4,45610.1,45899.8,16239.138
2024-01-11T07:00:00+00:00,45899.9,46168,45874.1,46096.1,8171.041
2024-01-11T08:00:00+00:00,46096.1,46320,46051.6,46272,6985.174
2024-01-11T09:00:00+00:00,46272,46354,46204.1,46212.8,5633.717
2024-01-11T10:00:00+00:00,46212.8,46875,46201.1,46870.4,17275.787
2024-01-11T11:00:00+00:00,46870.4,47171,46704.8,47068.5,20362.064
2024-01-11T12:00:00+00:00,47068.5,47468.8,46939.2,47451.1,21209.496
2024-01-11T13:00:00+00:00,47451,47451,46771,47329.5,31394.529
2024-01-11T14:00:00+00:00,47329.5,49027.5,47209.8,48577.9,125690.22
2024-01-11T15:00:00+00:00,48577.1,48671,46488.1,46813.4,100280.384
2024-01-11T16:00:00+00:00,46813.4,47065.8,45774,46038,75877.219
2024-01-11T17:00:00+00:00,46038,46587.6,45600,46517.3,33766.265
2024-01-11T18:00:00+00:00,46517.4,46663.1,46269,46617.8,15543.007
2024-01-11T19:00:00+00:00,46617.6,46744,46280,46698.4,10845.36
2024-01-11T20:00:00+00:00,46698.4,46973.8,46111.2,46233.9,27925.558
2024-01-11T21:00:00+00:00,46233.8,46454.4,46115.2,46156.5,10513.464
2024-01-11T22:00:00+00:00,46156.4,46443.3,46080.6,46408.8,5649.513
2024-01-11T23:00:00+00:00,46408.7,46494,46301.3,46337.8,4820.172
2024-01-12T00:00:00+00:00,46337.9,46536.2,46000,46298.9,13831.444
2024-01-12T01:00:00+00:00,46299,46343.7,45900.9,46144.8,10054.734
2024-01-12T02:00:00+00:00,46144.8,46266.4,46000,46152.2,6234.264
2024-01-12T03:00:00+00:00,46152.1,46193.2,45921.2,45997,7699.265
2024-01-12T04:00:00+00:00,45997.3,46118.8,45842.2,45960.4,7328.714
2024-01-12T05:00:00+00:00,45960.4,46224.9,45902.1,46200.9,6086.14
2024-01-12T06:00:00+00:00,46200.9,46380,46101.3,46107.1,7707.002
2024-01-12T07:00:00+00:00,46107,46150,45714.2,46002.6,14036.437
2024-01-12T08:00:00+00:00,46002.6,46004.7,45630,45862.3,10394.923
2024-01-12T09:00:00+00:00,45862.2,46089.8,45527.5,45938,18297.741
2024-01-12T10:00:00+00:00,45938.1,46150,45850.2,46067.6,8161.418
2024-01-12T11:00:00+00:00,46067.6,46280,45950.5,45958,11068.82
2024-01-12T12:00:00+00:00,45958,46120,45660,45879.8,12397.924
2024-01-12T13:00:00+00:00,45879.7,45958.3,45585,45788.4,13316.32
2024-01-12T14:00:00+00:00,45788.4,45929.6,45255.7,45462.9,35055.269
2024-01-12T15:00:00+00:00,45462.8,45483,44360.8,44495.1,61493.173
2024-01-12T16:00:00+00:00,44495.1,44719.7,43221.1,43661.2,98074.156
2024-01-12T17:00:00+00:00,43661.2,43839,43314.7,43836.4,38973.915
2024-01-12T18:00:00+00:00,43834.1,43962.7,43350.1,43510.1,24415.846
2024-01-12T19:00:00+00:00,43510,43750,43309.4,43497.5,17602.49
2024-01-12T20:00:00+00:00,43497.4,44000,43443.7,43686.8,22616.676
2024-01-12T21:00:00+00:00,43686.7,43885.2,43208.1,43466.2,18946.37
2024-01-12T22:00:00+00:00,43466,43479.8,41370,42517.9,90482.844
2024-01-12T23:00:00+00:00,42517.9,42970,42487.9,42788.9,21667.373
2024-01-13T00:00:00+00:00,42789,42997,42764.6,42803,10442.422
2024-01-13T01:00:00+00:00,42803.1,42900,42523,42688.1,13812.223
2024-01-13T02:00:00+00:00,42688.2,42865,42537.3,42544.5,7746.306
2024-01-13T03:00:00+00:00,42544.5,42697.5,42445.7,42625.6,7048.188
2024-01-13T04:00:00+00:00,42625.6,42871,42565.9,42851.7,6200.369
2024-01-13T05:00:00+00:00,42851.8,43150,42780.3,43111,10094.36
2024-01-13T06:00:00+00:00,43111,43184,42955.5,43159.6,9448.538
2024-01-13T07:00:00+00:00,43159.7,43265.1,43064,43102.1,8099.15
2024-01-13T08:00:00+00:00,43102.1,43255,43064,43171,5098.421
2024-01-13T09:00:00+00:00,43170.9,43197.6,42830.6,42927.4,8981.976
2024-01-13T10:00:00+00:00,42927.4,42933.1,42631.1,42710.3,14101.744
2024-01-13T11:00:00+00:00,42710.4,42814.1,42513,42631.9,14715.457
2024-01-13T12:00:00+00:00,42631.8,42773.4,42509.8,42697.2,9836.669
2024-01-13T13:00:00+00:00,42697.3,42801.1,42610.2,42744.2,7545.146
2024-01-13T14:00:00+00:00,42744.2,42980,42650,42865.4,13078.254
2024-01-13T15:00:00+00:00,42865.2,43273.4,42861.5,43159.7,14255.697
2024-01-13T16:00:00+00:00,43159.9,43193.9,42754.7,42899.1,14587.244
2024-01-13T17:00:00+00:00,42899.2,42999.9,42761.4,42899.2,6183.677
2024-01-13T18:00:00+00:00,42899.1,42908.2,42711.5,42807.9,4994.847
2024-01-13T19:00:00+00:00,42808,42999.9,42784.2,42791.1,5442.188
2024-01-13T20:00:00+00:00,42791.1,42928.6,42703.2,42870.5,4762.714
2024-01-13T21:00:00+00:00,42870.5,42984.1,42820.8,42969.4,3388.362
2024-01-13T22:00:00+00:00,42969.4,43067.7,42886.9,42993.9,3884.076
2024-01-13T23:00:00+00:00,42993.9,42998.1,42799.1,42846.4,3989.298
2024-01-14T00:00:00+00:00,42846.4,42896.9,42666.6,42691.2,6703.889
2024-01-14T01:00:00+00:00,42691.2,42843.1,42680,42771.9,3428.661
2024-01-14T02:00:00+00:00,42771.8,42835,42662,42782.9,3541.307
2024-01-14T03:00:00+00:00,42782.9,42812.5,42651,42691.2,4111.186
2024-01-14T04:00:00+00:00,42691.1,42714.2,42553,42588.1,5118.999
2024-01-14T05:00:00+00:00,42588.1,42814.4,42584.7,42757.5,3801.683
2024-01-14T06:00:00+00:00,42757.5,43000,42755.1,42996.6,4623.09
2024-01-14T07:00:00+00:00,42996.6,43064.4,42888,43012.8,6650.492
2024-01-14T08:00:00+00:00,43012.8,43033.7,42891.4,42999,3431.527
2024-01-14T09:00:00+00:00,42999.1,43096.1,42824.2,43065.8,5004.5
2024-01-14T10:00:00+00:00,43065.8,43077.4,42866.9,42894.9,4196.187
2024-01-14T11:00:00+00:00,42895,42947.5,42759.2,42836.8,5849.344
2024-01-14T12:00:00+00:00,42836.7,42858.4,42710.3,42760.3,4906.068
2024-01-14T13:00:00+00:00,42760.3,42930.1,42737.9,42894.3,3532.491
2024-01-14T14:00:00+00:00,42894.3,43014.3,42789,42822.9,6168.544
2024-01-14T15:00:00+00:00,42822.8,42967,42810,42908.4,3829.701
2024-01-14T16:00:00+00:00,42908.4,42975,42860,42933,4516.209
2024-01-14T17:00:00+00:00,42933.1,43019.1,42880.2,42979.7,5847.364
2024-01-14T18:00:00+00:00,42979.8,43017.6,42829.6,42900.6,3867.533
2024-01-14T19:00:00+00:00,42900.5,42935.7,42633.2,42665.8,8856.555
2024-01-14T20:00:00+00:00,42665.8,42755,42000,42514.7,21985.038
2024-01-14T21:00:00+00:00,42514.7,42605.2,41960,42558,21095.454
2024-01-14T22:00:00+00:00,42558,42665.7,42069.7,42279.9,13325.956
2024-01-14T23:00:00+00:00,42279.9,42328,41713.5,41734.9,26705.19
2024-01-15T00:00:00+00:00,41734.9,42371.5,41720,42287.2,15812.41
2024-01-15T01:00:00+00:00,42287.1,42411.7,42178.6,42280.9,6897.811
2024-01-15T02:00:00+00:00,42280.9,42424.1,42202.4,42408.5,4671.291
2024-01-15T03:00:00+00:00,42408.5,42650,42389,42571.8,9017.405
2024-01-15T04:00:00+00:00,42572.8,42637.7,42501.6,42598,5251.242
2024-01-15T05:00:00+00:00,42598.1,42829.8,42569.8,42746.3,8946.633
2024-01-15T06:00:00+00:00,42746.3,42799.2,42610,42653.1,4857.33
2024-01-15T07:00:00+00:00,42653,42780,42520.6,42713.1,6740.168
2024-01-15T08:00:00+00:00,42713.1,42784.3,42643.2,42683.5,5327.416
2024-01-15T09:00:00+00:00,42683.5,42771.3,42595.5,42759.8,4993.596
2024-01-15T10:00:00+00:00,42759.9,42771.9,42535.8,42568.1,5567.973
2024-01-15T11:00:00+00:00,42568.1,42710,42541.5,42699.9,5308.192
2024-01-15T12:00:00+00:00,42700,42723.9,42573.6,42670.2,5399.113
2024-01-15T13:00:00+00:00,42670.1,42969,42621.3,42856.8,10840.377
2024-01-15T14:00:00+00:00,42856.9,42874.3,42166.8,42204.1,27389.697
2024-01-15T15:00:00+00:00,42204.2,42482.1,42156,42278.7,13534.282
2024-01-15T16:00:00+00:00,42278.7,42560.6,42249.1,42525,7915.149
2024-01-15T17:00:00+00:00,42525,42786.7,42522.1,42704.4,9974.454
2024-01-15T18:00:00+00:00,42704.4,43376,42704.3,43015.5,35715.359
2024-01-15T19:00:00+00:00,43015.6,43137.1,42820.1,42989.6,11708.172
2024-01-15T20:00:00+00:00,42989.6,43114.7,42849,42961.3,6513.139
2024-01-15T21:00:00+00:00,42961.3,42965,42706.4,42717.7,5726.152
2024-01-15T22:00:00+00:00,42717.7,42831.4,42341.3,42634.5,14768.874
2024-01-15T23:00:00+00:00,42634.4,42647.9,42477,42515,7182.906
2024-01-16T00:00:00+00:00,42515,42679,42466.1,42604.7,4807.989
2024-01-16T01:00:00+00:00,42604.6,42733.7,42556.6,42591.7,4728.842
2024-01-16T02:00:00+00:00,42591.7,42732.8,42552,42702.1,5519.024
2024-01-16T03:00:00+00:00,42702.1,42942,42695.7,42919.5,7032.131
2024-01-16T04:00:00+00:00,42919.3,42945,42759.9,42805.2,5516.792
2024-01-16T05:00:00+00:00,42805.2,42932.5,42759,42765.3,4148.775
2024-01-16T06:00:00+00:00,42765.4,42779.1,42648.3,42744.4,5399.943
2024-01-16T07:00:00+00:00,42744.5,42788.1,42600.5,42788.1,4965.136
2024-01-16T08:00:00+00:00,42788.5,43029.7,42718.8,43021.5,8975.581
2024-01-16T09:00:00+00:00,43021.5,43164.9,42899.6,42937,12361.569
2024-01-16T10:00:00+00:00,42937.1,42969.1,42850.1,42870,4996.402
2024-01-16T11:00:00+00:00,42870,42944,42753.6,42894.9,5799.531
2024-01-16T12:00:00+00:00,42894.6,43170,42854.7,43160.1,10657.016
2024-01-16T13:00:00+00:00,43160.1,43181.7,42705.6,42805.7,13452.139
2024-01-16T14:00:00+00:00,42805.6,42954.9,42050,42700.1,55063.011
2024-01-16T15:00:00+00:00,42700.1,43333,42545.6,43251.7,42560.654
2024-01-16T16:00:00+00:00,43251,43450,43003.2,43249.8,24381.082
2024-01-16T17:00:00+00:00,43249.8,43249.8,43027.6,43051.4,8896.75
2024-01-16T18:00:00+00:00,43051.4,43159.9,42825.5,43008.8,10532.47
2024-01-16T19:00:00+00:00,43008.8,43182.3,42940.8,43164.8,6539.237
2024-01-16T20:00:00+00:00,43164.8,43376.2,43061.7,43195.9,13191.003
2024-01-16T21:00:00+00:00,43195.9,43589,43181.6,43427.5,14845.85
2024-01-16T22:00:00+00:00,43427.4,43499.2,43200,43208.6,6772.759
2024-01-16T23:00:00+00:00,43208.6,43285,43105.2,43133,6063.547
2024-01-17T00:00:00+00:00,43133,43174,43044.3,43089.4,4724.355
2024-01-17T01:00:00+00:00,43089.5,43198,42953,42965.4,6154.108
2024-01-17T02:00:00+00:00,42965.4,43062.6,42910.5,42995.1,4909.457
2024-01-17T03:00:00+00:00,42995.2,43029.8,42838.8,42842.1,4813.284
2024-01-17T04:00:00+00:00,42842,42920.1,42770.9,42848.3,6443.281
2024-01-17T05:00:00+00:00,42848.2,42933,42754.5,42778.5,4240.183
2024-01-17T06:00:00+00:00,42778.6,42875.3,42760,42801.5,3740.64
2024-01-17T07:00:00+00:00,42801.5,42849.1,42616,42654,10124.856
2024-01-17T08:00:00+00:00,42654,42750,42555.8,42725.6,7421.221
2024-01-17T09:00:00+00:00,42725.5,42830,42666.4,42677,5570.268
2024-01-17T10:00:00+00:00,42676.9,42855.8,42614.4,42854,6951.373
2024-01-17T11:00:00+00:00,42854,42854,42670,42681,5188.435
2024-01-17T12:00:00+00:00,42681,42795,42355.5,42785.2,15118.043
2024-01-17T13:00:00+00:00,42785.2,42786.6,42500,42610.4,8473.725
2024-01-17T14:00:00+00:00,42610.4,42934.9,42360,42576.2,28182.67
2024-01-17T15:00:00+00:00,42576.1,42774.2,42457.5,42478.3,17076.067
2024-01-17T16:00:00+00:00,42478.2,42565.4,42263.1,42358.5,14317.307
2024-01-17T17:00:00+00:00,42358.5,42472.3,42200,42375.4,9867.665
2024-01-17T18:00:00+00:00,42375.5,42622,42272.5,42616,9442.58
2024-01-17T19:00:00+00:00,42616.1,42757.6,42555.9,42617.5,7244.545
2024-01-17T20:00:00+00:00,42617.6,42869.3,42560,42722,12998.782
2024-01-17T21:00:00+00:00,42722.1,42825.5,42606,42685.7,5518.498
2024-01-17T22:00:00+00:00,42685.7,42740.4,42444,42727,5410.299
2024-01-17T23:00:00+00:00,42727.1,42794.3,42622.4,42783.4,5464.439
2024-01-18T00:00:00+00:00,42783.3,42797,42621.8,42671.1,4265.287
2024-01-18T01:00:00+00:00,42671.1,42723.8,42515,42595.2,4987.178
2024-01-18T02:00:00+00:00,42595.2,42731,42587.7,42657.3,3244.51
2024-01-18T03:00:00+00:00,42657.4,42682,42549.9,42594,2834.982
2024-01-18T04:00:00+00:00,42594,42698.5,42590,42672.8,2396.913
2024-01-18T05:00:00+00:00,42672.8,42798.8,42640,42777,4328.891
2024-01-18T06:00:00+00:00,42777.1,42883.2,42760,42808.9,6363.919
2024-01-18T07:00:00+00:00,42809,42930.1,42804.4,42918.3,6595.933
2024-01-18T08:00:00+00:00,42918.3,42932.3,42723.2,42749.5,5434.521
2024-01-18T09:00:00+00:00,42749.6,42877,42709.4,42746.4,6286.452
2024-01-18T10:00:00+00:00,42746.4,42789.6,42401.1,42450.3,12705.875
2024-01-18T11:00:00+00:00,42450.3,42550,42382.5,42540,9377.826
2024-01-18T12:00:00+00:00,42540.1,42550.8,42351,42440.2,8369.719
2024-01-18T13:00:00+00:00,42440.2,42680.7,42367.4,42511.2,11168.679
2024-01-18T14:00:00+00:00,42511.1,42748.2,42430,42742.6,11201.82
2024-01-18T15:00:00+00:00,42742.6,42821.4,42607.8,42618.9,11181.264
2024-01-18T16:00:00+00:00,42619,42619,41720,41953.9,45356.294
2024-01-18T17:00:00+00:00,41953.9,42191.9,41457.7,41813.9,37052.287
2024-01-18T18:00:00+00:00,41813.9,41922.5,41335,41516.7,28973.926
2024-01-18T19:00:00+00:00,41516.7,41602.2,40805.2,41014.2,39928.423
2024-01-18T20:00:00+00:00,41014.2,41314.2,40673.6,40847.4,38539.724
2024-01-18T21:00:00+00:00,40847.3,41265,40754,41120.7,20150.228
2024-01-18T22:00:00+00:00,41120.7,41366.4,41068,41346.3,9143.79
2024-01-18T23:00:00+00:00,41346.4,41356,41195.1,41323.1,5192.315
2024-01-19T00:00:00+00:00,41323.2,41372,41087.2,41287,8643.478
2024-01-19T01:00:00+00:00,41287.1,41332.9,41120,41266.4,6070.568
2024-01-19T02:00:00+00:00,41266.4,41306.4,41077.7,41112.4,5635.331
2024-01-19T03:00:00+00:00,41112.5,41143.5,40739.6,41049.8,15945.844
2024-01-19T04:00:00+00:00,41049.8,41220,41031.3,41099.5,6299.93
2024-01-19T05:00:00+00:00,41099.5,41236.2,41051.8,41207.1,4225.686
2024-01-19T06:00:00+00:00,41207.1,41514.2,41185.5,41462.5,10380.207
2024-01-19T07:00:00+00:00,41462.6,41578.3,41259,41282,10947.375
2024-01-19T08:00:00+00:00,41281.9,41383.8,41132.5,41285.4,7780.007
2024-01-19T09:00:00+00:00,41285.4,41471.9,41241.9,41396.5,8046.09
2024-01-19T10:00:00+00:00,41396.6,41495.2,41333.7,41483,6288.609
2024-01-19T11:00:00+00:00,41483.1,41518.4,41366.6,41471.7,5820.501
2024-01-19T12:00:00+00:00,41471.7,41493,41266.6,41345.4,7193.666
2024-01-19T13:00:00+00:00,41345.5,41431.8,41267,41397.2,6102.277
2024-01-19T14:00:00+00:00,41397.3,41457.5,40848,40973.4,26585.618
2024-01-19T15:00:00+00:00,40973.5,41175.2,40718.5,40897,27868.609
2024-01-19T16:00:00+00:00,40897.1,40960,40312,40408.6,45003.985
2024-01-19T17:00:00+00:00,40408.6,41281,40300,41239.1,39646.133
2024-01-19T18:00:00+00:00,41239.2,42000,41011.1,41810.6,38671.155
2024-01-19T19:00:00+00:00,41810.6,41918,41584.6,41818.5,15095.606
2024-01-19T20:00:00+00:00,41818.6,42197,41530.1,41635.6,23665.952
2024-01-19T21:00:00+00:00,41635.5,41790,41562.4,41635.1,10002.26
2024-01-19T22:00:00+00:00,41635.1,41748.3,41535.5,41691.1,5077.777
2024-01-19T23:00:00+00:00,41691.2,41728.3,41616.6,41662.2,4945.066
2024-01-20T00:00:00+00:00,41662.1,41687.1,41458.5,41490.9,7582.73
2024-01-20T01:00:00+00:00,41490.9,41712,41490.9,41664.9,4839.318
2024-01-20T02:00:00+00:00,41664.8,41670,41536.1,41627.5,2864.287
2024-01-20T03:00:00+00:00,41627.5,41658.6,41525.8,41638,2869.516
2024-01-20T04:00:00+00:00,41638.1,41660,41571.3,41607.2,2713.04
2024-01-20T05:00:00+00:00,41607.1,41649.9,41566.3,41630,2483.055
2024-01-20T06:00:00+00:00,41630,41699,41618.2,41669,3054.153
2024-01-20T07:00:00+00:00,41668.9,41781.4,41640,41652.4,4664.85
2024-01-20T08:00:00+00:00,41652.4,41672.7,41518.2,41590.1,6898.955
2024-01-20T09:00:00+00:00,41590.2,41642.1,41453.6,41519.1,5854.262
2024-01-20T10:00:00+00:00,41518.9,41624.2,41487.9,41542.5,4362.726
2024-01-20T11:00:00+00:00,41542.4,41624.6,41475,41583.6,3896.644
2024-01-20T12:00:00+00:00,41583.5,41706.5,41534.2,41620,4930.928
2024-01-20T13:00:00+00:00,41619.9,41686.7,41580.8,41633.6,3450.274
2024-01-20T14:00:00+00:00,41633.6,41649.9,41480.1,41542.6,4289.504
2024-01-20T15:00:00+00:00,41542.8,41688,41480,41570.3,5608.654
2024-01-20T16:00:00+00:00,41570.2,41650,41537,41566.8,3225.346
2024-01-20T17:00:00+00:00,41566.8,41628.3,41540,41586.6,2180.69
2024-01-20T18:00:00+00:00,41586.6,41631,41522,41607.9,2670.119
2024-01-20T19:00:00+00:00,41607.8,41685,41600.6,41638.4,2540.597
2024-01-20T20:00:00+00:00,41638.4,41844.4,41615,41748.8,5474.026
2024-01-20T21:00:00+00:00,41748.7,41883.5,41723.5,41732.3,4128.127
2024-01-20T22:00:00+00:00,41732.3,41819.6,41673,41779.8,2681.402
2024-01-20T23:00:00+00:00,41779.7,41812.8,41620.8,41691.8,2602.859
2024-01-21T00:00:00+00:00,41691.8,41727.4,41624.6,41644.7,2220.866
2024-01-21T01:00:00+00:00,41644.6,41725,41627.5,41662.9,1808.753
2024-01-21T02:00:00+00:00,41662.8,41716.6,41653.3,41703.9,1539.406
2024-01-21T03:00:00+00:00,41704,41735,41659.3,41677.4,2111.787
2024-01-21T04:00:00+00:00,41677.4,41686.4,41645,41674.8,1183.312
2024-01-21T05:00:00+00:00,41674.8,41699.9,41626.6,41630.3,1372.122
2024-01-21T06:00:00+00:00,41630.4,41661.7,41544,41604,2462.633
2024-01-21T07:00:00+00:00,41603.9,41669.4,41584.4,41648.6,1726.346
2024-01-21T08:00:00+00:00,41648.5,41715.8,41648.5,41663.3,2238.083
2024-01-21T09:00:00+00:00,41663.3,41749.3,41662.9,41746.3,2236.487
2024-01-21T10:00:00+00:00,41746.2,41826.5,41703.3,41788.5,4780.995
2024-01-21T11:00:00+00:00,41788.6,41798.4,41681.1,41720.9,2039.396
2024-01-21T12:00:00+00:00,41720.8,41825.1,41697.1,41736.3,2446.487
2024-01-21T13:00:00+00:00,41736.2,41866.8,41736.2,41853.6,4237.836
2024-01-21T14:00:00+00:00,41853.6,41880.9,41750.1,41778.1,3796.124
2024-01-21T15:00:00+00:00,41778,41862.3,41600,41652.8,6896.609
2024-01-21T16:00:00+00:00,41652.7,41672.5,41516,41601.5,5300.591
2024-01-21T17:00:00+00:00,41601.5,41697,41591.7,41675.5,2691.701
2024-01-21T18:00:00+00:00,41675.6,41733,41621.2,41680.1,2288.286
2024-01-21T19:00:00+00:00,41680.2,41721.2,41630.6,41721.2,1345.919
2024-01-21T20:00:00+00:00,41721.2,41766.8,41618,41644.9,2759.407
2024-01-21T21:00:00+00:00,41644.9,41820,41613.1,41781.8,2571.717
2024-01-21T22:00:00+00:00,41781.8,41787.4,41620.7,41636.7,1829.808
2024-01-21T23:00:00+00:00,41636.8,41679,41500,41580,5150.881
2024-01-22T00:00:00+00:00,41579.9,41688.5,41460,41652.7,8407.221
2024-01-22T01:00:00+00:00,41652.7,41692.3,41262.2,41363.9,16037.9
2024-01-22T02:00:00+00:00,41363.9,41430.4,41258,41317.2,5593.539
2024-01-22T03:00:00+00:00,41317.2,41345.9,41050.5,41199.6,10930.402
2024-01-22T04:00:00+00:00,41199.5,41221.9,40755.5,40776.7,16886.142
2024-01-22T05:00:00+00:00,40776.8,41153.7,40666,41133.6,16571.74
2024-01-22T06:00:00+00:00,41133.6,41334.9,41002,41201.3,10932.641
2024-01-22T07:00:00+00:00,41201.4,41210.3,40971.3,41042.6,6855.448
2024-01-22T08:00:00+00:00,41042.7,41044.6,40755.8,40957.3,15427.238
2024-01-22T09:00:00+00:00,40957.2,41050,40508.7,40745.4,13917.588
2024-01-22T10:00:00+00:00,40745.4,40850,40353.7,40703.5,27192.368
2024-01-22T11:00:00+00:00,40703.4,40947,40663.6,40809.4,12423.724
2024-01-22T12:00:00+00:00,40809.5,40925.3,40682.7,40885.6,8973.855
2024-01-22T13:00:00+00:00,40885.7,41253.7,40861.8,40941.9,20506.232
2024-01-22T14:00:00+00:00,40942,40979.1,40501.7,40690.1,26108.571
2024-01-22T15:00:00+00:00,40690,40857.8,40333,40774.7,26780.105
2024-01-22T16:00:00+00:00,40775,40880.1,40401.7,40524.1,19526.172
2024-01-22T17:00:00+00:00,40524.1,40816,40460,40714.8,11932.344
2024-01-22T18:00:00+00:00,40714.9,40803.2,39965,40320.7,34172.347
2024-01-22T19:00:00+00:00,40320.7,40576,39402,39812.5,71402.146
2024-01-22T20:00:00+00:00,39812.6,40360,39746.9,40181.8,30013.751
2024-01-22T21:00:00+00:00,40181.7,40203.1,39839.6,39854.4,15246.066
2024-01-22T22:00:00+00:00,39854.4,40082,39450,39829.9,18846.139
2024-01-22T23:00:00+00:00,39829.9,39963.7,39480,39567,14340.427
2024-01-23T00:00:00+00:00,39567.1,39892.9,39508,39869.2,13011.155
2024-01-23T01:00:00+00:00,39869.2,39920,39708.5,39828,5585.589
2024-01-23T02:00:00+00:00,39828,40064,39803.5,40058.9,7662.527
2024-01-23T03:00:00+00:00,40059,40121.2,39972.5,40000.1,6430.524
2024-01-23T04:00:00+00:00,40000.1,40172.7,40000,40055.1,5155.73
2024-01-23T05:00:00+00:00,40055.1,40122.1,40051.7,40064.8,3022.982
2024-01-23T06:00:00+00:00,40064.8,40128,39950.7,40019.5,5525.053
2024-01-23T07:00:00+00:00,40019.5,40031.2,39656.8,39773.9,11375.896
2024-01-23T08:00:00+00:00,39773.9,39862.9,39312.6,39460.7,24270.848
2024-01-23T09:00:00+00:00,39460.6,39492.9,38902.6,38964.5,53154.134
2024-01-23T10:00:00+00:00,38964.6,39160.9,38850,38917,20722.391
2024-01-23T11:00:00+00:00,38917,39050,38652.3,38850.1,26678.189
2024-01-23T12:00:00+00:00,38850.2,39097.2,38753.1,39065.7,20097.451
2024-01-23T13:00:00+00:00,39065.7,39079.5,38848,38857.8,10752.728
2024-01-23T14:00:00+00:00,38857.9,38905.7,38545,38768.6,38267.015
2024-01-23T15:00:00+00:00,38768.5,39479.2,38767,39197.4,35459.749
2024-01-23T16:00:00+00:00,39197.5,39383,38925.6,39312.8,24013.377
2024-01-23T17:00:00+00:00,39312.7,39645,39265.5,39404,25333.925
2024-01-23T18:00:00+00:00,39404,39654.2,39081.6,39087.1,17949.4
2024-01-23T19:00:00+00:00,39087.2,39287.2,38983,39140.1,12620.955
2024-01-23T20:00:00+00:00,39140.1,39359,39031.3,39178,12907.509
2024-01-23T21:00:00+00:00,39177.6,39303.9,39060.2,39216.6,8621.858
2024-01-23T22:00:00+00:00,39216.6,39558.5,39190,39468.3,8549.554
2024-01-23T23:00:00+00:00,39468.2,39898,39463.3,39890,17204.847
2024-01-24T00:00:00+00:00,39889.9,40247,39779,40166.9,19825.964
2024-01-24T01:00:00+00:00,40166.9,40166.9,39745,39763.2,13974.291
2024-01-24T02:00:00+00:00,39763.2,39887.1,39689,39759.3,6511.111
2024-01-24T03:00:00+00:00,39759.4,39790.7,39563.8,39611.2,9144.754
2024-01-24T04:00:00+00:00,39611.3,39744.3,39550,39648.8,5997.376
2024-01-24T05:00:00+00:00,39648.7,39849.2,39648.6,39791.8,6545.594
2024-01-24T06:00:00+00:00,39791.7,39900,39656.3,39883.6,7231.814
2024-01-24T07:00:00+00:00,39883.5,40179.7,39810.1,39979.4,12199.27
2024-01-24T08:00:00+00:00,39979.5,40134.9,39844.7,39948.6,8718.022
2024-01-24T09:00:00+00:00,39948.6,40094.6,39900.2,40015.6,6985.165
2024-01-24T10:00:00+00:00,40015.7,40560.6,39977.4,40346,21804.1
2024-01-24T11:00:00+00:00,40346.5,40364.4,40081.1,40195.2,11187.856
2024-01-24T12:00:00+00:00,40195.1,40287.8,39962.8,40030.4,10975.845
2024-01-24T13:00:00+00:00,40030.4,40111.3,39872,39976.2,11549.11
2024-01-24T14:00:00+00:00,39976.2,40224.4,39754.4,39907,27125.932
2024-01-24T15:00:00+00:00,39907,40116.6,39831,40046.7,12480.015
2024-01-24T16:00:00+00:00,40046.7,40190,39909.3,40186,9893.662
2024-01-24T17:00:00+00:00,40186,40208.4,40036.2,40131,8311.033
2024-01-24T18:00:00+00:00,40131,40149.5,39602,39757.9,18861.02
2024-01-24T19:00:00+00:00,39757.9,39849.2,39632,39797.4,6223.776
2024-01-24T20:00:00+00:00,39797.4,40000,39510,39548,14906.88
2024-01-24T21:00:00+00:00,39547.9,39788.1,39493.3,39788.1,7699.781
2024-01-24T22:00:00+00:00,39788.1,39897.9,39747.8,39872.5,4210.545
2024-01-24T23:00:00+00:00,39872.6,40171.3,39836.5,40078.7,10391.255
2024-01-25T00:00:00+00:00,40078.8,40170,40007.1,40160.4,6344.604
2024-01-25T01:00:00+00:00,40160.4,40170,39916.4,39975.6,6619.412
2024-01-25T02:00:00+00:00,39975.5,40063.4,39901,39931.7,3627.687
2024-01-25T03:00:00+00:00,39931.7,40096.6,39922.1,40002.8,3449.222
2024-01-25T04:00:00+00:00,40002.8,40028.3,39900.4,39949.4,2906.808
2024-01-25T05:00:00+00:00,39949.4,39959.7,39778.3,39865.4,6547.855
2024-01-25T06:00:00+00:00,39865.4,40049.3,39865.3,40028,6248.395
2024-01-25T07:00:00+00:00,40028,40131.9,39975.7,40119.6,5395.291
2024-01-25T08:00:00+00:00,40119.6,40175.1,40012.1,40069.3,7290.096
2024-01-25T09:00:00+00:00,40069.4,40125,40018.4,40023.4,4265.366
2024-01-25T10:00:00+00:00,40023.4,40115.3,39950,40103.3,7017.87
2024-01-25T11:00:00+00:00,40103.3,40300,40069.8,40165.5,15448.311
2024-01-25T12:00:00+00:00,40165.5,40280,39818.6,39854.7,16284.823
2024-01-25T13:00:00+00:00,39854.7,39954.9,39720.5,39907.1,14214.549
2024-01-25T14:00:00+00:00,39907.1,40078.6,39846.1,40000,11748.603
2024-01-25T15:00:00+00:00,40000,40038.5,39605,39793.6,15621.128
2024-01-25T16:00:00+00:00,39793.6,39847.5,39656,39700,9083.623
2024-01-25T17:00:00+00:00,39699.9,39843.7,39535.3,39801.4,12635.77
2024-01-25T18:00:00+00:00,39801.3,40053.6,39703.8,39832.6,18963.895
2024-01-25T19:00:00+00:00,39832.5,39986.5,39722.3,39982.9,7541.256
2024-01-25T20:00:00+00:00,39982.9,39987.2,39630,39827.1,9548.32
2024-01-25T21:00:00+00:00,39827.1,39928.9,39776,39917.8,6589.206
2024-01-25T22:00:00+00:00,39917.8,39980,39877.2,39945.6,3202.333
2024-01-25T23:00:00+00:00,39945.5,39980,39886,39953.3,3134.256
2024-01-26T00:00:00+00:00,39953.3,39965.1,39872,39889.9,3112.506
2024-01-26T01:00:00+00:00,39889.9,39950,39813.1,39928.3,3900.166
2024-01-26T02:00:00+00:00,39928.3,40250,39924,40133,13931.964
2024-01-26T03:00:00+00:00,40133,40180,40052.4,40057,3748.277
2024-01-26T04:00:00+00:00,40057.1,40216.7,40053.7,40133.8,4356.378
2024-01-26T05:00:00+00:00,40133.8,40171.5,40072.8,40091.3,3269.231
2024-01-26T06:00:00+00:00,40091.2,40146.9,39963.7,39993,5095.356
2024-01-26T07:00:00+00:00,39993,40018.5,39880.9,39956,7025.823
2024-01-26T08:00:00+00:00,39956,40168.1,39944.7,40118.3,8326.642
2024-01-26T09:00:00+00:00,40118.3,40408,40016.3,40065.6,17881.584
2024-01-26T10:00:00+00:00,40065.6,40750,40053.4,40672.4,31285.711
2024-01-26T11:00:00+00:00,40672.4,41350,40665.1,41272,45538.057
2024-01-26T12:00:00+00:00,41271.9,41490,41075.2,41128.2,32552.953
2024-01-26T13:00:00+00:00,41128.1,41215.6,40890,41002.2,15386.935
2024-01-26T14:00:00+00:00,41002.1,41587.3,41002.1,41581.1,18547.221
2024-01-26T15:00:00+00:00,41581.1,41585.4,41200,41399.8,19702.378
2024-01-26T16:00:00+00:00,41399.8,41985,41383.8,41944.3,35814.185
2024-01-26T17:00:00+00:00,41944.4,41995,41740.7,41899.2,17038.431
2024-01-26T18:00:00+00:00,41899.3,42187.1,41828.7,42083.8,21342.445
2024-01-26T19:00:00+00:00,42083.8,42110,41912.6,42046,11099.074
2024-01-26T20:00:00+00:00,42046.1,42239.3,41822,41960.9,18608.769
2024-01-26T21:00:00+00:00,41961,42032,41859.8,41976.9,5667.227
2024-01-26T22:00:00+00:00,41976.9,41994.7,41808.9,41887.6,7326.679
2024-01-26T23:00:00+00:00,41887.7,41963.7,41779.2,41806.4,4860.486
2024-01-27T00:00:00+00:00,41806.4,41849.9,41681.8,41772.8,6391.058
2024-01-27T01:00:00+00:00,41772.8,41924,41754.2,41804.9,4578.196
2024-01-27T02:00:00+00:00,41804.8,41886,41801.7,41822.2,2353.042
2024-01-27T03:00:00+00:00,41822.2,41854,41755,41805.2,3181.954
2024-01-27T04:00:00+00:00,41805.1,41868.3,41780,41828.7,2413.204
2024-01-27T05:00:00+00:00,41828.7,41880.5,41721,41748.2,3788.355
2024-01-27T06:00:00+00:00,41748.1,41803.6,41672.5,41694.8,4141.47
2024-01-27T07:00:00+00:00,41694.8,41723.7,41594,41699.1,7069.355
2024-01-27T08:00:00+00:00,41699,41720.2,41400,41455.4,13171.464
2024-01-27T09:00:00+00:00,41455.3,41726,41360.1,41656.4,9876.923
2024-01-27T10:00:00+00:00,41656.4,41786,41632,41731.6,6169.781
2024-01-27T11:00:00+00:00,41731.5,41774.8,41679,41744.7,2900.66
2024-01-27T12:00:00+00:00,41744.7,41798,41689.3,41730.6,3029.479
2024-01-27T13:00:00+00:00,41730.6,41795.1,41704,41726.9,2640.295
2024-01-27T14:00:00+00:00,41727,41813.6,41710,41745,3931.038
2024-01-27T15:00:00+00:00,41745.1,41880,41712.9,41797.4,5453.875
2024-01-27T16:00:00+00:00,41797.5,41880,41769.6,41789.2,3906.389
2024-01-27T17:00:00+00:00,41789.3,41833.9,41758.3,41769.4,2297.83
2024-01-27T18:00:00+00:00,41769.4,41807.2,41727,41784.9,2437.998
2024-01-27T19:00:00+00:00,41785,41977,41775.1,41896.4,7765.565
2024-01-27T20:00:00+00:00,41896.5,42070,41896.4,42049.6,5408.243
2024-01-27T21:00:00+00:00,42049.6,42165.6,42001.8,42137.8,5859.277
2024-01-27T22:00:00+00:00,42137.8,42187.1,42057.6,42135.3,5271.863
2024-01-27T23:00:00+00:00,42135.4,42156.7,42055.4,42102.2,4399.8
2024-01-28T00:00:00+00:00,42102.2,42127,41908.2,41976.3,6302.56
2024-01-28T01:00:00+00:00,41976.3,42236.9,41976.2,42074.4,9620.237
2024-01-28T02:00:00+00:00,42074.5,42162.4,42069.1,42082.8,2989.072
2024-01-28T03:00:00+00:00,42082.9,42229.3,42066.9,42210,3322.368
2024-01-28T04:00:00+00:00,42210.1,42764.8,42204,42710.4,24792.924
2024-01-28T05:00:00+00:00,42710.5,42836,42427.8,42538.1,18316.077
2024-01-28T06:00:00+00:00,42538.1,42563,42259.5,42388.5,9404.987
2024-01-28T07:00:00+00:00,42388.6,42514.3,42336.3,42369.9,6038.858
2024-01-28T08:00:00+00:00,42370,42600,42301.1,42475.1,9274.702
2024-01-28T09:00:00+00:00,42475.2,42688,42402.8,42559.9,9365.846
2024-01-28T10:00:00+00:00,42559.9,42634,42480.1,42584.9,5161.251
2024-01-28T11:00:00+00:00,42585,42598,42333,42456.6,7100.999
2024-01-28T12:00:00+00:00,42456.5,42479.7,42268.2,42403.1,8793.831
2024-01-28T13:00:00+00:00,42403,42439.9,42220.1,42385.8,6402.263
2024-01-28T14:00:00+00:00,42385.7,42525,42228.4,42271.3,6859.699
2024-01-28T15:00:00+00:00,42271.4,42399.6,42130,42244.5,8313.375
2024-01-28T16:00:00+00:00,42244.5,42340,42119.4,42293.1,6373.522
2024-01-28T17:00:00+00:00,42293.2,42299.3,42073.8,42152.5,7411.867
2024-01-28T18:00:00+00:00,42152.6,42163,41912.8,41952.6,8827.118
2024-01-28T19:00:00+00:00,41952.6,42014.1,41700,41770.6,12455.789
2024-01-28T20:00:00+00:00,41770.6,41964,41660.9,41929.9,9332.495
2024-01-28T21:00:00+00:00,41929.9,42019,41791.5,41963.1,5431.018
2024-01-28T22:00:00+00:00,41963,41969.5,41600,41824.9,7378.063
2024-01-28T23:00:00+00:00,41824.9,42067.5,41735,42021.2,6467.532
2024-01-29T00:00:00+00:00,42021.2,42061,41865.4,41952.1,5473.92
2024-01-29T01:00:00+00:00,41952.1,42310.6,41950,42144.3,10142.368
2024-01-29T02:00:00+00:00,42144.4,42318.6,42108,42220.7,5611.922
2024-01-29T03:00:00+00:00,42220.8,42493,42219.9,42306.4,9472.031
2024-01-29T04:00:00+00:00,42306.5,42326.9,42175,42201.8,4874.368
2024-01-29T05:00:00+00:00,42201.9,42269.5,42110,42127.1,4620.447
2024-01-29T06:00:00+00:00,42127.9,42237,42116.4,42150.6,4806.81
2024-01-29T07:00:00+00:00,42150.6,42230.5,41966.2,42040,7036.287
2024-01-29T08:00:00+00:00,42040,42140,41953,42107.2,6372.77
2024-01-29T09:00:00+00:00,42107.3,42328,41932.9,42279.6,9685.971
2024-01-29T10:00:00+00:00,42279.6,42368.7,42183.9,42298.6,6315.504
2024-01-29T11:00:00+00:00,42298.6,42339,42172.8,42233.3,4759.363
2024-01-29T12:00:00+00:00,42233.2,42360,41956.2,42086.8,10266.131
2024-01-29T13:00:00+00:00,42086.8,42122.3,41914.2,41989.7,9478.792
2024-01-29T14:00:00+00:00,41989.6,42092,41768.3,41933.7,13614.23
2024-01-29T15:00:00+00:00,41933.6,42636,41861.8,42623.2,23816.934
2024-01-29T16:00:00+00:00,42623.1,43298,42495.7,43182.5,53016.474
2024-01-29T17:00:00+00:00,43182.5,43297.6,42911.8,42980.8,20162.863
2024-01-29T18:00:00+00:00,42980.8,43109,42863.4,43012,9526.603
2024-01-29T19:00:00+00:00,43012,43142,42966.4,42986.7,8019.351
2024-01-29T20:00:00+00:00,42986.8,43185.2,42966.5,43127.8,5776.451
2024-01-29T21:00:00+00:00,43127.7,43248,43042.6,43158.4,5841.538
2024-01-29T22:00:00+00:00,43158.4,43193.8,43060.5,43090,3891.631
2024-01-29T23:00:00+00:00,43090,43340.8,43058.5,43287.7,6919.351
2024-01-30T00:00:00+00:00,43287.6,43299.5,43111.3,43146,6820.592
2024-01-30T01:00:00+00:00,43145.9,43573.8,43132.2,43422.1,18584.648
2024-01-30T02:00:00+00:00,43422,43798.2,43422,43598.3,15325.451
2024-01-30T03:00:00+00:00,43598.3,43673.6,43443.1,43502.9,8154.254
2024-01-30T04:00:00+00:00,43502.8,43554.1,43392.7,43407.8,5378.785
2024-01-30T05:00:00+00:00,43407.8,43452.5,43323.3,43351.5,5149.715
2024-01-30T06:00:00+00:00,43351.4,43408,43238,43328,5781.962
2024-01-30T07:00:00+00:00,43328,43430.4,43301.4,43346.6,4892.318
2024-01-30T08:00:00+00:00,43346.7,43449.2,43200.4,43411.6,7367.701
2024-01-30T09:00:00+00:00,43411.7,43444,43300.1,43312.1,3781.019
2024-01-30T10:00:00+00:00,43312,43497.4,43277.7,43464.1,6112.539
2024-01-30T11:00:00+00:00,43464.1,43548,43393.1,43513.4,6450.136
2024-01-30T12:00:00+00:00,43513.3,43888,43237.2,43383.2,32284.348
2024-01-30T13:00:00+00:00,43383.3,43472,43130.5,43271.8,16741.52
2024-01-30T14:00:00+00:00,43271.7,43484,43092,43455,14371.882
2024-01-30T15:00:00+00:00,43455,43625.2,43268,43355.5,16844.654
2024-01-30T16:00:00+00:00,43355.4,43500,43197.7,43488.8,12015.005
2024-01-30T17:00:00+00:00,43488.8,43584.1,43280.6,43378.4,8807.098
2024-01-30T18:00:00+00:00,43378.5,43478.2,43260,43355.1,7955.455
2024-01-30T19:00:00+00:00,43355,43559.1,43321.6,43525.1,5366.629
2024-01-30T20:00:00+00:00,43525.1,43750,43456.2,43541.2,13895.346
2024-01-30T21:00:00+00:00,43541.2,43675.6,43464.5,43528.5,5589.174
2024-01-30T22:00:00+00:00,43528.5,43555.5,43306,43306,4366.661
2024-01-30T23:00:00+00:00,43306,43334.7,42665.6,42918.3,25545.892
2024-01-31T00:00:00+00:00,42918.3,43090,42829.6,42913,13569.059
2024-01-31T01:00:00+00:00,42912.9,42987.3,42705,42770.9,7612.67
2024-01-31T02:00:00+00:00,42770.9,42894.6,42634.3,42865.6,7690.874
2024-01-31T03:00:00+00:00,42865.6,42982.4,42843.9,42918,4462.081
2024-01-31T04:00:00+00:00,42918.1,42987.1,42854.7,42951.5,3402.117
2024-01-31T05:00:00+00:00,42951.5,43035,42907.1,42964.9,4309.243
2024-01-31T06:00:00+00:00,42965,43050,42888.7,42958.2,4320.228
2024-01-31T07:00:00+00:00,42958.3,43075.7,42925.8,43031.6,4009.979
2024-01-31T08:00:00+00:00,43031.5,43077,42921.1,42964.5,4010.956
2024-01-31T09:00:00+00:00,42964.5,42964.5,42600,42638.2,12741.292
2024-01-31T10:00:00+00:00,42638.2,42785,42357,42375.9,18963.295
2024-01-31T11:00:00+00:00,42376,42674.6,42341,42630.2,10773.903
2024-01-31T12:00:00+00:00,42630.2,42714.8,42531.3,42615.6,7476.864
2024-01-31T13:00:00+00:00,42615.5,42923.7,42503.3,42788,15673.578
2024-01-31T14:00:00+00:00,42787.9,42984,42548,42864,16777.808
2024-01-31T15:00:00+00:00,42864.1,43460,42670.9,43341.8,35372.969
2024-01-31T16:00:00+00:00,43341.9,43599.9,43277.3,43459.7,17887.287
2024-01-31T17:00:00+00:00,43459.8,43748.6,43405.1,43705,14994.48
2024-01-31T18:00:00+00:00,43705.1,43744.1,43460.1,43500,10017.146
2024-01-31T19:00:00+00:00,43500,43545.3,43022.3,43316.4,28566.152
2024-01-31T20:00:00+00:00,43316.3,43348.9,42504.5,42534,34941.99
2024-01-31T21:00:00+00:00,42534,42697.2,42257.6,42472.8,20905.487
2024-01-31T22:00:00+00:00,42472.8,42670.5,42361.2,42634.8,8078.415
2024-01-31T23:00:00+00:00,42634.7,42677.1,42539.5,42560.5,6511.237
2024-02-01T00:00:00+00:00,42560.5,42674.9,42201.6,42460.2,12447.683
2024-02-01T01:00:00+00:00,42460.1,42467.5,41866.8,41969.9,23806.144
2024-02-01T02:00:00+00:00,41969.9,42171,41940,42146.6,8880.423
2024-02-01T03:00:00+00:00,42146.5,42177.4,41947,41998,6557.943
2024-02-01T04:00:00+00:00,41998,42133.8,41877,42063.6,7666.001
2024-02-01T05:00:00+00:00,42063.5,42198,42013.4,42148.1,5708.37
2024-02-01T06:00:00+00:00,42148,42226,42112,42185.8,6406.136
2024-02-01T07:00:00+00:00,42185.8,42292.1,42110,42182.2,5691.461
2024-02-01T08:00:00+00:00,42182.3,42246.7,42112.1,42236,4634.536
2024-02-01T09:00:00+00:00,42236,42259.7,42110.7,42141,4467.999
2024-02-01T10:00:00+00:00,42141,42323.6,42100,42214.1,6801.445
2024-02-01T11:00:00+00:00,42214.1,42292.8,42028.8,42075.9,7527.09
2024-02-01T12:00:00+00:00,42075.8,42229.9,41926.3,42134,13236.016
2024-02-01T13:00:00+00:00,42133.9,42281.7,41964,42206,10779.531
2024-02-01T14:00:00+00:00,42206.1,42646.8,42169.8,42635.3,21322.171
2024-02-01T15:00:00+00:00,42635.4,42936.6,42500,42500.1,29748.079
2024-02-01T16:00:00+00:00,42500,42686.6,42350,42641.9,18586.418
2024-02-01T17:00:00+00:00,42641.9,43158,42615,42909.3,25848.15
2024-02-01T18:00:00+00:00,42909.3,43040,42750.5,42830.1,12133.652
2024-02-01T19:00:00+00:00,42830.1,43288,42810,43206.3,14081.46
2024-02-01T20:00:00+00:00,43206.3,43278.4,42875,42991,11016.063
2024-02-01T21:00:00+00:00,42991,43214.8,42948.9,43080,7740.913
2024-02-01T22:00:00+00:00,43080.1,43099.1,42856.1,42915.2,4526.68
2024-02-01T23:00:00+00:00,42915.3,43072.6,42870.3,43072.6,4706.743
2024-02-02T00:00:00+00:00,43072.6,43430,43026.2,43156.1,12819.294
2024-02-02T01:00:00+00:00,43156.1,43282,43080,43106.4,5735.999
2024-02-02T02:00:00+00:00,43106.4,43182.2,43008.4,43064.8,5433.292
2024-02-02T03:00:00+00:00,43064.8,43098.4,43005.6,43018.1,2316.659
2024-02-02T04:00:00+00:00,43018,43049.3,42926.4,42950.7,3788.776
2024-02-02T05:00:00+00:00,42950.7,43129,42930,43091.2,4249.242
2024-02-02T06:00:00+00:00,43091.2,43262.9,43070.8,43149.4,6313.099
2024-02-02T07:00:00+00:00,43149.4,43240.2,43076,43076,6495.937
2024-02-02T08:00:00+00:00,43076,43098.8,42934.4,43003.7,6323.875
2024-02-02T09:00:00+00:00,43003.7,43068.4,42944,42972.1,4107.55
2024-02-02T10:00:00+00:00,42972.1,43131.7,42923.1,43109,5134.974
2024-02-02T11:00:00+00:00,43109.1,43191,43040,43136.8,4585.04
2024-02-02T12:00:00+00:00,43136.9,43228.9,43040,43114.4,7866.066
2024-02-02T13:00:00+00:00,43114.3,43129,42512.7,42671,27650.405
2024-02-02T14:00:00+00:00,42671.1,42892.5,42582.9,42787.9,13845.438
2024-02-02T15:00:00+00:00,42787.8,43250,42734.3,43222.9,22688.379
2024-02-02T16:00:00+00:00,43222.9,43480,43073.2,43193.5,22971.825
2024-02-02T17:00:00+00:00,43193.5,43277,42874,42937,12233.425
2024-02-02T18:00:00+00:00,42938,42970,42756.1,42910.9,9361.902
2024-02-02T19:00:00+00:00,42910.9,43063.9,42903,43044.1,6223.731
2024-02-02T20:00:00+00:00,43044.2,43070,42877,42933.2,5170.915
2024-02-02T21:00:00+00:00,42933.3,43050,42930.8,42976.3,2203.623
2024-02-02T22:00:00+00:00,42976.3,43221,42976.3,43182.4,4973.904
2024-02-02T23:00:00+00:00,43182.5,43220.5,43113.6,43182,3274.224
2024-02-03T00:00:00+00:00,43182,43372.2,43128.1,43213.4,8420.052
2024-02-03T01:00:00+00:00,43213.9,43308.9,43169.9,43200.5,3987.132
2024-02-03T02:00:00+00:00,43200.4,43218,43135.1,43175,2756.311
2024-02-03T03:00:00+00:00,43175,43222,43119.2,43155.3,2806.618
2024-02-03T04:00:00+00:00,43155.3,43207,43133.8,43172.3,1772.227
2024-02-03T05:00:00+00:00,43172.3,43195.5,43070.5,43154.4,3705.702
2024-02-03T06:00:00+00:00,43154.5,43154.5,43060.4,43080.2,2304.114
2024-02-03T07:00:00+00:00,43080.2,43120,43017,43037.1,2603.172
2024-02-03T08:00:00+00:00,43037.1,43077.5,42978.1,43004.2,3419.8
2024-02-03T09:00:00+00:00,43004.2,43110.3,42997,43077.2,3081.806
2024-02-03T10:00:00+00:00,43077.2,43107.8,43017.3,43052.7,2539.202
2024-02-03T11:00:00+00:00,43052.7,43052.8,42950.6,42978,4216.959
2024-02-03T12:00:00+00:00,42977.9,43074.7,42952,43050.8,3521.923
2024-02-03T13:00:00+00:00,43050.9,43080.9,43021.7,43050.1,1772.465
2024-02-03T14:00:00+00:00,43050.2,43064.9,43003.4,43022.1,2034.404
2024-02-03T15:00:00+00:00,43022.1,43181.3,42858.3,43097.4,11289.719
2024-02-03T16:00:00+00:00,43097.5,43175,43053.6,43074.4,3964.371
2024-02-03T17:00:00+00:00,43074.3,43264.3,43072.1,43215.9,6304.869
2024-02-03T18:00:00+00:00,43215.9,43232,43012.5,43055.1,6927.917
2024-02-03T19:00:00+00:00,43055.1,43073,43000,43046.8,2974.891
2024-02-03T20:00:00+00:00,43046.8,43088,42980.1,43047.4,2341.733
2024-02-03T21:00:00+00:00,43047.5,43078.9,43005.3,43030,1145.634
2024-02-03T22:00:00+00:00,43029.9,43066,42990.6,43016.5,1423.367
2024-02-03T23:00:00+00:00,43016.5,43060.2,42925.9,42992.4,4420.832
2024-02-04T00:00:00+00:00,42992.4,43008.4,42871.5,42997,4743.569
2024-02-04T01:00:00+00:00,42996.9,43033,42925,43026.8,2424.11
2024-02-04T02:00:00+00:00,43026.7,43055,42997.5,43001.3,1609.143
2024-02-04T03:00:00+00:00,43001.2,43030.9,43001.2,43015.7,1060.292
2024-02-04T04:00:00+00:00,43015.7,43018.7,42876.8,42902,3587.715
2024-02-04T05:00:00+00:00,42902,42936,42829.8,42875,4188.364
2024-02-04T06:00:00+00:00,42875,42917,42720.3,42729.7,6562.372
2024-02-04T07:00:00+00:00,42729.6,42847,42702.4,42822.9,3831.653
2024-02-04T08:00:00+00:00,42822.8,42829.7,42756.9,42781.6,2477.524
2024-02-04T09:00:00+00:00,42781.6,42973,42721.8,42920.8,6871.415
2024-02-04T10:00:00+00:00,42920.7,42930,42852.9,42927.1,2619.945
2024-02-04T11:00:00+00:00,42927.2,43112.1,42910.9,43041.6,6877.041
2024-02-04T12:00:00+00:00,43041.6,43104.9,42974.3,42974.3,5350.271
2024-02-04T13:00:00+00:00,42974.3,43019,42940.8,42977.2,3023.791
2024-02-04T14:00:00+00:00,42977.2,43003.4,42823.3,42855.3,5670.246
2024-02-04T15:00:00+00:00,42855.3,42943,42820.1,42926.7,4438.244
2024-02-04T16:00:00+00:00,42926.7,42932.6,42861.2,42903.9,2140.746
2024-02-04T17:00:00+00:00,42903.9,42960,42823.2,42884.3,3157.494
2024-02-04T18:00:00+00:00,42884.3,42936,42736.3,42777.8,5846.848
2024-02-04T19:00:00+00:00,42777.8,42807.7,42550,42623.9,12149.066
2024-02-04T20:00:00+00:00,42623.9,42936,42512,42868.7,12186.957
2024-02-04T21:00:00+00:00,42868.8,42977.2,42752.8,42762,5439.046
2024-02-04T22:00:00+00:00,42762,42869.4,42176.7,42554.2,16324.556
2024-02-04T23:00:00+00:00,42554.1,42641.8,42490,42570.3,4841.14
2024-02-05T00:00:00+00:00,42570.3,42615,42333.4,42339.2,8506.594
2024-02-05T01:00:00+00:00,42339.3,42539.5,42235.1,42513.6,8578.346
2024-02-05T02:00:00+00:00,42513.7,42513.7,42361.2,42436,4431.626
2024-02-05T03:00:00+00:00,42436,42722,42429.3,42708,6159.92
2024-02-05T04:00:00+00:00,42707.9,42826,42650.1,42740.1,6913.181
2024-02-05T05:00:00+00:00,42740,42767.8,42622.8,42767.8,5029.491
2024-02-05T06:00:00+00:00,42767.7,42836,42682.9,42807.7,5197.285
2024-02-05T07:00:00+00:00,42807.8,43168.4,42775.3,43059,17085.231
2024-02-05T08:00:00+00:00,43058.9,43187.6,42970.9,43023.5,9799.343
2024-02-05T09:00:00+00:00,43023.5,43055.5,42936,43028.4,4555.023
2024-02-05T10:00:00+00:00,43028.4,43264.2,43028.4,43129.9,11777.045
2024-02-05T11:00:00+00:00,43129.9,43194.7,43066,43180.8,4370.606
2024-02-05T12:00:00+00:00,43180.8,43287.8,43104,43240.2,5828.577
2024-02-05T13:00:00+00:00,43240.1,43580,43200.9,43434.7,20862.946
2024-02-05T14:00:00+00:00,43434.6,43486.2,43131,43184.4,12271.792
2024-02-05T15:00:00+00:00,43184.4,43184.5,42580,42629.7,33834.851
2024-02-05T16:00:00+00:00,42629.7,42768.6,42470.2,42727.5,20017.966
2024-02-05T17:00:00+00:00,42727.5,42829.6,42645.1,42714.9,7471.975
2024-02-05T18:00:00+00:00,42714.8,42733.9,42550,42724.4,6652.575
2024-02-05T19:00:00+00:00,42724.4,42873.2,42694.4,42757.4,5919.95
2024-02-05T20:00:00+00:00,42757.4,42789.1,42313.3,42419.6,16721.772
2024-02-05T21:00:00+00:00,42419.5,42546.2,42350,42368.5,7268.391
2024-02-05T22:00:00+00:00,42368.5,42517.1,42311.2,42480.9,4846.724
2024-02-05T23:00:00+00:00,42481,42713,42441.2,42692.9,6554.339
2024-02-06T00:00:00+00:00,42692.9,42720,42577,42592.4,4907.924
2024-02-06T01:00:00+00:00,42592.4,42767.3,42559.8,42650.5,5278.189
2024-02-06T02:00:00+00:00,42650.5,42927.7,42628.2,42829.2,8840.572
2024-02-06T03:00:00+00:00,42829.3,42941.1,42748.6,42829.8,5467.935
2024-02-06T04:00:00+00:00,42829.9,42911,42760.2,42809.1,4495.133
2024-02-06T05:00:00+00:00,42809,42828.5,42731,42764.2,4047.454
2024-02-06T06:00:00+00:00,42764.2,42782.2,42634.1,42763.7,4908.337
2024-02-06T07:00:00+00:00,42763.7,42898.3,42728.6,42870,5348.165
2024-02-06T08:00:00+00:00,42870,43080,42866,43058.5,13982.483
2024-02-06T09:00:00+00:00,43058.5,43110,42931.2,42980.2,7151.022
2024-02-06T10:00:00+00:00,42980.1,43096.7,42650.7,42784.2,15648.151
2024-02-06T11:00:00+00:00,42783.6,42843.6,42683,42814.3,7303.755
2024-02-06T12:00:00+00:00,42814.3,42890.3,42631,42777,10963.951
2024-02-06T13:00:00+00:00,42777,42999.8,42716.6,42862.5,10379.238
2024-02-06T14:00:00+00:00,42862.6,43077.8,42795,42924.1,9904.967
2024-02-06T15:00:00+00:00,42924.1,43266.4,42887,43232,18609.89
2024-02-06T16:00:00+00:00,43232,43378.8,43135,43144.2,18684.959
2024-02-06T17:00:00+00:00,43144.2,43259.5,43085.6,43163.9,6701.016
2024-02-06T18:00:00+00:00,43164,43241.9,42980.8,43181.6,8144.962
2024-02-06T19:00:00+00:00,43181.5,43289.2,43101,43261.7,5568.185
2024-02-06T20:00:00+00:00,43261.7,43312.3,43055,43075.7,6390.604
2024-02-06T21:00:00+00:00,43075.7,43259,43042,43149,5006.435
2024-02-06T22:00:00+00:00,43149.1,43206.8,43100.8,43188.7,2646.286
2024-02-06T23:00:00+00:00,43188.7,43209.9,43000.2,43079.1,5778.03
2024-02-07T00:00:00+00:00,43079.1,43179.6,43030,43078.9,3735.704
2024-02-07T01:00:00+00:00,43078.8,43173.7,43021.2,43028.2,3339.213
2024-02-07T02:00:00+00:00,43028.2,43087.1,42973.8,43029.3,3146.063
2024-02-07T03:00:00+00:00,43029.4,43032.1,42763.4,42783,10366.902
2024-02-07T04:00:00+00:00,42783.1,42931,42775,42906.5,5981.235
2024-02-07T05:00:00+00:00,42906.6,43035.7,42860.7,43009.9,4965.91
2024-02-07T06:00:00+00:00,43009.8,43014.9,42870,42949.8,3819.938
2024-02-07T07:00:00+00:00,42949.7,42988.9,42879.4,42904.8,2503.965
2024-02-07T08:00:00+00:00,42904.9,42958.4,42852.9,42929.9,2816.99
2024-02-07T09:00:00+00:00,42929.9,43191.2,42880.9,43128.9,8726.153
2024-02-07T10:00:00+00:00,43128.9,43138.2,42813.6,42882.5,9523.617
2024-02-07T11:00:00+00:00,42882.6,42971.9,42850,42917.4,5421.338
2024-02-07T12:00:00+00:00,42917.3,43080,42864.8,43056.5,6038.35
2024-02-07T13:00:00+00:00,43056.5,43163,43017.9,43121.4,6930.04
2024-02-07T14:00:00+00:00,43121.4,43314.9,42910,43011.1,20568.127
2024-02-07T15:00:00+00:00,43011.2,43180.9,42900,43057.8,10914.662
2024-02-07T16:00:00+00:00,43057.7,43235.7,42992.2,43224.9,9292.49
2024-02-07T17:00:00+00:00,43225,43708.2,43208.8,43488.6,36071.73
2024-02-07T18:00:00+00:00,43488.6,43665.6,43444,43639,11655.16
2024-02-07T19:00:00+00:00,43639,43691.8,43414.6,43596.1,8931.249
2024-02-07T20:00:00+00:00,43596.2,44255,43596.1,44113.4,41298.641
2024-02-07T21:00:00+00:00,44113.4,44388,44100,44174.7,20926.18
2024-02-07T22:00:00+00:00,44174.8,44334.5,44112.4,44145.6,8217.009
2024-02-07T23:00:00+00:00,44145.7,44348,44135.4,44326.2,6867.042
2024-02-08T00:00:00+00:00,44326.3,44750,44306.8,44656.7,28624.646
2024-02-08T01:00:00+00:00,44656.7,44678.8,44450,44628.6,10033.486
2024-02-08T02:00:00+00:00,44628.7,44795.1,44511.6,44628.5,10687.326
2024-02-08T03:00:00+00:00,44628.6,44707.7,44511,44523.6,7664.814
2024-02-08T04:00:00+00:00,44523.5,44591.1,44458.3,44471.3,4862.012
2024-02-08T05:00:00+00:00,44471.4,44618.8,44470,44537.3,4913.756
2024-02-08T06:00:00+00:00,44537.4,44561.1,44423.6,44449.9,4353.984
2024-02-08T07:00:00+00:00,44450,44534.4,44405,44500.8,4219.388
2024-02-08T08:00:00+00:00,44500.8,44729.4,44496.5,44695.5,8793.67
2024-02-08T09:00:00+00:00,44695.6,44771.4,44588,44666.5,7506.771
2024-02-08T10:00:00+00:00,44666.4,44850,44659.6,44805.9,13685.663
2024-02-08T11:00:00+00:00,44805.8,44884.3,44660.6,44677.9,10042.883
2024-02-08T12:00:00+00:00,44677.9,44826.3,44580.4,44676.9,7848.457
2024-02-08T13:00:00+00:00,44676.9,44998.8,44664.2,44971.7,14614.086
2024-02-08T14:00:00+00:00,44971.7,45240,44849,45058.7,37082.297
2024-02-08T15:00:00+00:00,45058.7,45450,44920.1,45406.3,32406.832
2024-02-08T16:00:00+00:00,45406.4,45488,44887.4,45045,24040.657
2024-02-08T17:00:00+00:00,45045,45229,44878,45027.3,15517.234
2024-02-08T18:00:00+00:00,45027.4,45300,44970,45283.4,7937.559
2024-02-08T19:00:00+00:00,45283.5,45428,45207.4,45260.1,9053.954
2024-02-08T20:00:00+00:00,45260.2,45600,45241.9,45471.9,19032.18
2024-02-08T21:00:00+00:00,45471.8,45486,45250,45298.3,7222.504
2024-02-08T22:00:00+00:00,45298.2,45385.7,45200,45256.5,4514.651
2024-02-08T23:00:00+00:00,45256.5,45386.8,45235.5,45269.1,5079.478
2024-02-09T00:00:00+00:00,45269.2,45380,45218.1,45264.9,5795.947
2024-02-09T01:00:00+00:00,45264.9,45497,45251.3,45473.9,5553.778
2024-02-09T02:00:00+00:00,45473.9,46399.4,45412.8,46272.9,42377.435
2024-02-09T03:00:00+00:00,46272.8,46444,46014.8,46046.5,19259.269
2024-02-09T04:00:00+00:00,46046.5,46138.8,45830.1,45942.3,12475.55
2024-02-09T05:00:00+00:00,45942.4,46265,45914.9,46244.9,10350.429
2024-02-09T06:00:00+00:00,46244.9,46249.7,46112.8,46180.1,7340.848
2024-02-09T07:00:00+00:00,46180.2,46424.4,46166,46185.1,14180.673
2024-02-09T08:00:00+00:00,46185.1,46677.3,46183.4,46632.2,21644.272
2024-02-09T09:00:00+00:00,46632.2,46745.4,46465.8,46497.7,19249.621
2024-02-09T10:00:00+00:00,46497.8,46796.8,46493.3,46760,11295.983
2024-02-09T11:00:00+00:00,46758.3,47290,46650.1,47155.9,40553.023
2024-02-09T12:00:00+00:00,47155.9,47688.3,47104.2,47309.4,50415.817
2024-02-09T13:00:00+00:00,47309.5,47633,47224,47446,19003.642
2024-02-09T14:00:00+00:00,47446,47699.5,46638.6,47046.6,63256.43
2024-02-09T15:00:00+00:00,47046.6,47269.1,46724.6,47136.9,29491.257
2024-02-09T16:00:00+00:00,47137,47495.1,47110.3,47254.4,19053.334
2024-02-09T17:00:00+00:00,47254.5,47638.9,47193.9,47624,18865.519
2024-02-09T18:00:00+00:00,47624,48230.3,47461.5,47583,52426.632
2024-02-09T19:00:00+00:00,47583.1,47646.8,47238.9,47486.2,19966.78
2024-02-09T20:00:00+00:00,47486.3,47671.7,47433.2,47487.3,12889.841
2024-02-09T21:00:00+00:00,47487.5,47577.8,47271.2,47482.1,9223.025
2024-02-09T22:00:00+00:00,47482.1,47538,47020.1,47255.3,8581.106
2024-02-09T23:00:00+00:00,47255.3,47270.9,47040.6,47116.1,6669.208
2024-02-10T00:00:00+00:00,47116.1,47239,47025.6,47073.6,7030.106
2024-02-10T01:00:00+00:00,47073.6,47348,47041.8,47280,8497.763
2024-02-10T02:00:00+00:00,47280.1,47331.1,47251.2,47292.6,3059.153
2024-02-10T03:00:00+00:00,47292.6,47489.9,47292.6,47366.9,6329.288
2024-02-10T04:00:00+00:00,47366.9,47418.3,47288.9,47390.7,3630.407
2024-02-10T05:00:00+00:00,47390.6,47410.9,47240.4,47313.6,3385.253
2024-02-10T06:00:00+00:00,47313.7,47337.2,47242.6,47337.2,2934.053
2024-02-10T07:00:00+00:00,47337.1,47341,47125,47130.5,4331.392
2024-02-10T08:00:00+00:00,47130.6,47258.3,47051,47074.7,5679.019
2024-02-10T09:00:00+00:00,47074.7,47216.5,47035.1,47052.1,6118.479
2024-02-10T10:00:00+00:00,47052.1,47159.3,46840.6,46872.6,12479.645
2024-02-10T11:00:00+00:00,46872.6,47190.2,46836.4,47172.8,10328.033
2024-02-10T12:00:00+00:00,47172.7,47252.4,47130,47209.1,6865.396
2024-02-10T13:00:00+00:00,47209.1,47377,47083.8,47286,9615.977
2024-02-10T14:00:00+00:00,47286,47364,47222.6,47252.7,4225.971
2024-02-10T15:00:00+00:00,47252.8,47346,47231.4,47332,3553.839
2024-02-10T16:00:00+00:00,47331.9,47335,47173.3,47239.4,3878.914
2024-02-10T17:00:00+00:00,47239.4,47330.7,47139,47180.8,4554.723
2024-02-10T18:00:00+00:00,47180.8,47329.2,47167.5,47320,3712.926
2024-02-10T19:00:00+00:00,47320,47650,47286.3,47511.2,13896.644
2024-02-10T20:00:00+00:00,47511.3,48189.6,47436.9,47864.5,24208.754
2024-02-10T21:00:00+00:00,47864.5,48147.3,47762.1,47934.2,14446.252
2024-02-10T22:00:00+00:00,47934.1,47945.7,47579.4,47818.9,10420.533
2024-02-10T23:00:00+00:00,47818.8,47936.4,47686.6,47732.6,6444.084
2024-02-11T00:00:00+00:00,47732.6,47767.9,47595.6,47721.6,5922.841
2024-02-11T01:00:00+00:00,47721.5,47753.8,47539.4,47620,6161.941
2024-02-11T02:00:00+00:00,47620,47771.9,47620,47761.2,4102.705
2024-02-11T03:00:00+00:00,47761.1,48571.4,47761.1,48517.1,32820.418
2024-02-11T04:00:00+00:00,48517.6,48600,48252.6,48288.8,13366.11
2024-02-11T05:00:00+00:00,48288.8,48337.3,48105.1,48217.2,8051.801
2024-02-11T06:00:00+00:00,48217.3,48300,48113.6,48215.5,6460.637
2024-02-11T07:00:00+00:00,48215.6,48349.4,48048.2,48169.6,9085.31
2024-02-11T08:00:00+00:00,48169.5,48275.2,48060.8,48128.5,5809.349
2024-02-11T09:00:00+00:00,48128.5,48222.2,48088.7,48135.1,4051.119
2024-02-11T10:00:00+00:00,48135.1,48186,47912.1,48144,8492.127
2024-02-11T11:00:00+00:00,48143.9,48439.5,48131,48403.7,11126.682
2024-02-11T12:00:00+00:00,48403.7,48469.3,48234.2,48277.5,9527.452
2024-02-11T13:00:00+00:00,48277.6,48346.4,48006.6,48053.3,12027.65
2024-02-11T14:00:00+00:00,48053.2,48240,47914.1,48226.9,10639.66
2024-02-11T15:00:00+00:00,48226.9,48230.9,48022.5,48140.8,5419.248
2024-02-11T16:00:00+00:00,48140.7,48203.4,47938,48099.6,8260.793
2024-02-11T17:00:00+00:00,48099.6,48399.8,48099.5,48289.2,9081.35
2024-02-11T18:00:00+00:00,48289.1,48356.7,48004,48272.6,8986.291
2024-02-11T19:00:00+00:00,48272.7,48401.1,48233.5,48282.4,4634.724
2024-02-11T20:00:00+00:00,48282.3,48379.9,47967.8,48020.2,9617.459
2024-02-11T21:00:00+00:00,48020.2,48136.1,47961,48118.3,5643.28
2024-02-11T22:00:00+00:00,48118.3,48234.2,48082.1,48140,4352.65
2024-02-11T23:00:00+00:00,48139.9,48320,48010.6,48303.4,6310.029
2024-02-12T00:00:00+00:00,48303.4,48846,48226.9,48612.9,24890.508
2024-02-12T01:00:00+00:00,48612.9,48616,48330.9,48479.7,10010.592
2024-02-12T02:00:00+00:00,48479.7,48542.4,48001,48145.5,12493.652
2024-02-12T03:00:00+00:00,48145.5,48227.5,48057.6,48138.6,5343.677
2024-02-12T04:00:00+00:00,48138.7,48138.7,48012,48068,4522.526
2024-02-12T05:00:00+00:00,48068,48185,48054.8,48063.7,3711.59
2024-02-12T06:00:00+00:00,48063.7,48178,47702,48147.2,14628.179
2024-02-12T07:00:00+00:00,48147.2,48389.6,48120,48213,12168.119
2024-02-12T08:00:00+00:00,48213,48323.1,48079.7,48113.9,7509.535
2024-02-12T09:00:00+00:00,48113.9,48131.1,47823.8,47887,10269.736
2024-02-12T10:00:00+00:00,47886.8,48078,47711,47869.1,12945.66
2024-02-12T11:00:00+00:00,47869.1,47929.8,47750.1,47906,7239.045
2024-02-12T12:00:00+00:00,47905.9,48044,47841.6,48038,5601.25
2024-02-12T13:00:00+00:00,48037.9,48055,47892.9,47948.8,4655.991
2024-02-12T14:00:00+00:00,47948.9,48822.8,47924.9,48815,32243.942
2024-02-12T15:00:00+00:00,48813.9,49965.3,48680,49925.4,99334.753
2024-02-12T16:00:00+00:00,49925.5,49966,49411.6,49594.5,44833.006
2024-02-12T17:00:00+00:00,49594.4,50413.2,49558.9,49868.1,60359.796
2024-02-12T18:00:00+00:00,49868.1,50018.6,49672.1,49753.5,15437.399
2024-02-12T19:00:00+00:00,49753.6,49963.3,49501.2,49545.9,15269.953
2024-02-12T20:00:00+00:00,49545.9,50265.2,49545.8,50177.6,18380.809
2024-02-12T21:00:00+00:00,50177.5,50293.9,49817.8,49835.3,15603.326
2024-02-12T22:00:00+00:00,49835.4,50097.8,49833.5,50040,6568.818
2024-02-12T23:00:00+00:00,50040,50071.7,49881,49943.6,6873.34
2024-02-13T00:00:00+00:00,49943.6,50191.3,49919,50125,8723.976
2024-02-13T01:00:00+00:00,50125,50428.8,50000.7,50161.8,14399.7
2024-02-13T02:00:00+00:00,50161.7,50180.3,49850.2,49969.3,9067.616
2024-02-13T03:00:00+00:00,49969.2,49984.3,49754.4,49813.8,8384.175
2024-02-13T04:00:00+00:00,49813.9,49998,49810,49922.5,5027.72
2024-02-13T05:00:00+00:00,49922.5,50079.4,49833.6,50072.3,5857.216
2024-02-13T06:00:00+00:00,50072.3,50127,49979,50027.8,5347.126
2024-02-13T07:00:00+00:00,50027.7,50143.6,49912.3,50019.9,7067.632
2024-02-13T08:00:00+00:00,50019.8,50199.1,49990,50151.6,6726.962
2024-02-13T09:00:00+00:00,50151.6,50290,50042.3,50237.7,9625.29
2024-02-13T10:00:00+00:00,50237.6,50264.7,49853,49877.4,12489.129
2024-02-13T11:00:00+00:00,49877.4,50038,49651,50004,18576.337
2024-02-13T12:00:00+00:00,50003.9,50009.3,49803,49877.8,7287.357
2024-02-13T13:00:00+00:00,49877.7,49949.8,49192.5,49543.2,43457.753
2024-02-13T14:00:00+00:00,49543.1,49670,48356,48711.2,77368.522
2024-02-13T15:00:00+00:00,48711.2,49042.4,48450,48753.1,34445.801
2024-02-13T16:00:00+00:00,48753.2,48878.8,48475.7,48497.6,17607.38
2024-02-13T17:00:00+00:00,48498.2,48906,48301,48854.2,23437.314
2024-02-13T18:00:00+00:00,48854.2,49279.3,48835,49117.1,17632.704
2024-02-13T19:00:00+00:00,49117.1,49263.6,48919.3,49044.9,9469.067
2024-02-13T20:00:00+00:00,49045,49520.1,49016.2,49395.4,14167.851
2024-02-13T21:00:00+00:00,49395.4,49750,49339,49531.9,12631.295
2024-02-13T22:00:00+00:00,49531.9,49634,49318.9,49518.5,5976.071
2024-02-13T23:00:00+00:00,49518.5,49783.5,49355.2,49696.4,7574.091
2024-02-14T00:00:00+00:00,49696.4,49717.3,49376,49486.2,8041.318
2024-02-14T01:00:00+00:00,49486.2,49529.2,49320.9,49436,5153.867
2024-02-14T02:00:00+00:00,49436.1,49568.8,49379.6,49495.5,3445.425
2024-02-14T03:00:00+00:00,49495.5,49629.4,49472.4,49524.4,4192.502
2024-02-14T04:00:00+00:00,49524.5,49598.7,49215.7,49396.6,8053.776
2024-02-14T05:00:00+00:00,49396.6,49648.7,49396.5,49551.1,5742.584
2024-02-14T06:00:00+00:00,49551.1,49666,49516.1,49642.7,3630.907
2024-02-14T07:00:00+00:00,49642.6,49900,49629.5,49845,11634.649
2024-02-14T08:00:00+00:00,49844.9,50880,49742.4,50801.7,32233.651
2024-02-14T09:00:00+00:00,50801.6,51761.7,50632.6,51568.3,67345.636
2024-02-14T10:00:00+00:00,51568.3,51608,51249.8,51330.6,20001.134
2024-02-14T11:00:00+00:00,51330.6,51829.1,51026.5,51601.2,27224.335
2024-02-14T12:00:00+00:00,51601.1,51888,51454.9,51611,25431.304
2024-02-14T13:00:00+00:00,51611.1,51856.1,51541,51820.1,13080.134
2024-02-14T14:00:00+00:00,51820,52100,51586,51939.9,34380.162
2024-02-14T15:00:00+00:00,51939.9,52034.5,51302,51616.4,40324.308
2024-02-14T16:00:00+00:00,51616.5,51777,51217.7,51603.7,25985.082
2024-02-14T17:00:00+00:00,51603.6,51759.5,51499.8,51684.5,8127.469
2024-02-14T18:00:00+00:00,51684.5,51710.6,51403,51471.7,8761.044
2024-02-14T19:00:00+00:00,51471.8,51712,51220,51707.5,13139.331
2024-02-14T20:00:00+00:00,51707.5,51898.1,51652.4,51708.3,11744.303
2024-02-14T21:00:00+00:00,51708.3,51814.3,51483,51751.2,7262.842
2024-02-14T22:00:00+00:00,51751.3,51844,51628.6,51816.1,3846.544
2024-02-14T23:00:00+00:00,51816.1,51924.7,51749.1,51823.2,6409.484
2024-02-15T00:00:00+00:00,51823.1,52568.3,51785.9,52355.2,33374.576
2024-02-15T01:00:00+00:00,52355.2,52385.9,51732.6,51928.1,21280.347
2024-02-15T02:00:00+00:00,51928.2,52261,51890,52084.9,12034.513
2024-02-15T03:00:00+00:00,52084.9,52434.3,52063.8,52379.9,9063.798
2024-02-15T04:00:00+00:00,52379.9,52400.1,52150,52180,8229.44
2024-02-15T05:00:00+00:00,52180,52275.1,51836.4,51982.9,9870.094
2024-02-15T06:00:00+00:00,51982.9,52125.6,51860.9,52003.6,8080.807
2024-02-15T07:00:00+00:00,52003.7,52140,51651,51802.4,14048.524
2024-02-15T08:00:00+00:00,51802.5,52022.4,51666,51960.1,9233.528
2024-02-15T09:00:00+00:00,51960,52313.4,51910,52199.2,12452.566
2024-02-15T10:00:00+00:00,52199.2,52388,52126.4,52313.1,10737.814
2024-02-15T11:00:00+00:00,52313.1,52549.5,52178.2,52359.1,14502.333
2024-02-15T12:00:00+00:00,52359,52536,52101,52357.3,17211.452
2024-02-15T13:00:00+00:00,52357.3,52385.1,52105,52247,12607.836
2024-02-15T14:00:00+00:00,52247,52859,52100.1,52644.5,39493.212
2024-02-15T15:00:00+00:00,52644.4,52688,51750,51968.7,47684.391
2024-02-15T16:00:00+00:00,51968.6,52419.1,51764.1,52295.3,25824.223
2024-02-15T17:00:00+00:00,52295.2,52349.3,51880,51909.5,13579.57
2024-02-15T18:00:00+00:00,51909.6,52092.3,51856.4,52003.9,8736.225
2024-02-15T19:00:00+00:00,52003.8,52079.3,51658,52022,14482.271
2024-02-15T20:00:00+00:00,52022.1,52035.3,51570.1,51703.6,14650.64
2024-02-15T21:00:00+00:00,51703.6,51826.8,51334.9,51349.1,16730.11
2024-02-15T22:00:00+00:00,51349.1,51865,51338.4,51668.8,10853.557
2024-02-15T23:00:00+00:00,51668.7,51998.7,51644.4,51898.5,7962.776
2024-02-16T00:00:00+00:00,51898.4,52048.5,51824.5,51935.9,5812.522
2024-02-16T01:00:00+00:00,51936,52232,51889.8,51972.5,8297.901
2024-02-16T02:00:00+00:00,51972.5,52247.4,51872,52193.5,6895.531
2024-02-16T03:00:00+00:00,52193.5,52376.1,52120,52309.9,10830.663
2024-02-16T04:00:00+00:00,52309.8,52372.6,52150,52152.9,6224.227
2024-02-16T05:00:00+00:00,52152.9,52234.1,52039.7,52099.5,5714.175
2024-02-16T06:00:00+00:00,52099.4,52207.2,51870,51930,7183.804
2024-02-16T07:00:00+00:00,51929.9,52006.6,51758,51786.4,10859.086
2024-02-16T08:00:00+00:00,51786.4,52066.2,51750,51883.9,11240.37
2024-02-16T09:00:00+00:00,51883.9,52031.2,51611.7,51872,13185.127
2024-02-16T10:00:00+00:00,51871.9,52330.1,51824.2,52329.9,11715.482
2024-02-16T11:00:00+00:00,52329.9,52470.6,52196.2,52241.1,14596.179
2024-02-16T12:00:00+00:00,52241.2,52440,52125,52416.8,9422.552
2024-02-16T13:00:00+00:00,52416.8,52550.9,52160,52494.7,16542.903
2024-02-16T14:00:00+00:00,52494.7,52623,51792.9,51952.1,37206.777
2024-02-16T15:00:00+00:00,51952,51956,51623.2,51909.3,24553.788
2024-02-16T16:00:00+00:00,51909.2,52284.3,51867.2,52066.3,17072.928
2024-02-16T17:00:00+00:00,52066.3,52098.3,51825.6,52047.2,9358.727
2024-02-16T18:00:00+00:00,52047.2,52071.2,51840.6,52002.2,6077.092
2024-02-16T19:00:00+00:00,52002.2,52067.2,51665.4,51780.2,8026.297
2024-02-16T20:00:00+00:00,51780.2,51923.8,51697.3,51852.9,7152.691
2024-02-16T21:00:00+00:00,51852.8,52037,51778.5,52002.5,3592.991
2024-02-16T22:00:00+00:00,52002.6,52024.5,51901,52004.2,2399.627
2024-02-16T23:00:00+00:00,52004.2,52245.1,51971.7,52148.6,5858.353
2024-02-17T00:00:00+00:00,52148.7,52192.8,52024.8,52030.5,3904.18
2024-02-17T01:00:00+00:00,52030.5,52054.4,51870,51993.3,4231.663
2024-02-17T02:00:00+00:00,51993.4,52045.9,51900.2,51960.4,2847.884
2024-02-17T03:00:00+00:00,51960.3,51999,51916.8,51993.6,1613.72
2024-02-17T04:00:00+00:00,51993.6,52093.2,51951.3,52037.6,2432.671
2024-02-17T05:00:00+00:00,52037.6,52047.4,51811,51948.4,4616.173
2024-02-17T06:00:00+00:00,51948.4,51980,51909.3,51950,1901.462
2024-02-17T07:00:00+00:00,51950,51998.4,51926.4,51933.9,2206.091
2024-02-17T08:00:00+00:00,51933.9,51934,51725.2,51764.2,7699.073
2024-02-17T09:00:00+00:00,51764.3,51827.4,51670.8,51705.1,8300.197
2024-02-17T10:00:00+00:00,51705.1,51765,51521.4,51758.1,13674.519
2024-02-17T11:00:00+00:00,51758,51849.1,51700.8,51723.7,5583.13
2024-02-17T12:00:00+00:00,51723.7,51777,51588,51749.8,5443.481
2024-02-17T13:00:00+00:00,51749.8,51752.3,51119.9,51221.1,32416.436
2024-02-17T14:00:00+00:00,51221.1,51368.2,50647.5,50881.9,37005.7
2024-02-17T15:00:00+00:00,50881.9,51222.6,50672,51013.4,18198.214
2024-02-17T16:00:00+00:00,51013.4,51061.3,50770.8,50980.8,9690.943
2024-02-17T17:00:00+00:00,50980.7,51306.7,50976.1,51245.9,11048.947
2024-02-17T18:00:00+00:00,51246,51329.9,51170.2,51295.1,4613.334
2024-02-17T19:00:00+00:00,51295.2,51482.4,51258.4,51428.8,7464.02
2024-02-17T20:00:00+00:00,51428.2,51599,51331,51543.3,5596.573
2024-02-17T21:00:00+00:00,51543.3,52109,51472,51838.2,21640.165
2024-02-17T22:00:00+00:00,51838.1,51918,51613.6,51743,6343.291
2024-02-17T23:00:00+00:00,51743,51774.4,51619.9,51679.4,3870.138
2024-02-18T00:00:00+00:00,51679.5,51809,51569.8,51710.4,5830.453
2024-02-18T01:00:00+00:00,51710.3,51841.4,51505.3,51561.8,6242.621
2024-02-18T02:00:00+00:00,51561.7,51584.7,51178,51306.8,10522.105
2024-02-18T03:00:00+00:00,51306.7,51518,51291.7,51518,5300.312
2024-02-18T04:00:00+00:00,51518,51680,51510.6,51597.1,5268.81
2024-02-18T05:00:00+00:00,51597.2,51730,51573,51688.6,4127.305
2024-02-18T06:00:00+00:00,51688.6,51737.3,51435.1,51547.7,5203.849
2024-02-18T07:00:00+00:00,51547.7,51785.2,51475,51703.7,6466.949
2024-02-18T08:00:00+00:00,51703.7,51833,51677.5,51818.3,4214.529
2024-02-18T09:00:00+00:00,51818.2,52050.1,51816.4,52007,11089.59
2024-02-18T10:00:00+00:00,52007,52107.3,51807.8,51868.5,7525.162
2024-02-18T11:00:00+00:00,51868.5,51873.6,51700,51861.1,5867.184
2024-02-18T12:00:00+00:00,51861.1,51910.2,51563.3,51592.6,8087.729
2024-02-18T13:00:00+00:00,51592.6,51730,51569,51657,5693.248
2024-02-18T14:00:00+00:00,51657.1,51985.9,51657.1,51919.3,7905.436
2024-02-18T15:00:00+00:00,51919.2,51928,51753.3,51808.9,5479.426
2024-02-18T16:00:00+00:00,51809,51917.3,51670.1,51873,5567.7
2024-02-18T17:00:00+00:00,51873,52013.5,51814.8,51875.4,6632.216
2024-02-18T18:00:00+00:00,51875.3,51875.4,51679.9,51825,4552.449
2024-02-18T19:00:00+00:00,51825,51917.1,51732.9,51791.5,4019.225
2024-02-18T20:00:00+00:00,51791.6,51825.9,51616.5,51818,4423.59
2024-02-18T21:00:00+00:00,51818.1,51961.4,51786,51894.5,3433.564
2024-02-18T22:00:00+00:00,51894.6,52450,51856,52285.4,20616.025
2024-02-18T23:00:00+00:00,52285.4,52406.5,52010,52175.9,12566.949
2024-02-19T00:00:00+00:00,52175.9,52490,52135.9,52220,10634.32
2024-02-19T01:00:00+00:00,52219.9,52229.3,51933.1,52128.9,7074.774
2024-02-19T02:00:00+00:00,52128.9,52255.9,52126.1,52187.9,4364.462
2024-02-19T03:00:00+00:00,52187.9,52200.1,52012.8,52104,3594.495
2024-02-19T04:00:00+00:00,52104,52260,52046.6,52139.1,4545.163
2024-02-19T05:00:00+00:00,52139.2,52195.5,52023.4,52168.9,4260.856
2024-02-19T06:00:00+00:00,52168.9,52524,52168.9,52428,14674.71
2024-02-19T07:00:00+00:00,52428,52532.9,52327.4,52423.9,6785.25
2024-02-19T08:00:00+00:00,52424,52446,52088.7,52121.5,9108.186
2024-02-19T09:00:00+00:00,52121.5,52395,52121.4,52290.9,6662.961
2024-02-19T10:00:00+00:00,52291,52495,52189.2,52380,9260.386
2024-02-19T11:00:00+00:00,52380,52473.1,52316.3,52375.9,4982.775
2024-02-19T12:00:00+00:00,52375.9,52509.1,52260,52308.1,8681.05
2024-02-19T13:00:00+00:00,52308.1,52407.4,52140,52176.1,9706.526
2024-02-19T14:00:00+00:00,52176.1,52236.8,52051,52126.5,9217.859
2024-02-19T15:00:00+00:00,52126.5,52390,52052.9,52157.5,9639.155
2024-02-19T16:00:00+00:00,52157.5,52270,51688.8,51809.1,17886.595
2024-02-19T17:00:00+00:00,51809.1,52247.8,51718.1,52188.4,15582.407
2024-02-19T18:00:00+00:00,52188.4,52245.2,51942.5,51959.1,8623.615
2024-02-19T19:00:00+00:00,51959.2,51971.7,51808.9,51851.6,7250.423
2024-02-19T20:00:00+00:00,51851.6,51974,51785.6,51832,5070.72
2024-02-19T21:00:00+00:00,51832.1,51943.9,51722,51925.6,5476.362
2024-02-19T22:00:00+00:00,51925.6,52148.6,51889,51971.8,6793.374
2024-02-19T23:00:00+00:00,51971.7,52051.9,51740,51813.8,6511.554
2024-02-20T00:00:00+00:00,51813.7,51872.2,51503,51670.3,12024.025
2024-02-20T01:00:00+00:00,51670.3,51743.8,51330.5,51667.1,13607.401
2024-02-20T02:00:00+00:00,51667.1,51800,51580,51748.5,5777.321
2024-02-20T03:00:00+00:00,51748.4,51844,51602,51608.9,4186.925
2024-02-20T04:00:00+00:00,51608.8,51850,51533.1,51816.1,6708.214
2024-02-20T05:00:00+00:00,51816.2,52036.9,51782,51941.3,7524.726
2024-02-20T06:00:00+00:00,51941.3,52077,51932,51984,5145.397
2024-02-20T07:00:00+00:00,51983.9,52006,51815.6,51869.2,5369.556
2024-02-20T08:00:00+00:00,51869.2,51921.9,51610.9,51810.6,9722.138
2024-02-20T09:00:00+00:00,51810.5,51867.2,51584.9,51792.8,11546.451
2024-02-20T10:00:00+00:00,51792.7,52168.6,51792.7,52157.2,14150.596
2024-02-20T11:00:00+00:00,52157.2,52443.7,52157.1,52325.8,18916.937
2024-02-20T12:00:00+00:00,52325.9,52431.2,52160,52217.3,11160.912
2024-02-20T13:00:00+00:00,52217.4,53090.9,52176.8,52890,45485.05
2024-02-20T14:00:00+00:00,52889.9,52913,51777,52079.2,58065.786
2024-02-20T15:00:00+00:00,52079.3,52118.1,51367.6,51712.7,36564.341
2024-02-20T16:00:00+00:00,51712.7,51821.6,51388.6,51429,15409.471
2024-02-20T17:00:00+00:00,51428.9,51429,50788,51346.4,37442.394
2024-02-20T18:00:00+00:00,51346.5,51568.3,51260.1,51535,10812.369
2024-02-20T19:00:00+00:00,51535,52166.2,51454.2,52131.3,18826.322
2024-02-20T20:00:00+00:00,52131.2,52244,51980,52016.4,12997.683
2024-02-20T21:00:00+00:00,52016.5,52197.1,51918,52052.1,6928.854
2024-02-20T22:00:00+00:00,52052,52355,52028,52194.3,5849.079
2024-02-20T23:00:00+00:00,52194.4,52561.8,52187.6,52297.4,14691.116
2024-02-21T00:00:00+00:00,52297.3,52402.3,52162,52205.5,6239.859
2024-02-21T01:00:00+00:00,52205.4,52329.2,52077,52140.3,5970.414
2024-02-21T02:00:00+00:00,52140.3,52195,52069.1,52102.1,3223.619
2024-02-21T03:00:00+00:00,52102.2,52142.3,52021,52042.5,3265.495
2024-02-21T04:00:00+00:00,52042.4,52049.1,51841.1,51985.9,7503.915
2024-02-21T05:00:00+00:00,51985.9,52155.1,51850.9,51866.3,6835.766
2024-02-21T06:00:00+00:00,51866.2,51945.2,51700,51780.2,8958.869
2024-02-21T07:00:00+00:00,51780.1,51818.3,51510,51599.9,12517.847
2024-02-21T08:00:00+00:00,51599.9,51835.6,51560.7,51701.4,8683.035
2024-02-21T09:00:00+00:00,51701.4,51730,51020,51115.4,23293.606
2024-02-21T10:00:00+00:00,51115.3,51445.8,50905.3,51296.1,21785.627
2024-02-21T11:00:00+00:00,51296.2,51395.1,50826.2,50988.1,17875.124
2024-02-21T12:00:00+00:00,50988.2,51421.8,50528.4,51334.9,28211.738
2024-02-21T13:00:00+00:00,51334.9,51468,50910,51218,19836.934
2024-02-21T14:00:00+00:00,51218,51241.4,50754.2,50969.4,19730.334
2024-02-21T15:00:00+00:00,50969.4,51362.6,50877.4,51183.7,17438.846
2024-02-21T16:00:00+00:00,51183.6,51459.5,51026.4,51371.6,11709.225
2024-02-21T17:00:00+00:00,51371.7,51454,50908,50956.5,13819.92
2024-02-21T18:00:00+00:00,50956.6,51135.3,50830.8,50870.1,12419.049
2024-02-21T19:00:00+00:00,50869.9,51082,50663,51082,14088.885
2024-02-21T20:00:00+00:00,51081.9,51150,50884.3,50978.4,8323.539
2024-02-21T21:00:00+00:00,50978.4,51422,50958.9,51412.9,12106.17
2024-02-21T22:00:00+00:00,51412.8,51550,51236.4,51533.2,7194.037
2024-02-21T23:00:00+00:00,51533.1,51991.2,51514,51877.8,17095.448
2024-02-22T00:00:00+00:00,51877.9,51911.6,51526.6,51568.4,9579.781
2024-02-22T01:00:00+00:00,51568.4,51667,51176.8,51268.5,11133.78
2024-02-22T02:00:00+00:00,51268.5,51533,51253.1,51451.5,6143.173
2024-02-22T03:00:00+00:00,51451.5,51693,51403.9,51612.1,4946.158
2024-02-22T04:00:00+00:00,51612.1,51672.6,51376.7,51468.4,6136.17
2024-02-22T05:00:00+00:00,51468.4,51720,51455.5,51558.8,7030.45
2024-02-22T06:00:00+00:00,51558.7,51845,51558.7,51799.1,7148.493
2024-02-22T07:00:00+00:00,51799.1,51949.1,51686.7,51860.6,9199.405
2024-02-22T08:00:00+00:00,51860.6,51985.5,51701,51913.5,10570.754
2024-02-22T09:00:00+00:00,51913.5,52078,51722.7,51978.9,11376.111
2024-02-22T10:00:00+00:00,51978.9,51979,51611,51722.6,8918.529
2024-02-22T11:00:00+00:00,51722.6,51732.8,51555.7,51659.2,7286.14
2024-02-22T12:00:00+00:00,51659.1,51766,51452.3,51558.8,8675.841
2024-02-22T13:00:00+00:00,51558.8,51586.8,50967.5,51193.4,24884.128
2024-02-22T14:00:00+00:00,51193.3,51456,51087.8,51405,15884.105
2024-02-22T15:00:00+00:00,51405.1,51719.3,51318,51630,15815.626
2024-02-22T16:00:00+00:00,51630,51785.8,51424,51511.4,11435.696
2024-02-22T17:00:00+00:00,51511.5,51774.7,51478.2,51725.7,7669.865
2024-02-22T18:00:00+00:00,51725.7,51756.9,51521.5,51747.3,5360.776
2024-02-22T19:00:00+00:00,51747.3,51747.4,51480,51547,5202.155
2024-02-22T20:00:00+00:00,51546.9,52130.8,51497,52024.8,22307.987
2024-02-22T21:00:00+00:00,52024.8,52037.5,51574.2,51685,9199.455
2024-02-22T22:00:00+00:00,51685.1,51746,51203.7,51481.6,11389.79
2024-02-22T23:00:00+00:00,51481.6,51514.9,51256,51316.9,6850.279
2024-02-23T00:00:00+00:00,51316.9,51514.9,51289.7,51482.5,4845.73
2024-02-23T01:00:00+00:00,51482.4,51576.3,51332.6,51336.8,4587.896
2024-02-23T02:00:00+00:00,51336.8,51454.7,51060.6,51124.5,8280.639
2024-02-23T03:00:00+00:00,51124.6,51200,50989.9,51129.7,11129.129
2024-02-23T04:00:00+00:00,51129.8,51352.6,51019.9,51246.6,6814.448
2024-02-23T05:00:00+00:00,51246.7,51275.4,51138,51264.1,4239.142
2024-02-23T06:00:00+00:00,51264.1,51347.3,51239.2,51328.7,4368.335
2024-02-23T07:00:00+00:00,51328.8,51329.7,50900.2,50952.3,11270.743
2024-02-23T08:00:00+00:00,50952.3,51213.2,50862.3,51000,12388.082
2024-02-23T09:00:00+00:00,50999.9,51110,50903.7,51046.1,7362.009
2024-02-23T10:00:00+00:00,51046,51213.2,51000.8,51208.4,7187.386
2024-02-23T11:00:00+00:00,51208.5,51300,51170.6,51254.1,6282.704
2024-02-23T12:00:00+00:00,51254.1,51260,50955,51018.1,9735.798
2024-02-23T13:00:00+00:00,51018.1,51128.7,50946.5,51087.8,6578.59
2024-02-23T14:00:00+00:00,51087.9,51372.3,50804.4,51157.1,27306.759
2024-02-23T15:00:00+00:00,51157.2,51157.2,50862,50938.1,14330.886
2024-02-23T16:00:00+00:00,50938.2,51152.8,50652.9,51086.1,23062.546
2024-02-23T17:00:00+00:00,51086,51200,51000,51160.8,7717.467
2024-02-23T18:00:00+00:00,51160.7,51228.6,51020.5,51130.9,5139.05
2024-02-23T19:00:00+00:00,51131,51225.7,51050.5,51131,4660.109
2024-02-23T20:00:00+00:00,51130.9,51187.6,50968.8,51100.8,5588.96
2024-02-23T21:00:00+00:00,51100.7,51118.7,51005,51007,2127.693
2024-02-23T22:00:00+00:00,51006.4,51053,50762.5,50808.1,5263.889
2024-02-23T23:00:00+00:00,50808,50957.8,50512.7,50771.9,15206.572
2024-02-24T00:00:00+00:00,50771.9,50934.9,50720,50917.2,6339.398
2024-02-24T01:00:00+00:00,50917.2,50918.4,50614,50614.8,6160.827
2024-02-24T02:00:00+00:00,50614.9,50834,50611.4,50833.9,4434.542
2024-02-24T03:00:00+00:00,50833.9,50890,50708,50878.2,2988.552
2024-02-24T04:00:00+00:00,50878.2,51039.9,50856.1,50987.6,4564.874
2024-02-24T05:00:00+00:00,50987.6,51095.6,50943.9,51067.8,3584.299
2024-02-24T06:00:00+00:00,51067.8,51088.3,50969,50996.7,3888.093
2024-02-24T07:00:00+00:00,50996.7,51133.3,50962.7,51099.8,3367.425
2024-02-24T08:00:00+00:00,51099.8,51147.6,50965,51015.5,3408.417
2024-02-24T09:00:00+00:00,51015.5,51143.2,51004.7,51104.7,2661.441
2024-02-24T10:00:00+00:00,51104.8,51195,51089.7,51112,3032.041
2024-02-24T11:00:00+00:00,51111.9,51164.7,51061,51151.9,2180.693
2024-02-24T12:00:00+00:00,51151.8,51158.7,51053.3,51105.4,2092.269
2024-02-24T13:00:00+00:00,51105.4,51204.2,51079.2,51166.6,3681.064
2024-02-24T14:00:00+00:00,51166.5,51198.2,51091,51158.9,2685.714
2024-02-24T15:00:00+00:00,51159,51180.1,51123.2,51124.6,1815.833
2024-02-24T16:00:00+00:00,51124.7,51248.6,51117.1,51245,3415.499
2024-02-24T17:00:00+00:00,51244.9,51736.6,51242.6,51570.8,19913.591
2024-02-24T18:00:00+00:00,51570.7,51733.9,51435,51473.6,8823.736
2024-02-24T19:00:00+00:00,51473.5,51676.4,51473.5,51590,3391.137
2024-02-24T20:00:00+00:00,51589.9,51620,51474.4,51541.2,2676.926
2024-02-24T21:00:00+00:00,51541.2,51669.9,51488.7,51590.2,2982.872
2024-02-24T22:00:00+00:00,51590.1,51712.5,51588.8,51592,3732.062
2024-02-24T23:00:00+00:00,51592,51694.3,51526.7,51602.1,3123.152
2024-02-25T00:00:00+00:00,51602.1,51624.3,51473.2,51517.6,2823.05
2024-02-25T01:00:00+00:00,51517.6,51728.1,51465.5,51718.8,4739.448
2024-02-25T02:00:00+00:00,51718.8,51949.8,51580.8,51633.1,11667.553
2024-02-25T03:00:00+00:00,51633,51655.9,51484.2,51654.2,4704.524
2024-02-25T04:00:00+00:00,51654.1,51657.8,51530.3,51640,1974.098
2024-02-25T05:00:00+00:00,51640,51771.5,51619.7,51699.1,3325.637
2024-02-25T06:00:00+00:00,51699.1,51853.2,51662.6,51796.5,5424.936
2024-02-25T07:00:00+00:00,51796.5,51812.8,51709,51756.8,2873.304
2024-02-25T08:00:00+00:00,51756.9,51817,51610.9,51633.6,4207.376
2024-02-25T09:00:00+00:00,51633.6,51683,51550,51671.5,3564.019
2024-02-25T10:00:00+00:00,51671.4,51719.5,51580.8,51608.8,2927.931
2024-02-25T11:00:00+00:00,51608.8,51739,51583,51672.3,2442.163
2024-02-25T12:00:00+00:00,51672.3,51703.1,51615.2,51689,2523.902
2024-02-25T13:00:00+00:00,51688.9,51726.2,51578,51646.3,3679.358
2024-02-25T14:00:00+00:00,51646.4,51828.4,51630.1,51780.3,6025.469
2024-02-25T15:00:00+00:00,51780.3,51808.7,51465,51547.8,8586.849
2024-02-25T16:00:00+00:00,51547.9,51664.3,51300.4,51400.4,12560.89
2024-02-25T17:00:00+00:00,51400.5,51615.9,51382.2,51599.1,4888.419
2024-02-25T18:00:00+00:00,51599.1,51620.9,51534.3,51619.9,2523
2024-02-25T19:00:00+00:00,51620,51780,51545.1,51708,4870.073
2024-02-25T20:00:00+00:00,51707.9,52050,51707.9,51777.9,14715.223
2024-02-25T21:00:00+00:00,51777.8,51830.7,51681.3,51802.4,4127.645
2024-02-25T22:00:00+00:00,51802.3,51908.8,51688,51749,3728.218
2024-02-25T23:00:00+00:00,51749,51845.9,51707.5,51764.9,3274.175
2024-02-26T00:00:00+00:00,51764.9,51846.1,51652.5,51722,4259.737
2024-02-26T01:00:00+00:00,51722,51735.3,51500,51507.9,5772.029
2024-02-26T02:00:00+00:00,51507.9,51582.4,51457.7,51459.3,3852.459
2024-02-26T03:00:00+00:00,51459.3,51609.1,51431,51596.1,3201.585
2024-02-26T04:00:00+00:00,51596.1,51634.5,51512,51572.7,2444.966
2024-02-26T05:00:00+00:00,51572.7,51632.4,51461.3,51604.6,3158.318
2024-02-26T06:00:00+00:00,51604.6,51645,51530.1,51563.7,1913.572
2024-02-26T07:00:00+00:00,51563.7,51566.7,51320,51327.5,6296.415
2024-02-26T08:00:00+00:00,51327.5,51429.1,51282.5,51287,7110.712
2024-02-26T09:00:00+00:00,51287,51345.6,50922.5,50984.4,17328.557
2024-02-26T10:00:00+00:00,50984.4,51286.1,50969.1,51208,8525.751
2024-02-26T11:00:00+00:00,51208,51257.3,51073.8,51126.4,5682.684
2024-02-26T12:00:00+00:00,51126.3,51275.6,50990,51275.6,6876.982
2024-02-26T13:00:00+00:00,51275.5,51478.1,51237.3,51264.1,11409.274
2024-02-26T14:00:00+00:00,51264.1,51752.2,51237.9,51720,16052.357
2024-02-26T15:00:00+00:00,51720,52885.5,51664.4,52872.3,65644.457
2024-02-26T16:00:00+00:00,52872.2,53688.5,52777.2,53438.9,65373.978
2024-02-26T17:00:00+00:00,53438.9,53567.7,53254.2,53550,17045.139
2024-02-26T18:00:00+00:00,53550,53674,53326.8,53624.8,15910.028
2024-02-26T19:00:00+00:00,53624.8,54599.9,53461.8,54531.3,56739.965
2024-02-26T20:00:00+00:00,54531.2,54991.8,54321,54492.9,40423.222
2024-02-26T21:00:00+00:00,54492.9,54789.4,54351.1,54683.2,12121.046
2024-02-26T22:00:00+00:00,54683.3,54855,54490.4,54704.9,9470.308
2024-02-26T23:00:00+00:00,54705,54705.1,54475,54511.6,6852.69
2024-02-27T00:00:00+00:00,54511.7,54692.4,54495,54599.1,8138.697
2024-02-27T01:00:00+00:00,54599.1,55888.5,54547,55857.4,37404.419
2024-02-27T02:00:00+00:00,55857.3,57780,55666.8,56428.8,70769.81
2024-02-27T03:00:00+00:00,56428.8,56666,55587.9,55774.3,28313.635
2024-02-27T04:00:00+00:00,55773.1,56175.1,55655,55823,19447.067
2024-02-27T05:00:00+00:00,55823,56277.5,55728.2,56131,12351.128
2024-02-27T06:00:00+00:00,56131.1,56497,56103.5,56396.3,10200.701
2024-02-27T07:00:00+00:00,56396.2,56419,55853.3,56100,14196.036
2024-02-27T08:00:00+00:00,56100.1,56518,56075.6,56294.3,12430.781
2024-02-27T09:00:00+00:00,56294.2,56800,56223.1,56660.4,15401.763
2024-02-27T10:00:00+00:00,56660.5,56879.9,56406.1,56563.5,14020.133
2024-02-27T11:00:00+00:00,56563.5,56629.9,56360,56581.4,7397.602
2024-02-27T12:00:00+00:00,56581.4,57494.3,56501.9,56842.1,41684.833
2024-02-27T13:00:00+00:00,56842.2,57236.5,56652.2,57160.9,28697.116
2024-02-27T14:00:00+00:00,57160.9,57399.3,56668.1,57018,34550.228
2024-02-27T15:00:00+00:00,57017.9,57350,56610,56775,29556.697
2024-02-27T16:00:00+00:00,56775.1,57224.9,56231,57084.1,34073.178
2024-02-27T17:00:00+00:00,57084.1,57255.8,56690,56804.2,18488.694
2024-02-27T18:00:00+00:00,56804.1,57179.4,56700,57152.7,10539.178
2024-02-27T19:00:00+00:00,57152.7,57679.5,56956.4,57390.7,22448.762
2024-02-27T20:00:00+00:00,57390.7,57415.4,56716.7,57012.4,20200.287
2024-02-27T21:00:00+00:00,57012.4,57040.4,56625.3,56755.8,8366.567
2024-02-27T22:00:00+00:00,56755.7,57045.3,56675,56935.3,5836.004
2024-02-27T23:00:00+00:00,56935.3,57157,56886.8,57074.5,6962.219
2024-02-28T00:00:00+00:00,57074.5,57148,56904.4,57059,5179.634
2024-02-28T01:00:00+00:00,57059.1,57150.4,56800,56813.3,5838.96
2024-02-28T02:00:00+00:00,56813.3,57024.2,56730.1,56970,4972.347
2024-02-28T03:00:00+00:00,56970,57013.1,56880.8,56963.3,3750.418
2024-02-28T04:00:00+00:00,56963.3,57325.7,56932.2,57252.1,7700.202
2024-02-28T05:00:00+00:00,57252.2,57317,57087.1,57115.9,5341.899
2024-02-28T06:00:00+00:00,57116,57233,57083.6,57223.1,3776.799
2024-02-28T07:00:00+00:00,57223.1,58472.8,57182.5,58300,44997.15
2024-02-28T08:00:00+00:00,58299.9,59566.2,58226.9,59503.7,77453.204
2024-02-28T09:00:00+00:00,59503.7,59525.2,58902,59357,41150.666
2024-02-28T10:00:00+00:00,59357.1,59424.3,59056.2,59339.4,14483.207
2024-02-28T11:00:00+00:00,59339.5,59589,58555.2,58997.4,38839.515
2024-02-28T12:00:00+00:00,58997.4,59497.9,58940.8,59411.6,22642.024
2024-02-28T13:00:00+00:00,59411.7,61127,59360,60542,93953.254
2024-02-28T14:00:00+00:00,60541.9,61293,59814.8,61025.9,63516.685
2024-02-28T15:00:00+00:00,61025.9,61437.4,60639.3,61000,50710.94
2024-02-28T16:00:00+00:00,61000,62672.3,60971.1,62530.3,69526.297
2024-02-28T17:00:00+00:00,62530.2,64300,59000,61467.8,231253.139
2024-02-28T18:00:00+00:00,61467.8,61638.3,59314.3,61175.6,85359.917
2024-02-28T19:00:00+00:00,61175.6,61581.2,60674.5,61032.8,36087.847
2024-02-28T20:00:00+00:00,61032.8,61179.5,60001,60469.5,35761.498
2024-02-28T21:00:00+00:00,60469.4,60677.5,59840.5,60611.6,19655.046
2024-02-28T22:00:00+00:00,60611.7,61438.4,60559.1,61316.9,17826.491
2024-02-28T23:00:00+00:00,61317,62710,61295.8,62487.9,30341.303
2024-02-29T00:00:00+00:00,62487.9,62508.4,61269.6,61455.9,32982.362
2024-02-29T01:00:00+00:00,61455.8,61636.1,61105.2,61480.7,14705.917
2024-02-29T02:00:00+00:00,61480.6,61842,61171.9,61831.2,10496.887
2024-02-29T03:00:00+00:00,61831.1,61831.2,61200,61638.6,9370.417
2024-02-29T04:00:00+00:00,61638.6,62800,61408.3,62531.9,23215.122
2024-02-29T05:00:00+00:00,62531.9,62755.3,61853.3,62620.9,19852.816
2024-02-29T06:00:00+00:00,62620.9,63762.8,62549.2,63053.4,42580.585
2024-02-29T07:00:00+00:00,63053.4,63221.6,62600,62761.5,19285.559
2024-02-29T08:00:00+00:00,62761.6,63217.4,62380,62879.1,25627.829
2024-02-29T09:00:00+00:00,62879.1,63068.6,62334.4,62772.3,14788.349
2024-02-29T10:00:00+00:00,62772.2,62875,62151.1,62792.8,15212.021
2024-02-29T11:00:00+00:00,62792.7,63460.8,62690.8,63019.8,19074.703
2024-02-29T12:00:00+00:00,63019.8,63125.7,62375,62729.9,19467
2024-02-29T13:00:00+00:00,62730,63140,62050,63004.2,29631.518
2024-02-29T14:00:00+00:00,63004.1,63599.9,62800,62959,36012.656
2024-02-29T15:00:00+00:00,62959.1,63348.9,62612.9,62809.1,19653.998
2024-02-29T16:00:00+00:00,62809.1,62952.4,61550,62235.4,41673.503
2024-02-29T17:00:00+00:00,62235.5,62474.3,60600,61082.9,56936.665
2024-02-29T18:00:00+00:00,61082.9,61613.3,60452,60921.4,35216.906
2024-02-29T19:00:00+00:00,60921.4,61730.8,60727.6,61681.8,17125.912
2024-02-29T20:00:00+00:00,61681.7,62345.7,61598.7,61974.6,22901.733
2024-02-29T21:00:00+00:00,61974.6,62038.6,60619.7,61435.8,35811.067
2024-02-29T22:00:00+00:00,61435.8,61541.2,60722.4,61290.5,13826.77
2024-02-29T23:00:00+00:00,61290.4,61600,61173.1,61203.3,9263.588
2024-03-01T00:00:00+00:00,61203.3,61842.2,61199.4,61575.3,9463.711
2024-03-01T01:00:00+00:00,61575.3,61648.2,61190.1,61294.4,7377.663
2024-03-01T02:00:00+00:00,61294.4,61294.4,60855,61063.9,10764.179
2024-03-01T03:00:00+00:00,61063.9,61318.3,60844.8,61183.4,7256.022
2024-03-01T04:00:00+00:00,61183.4,61623.7,61135,61613.1,7004.607
2024-03-01T05:00:00+00:00,61615.2,61634.5,61364.6,61385.9,5561.544
2024-03-01T06:00:00+00:00,61385.9,61856.7,61275.8,61625.8,9114.014
2024-03-01T07:00:00+00:00,61625.8,61844.8,61435.2,61485.8,8858.644
2024-03-01T08:00:00+00:00,61485.9,62332,61385.5,61980,18286.108
2024-03-01T09:00:00+00:00,61980,62270.1,61915,62200.1,8629.996
2024-03-01T10:00:00+00:00,62200.1,62263.6,61921.3,62055,8252.525
2024-03-01T11:00:00+00:00,62055.1,62175.3,61875,61927.7,6504.524
2024-03-01T12:00:00+00:00,61927.7,62650.5,61918.4,62291.4,17135.303
2024-03-01T13:00:00+00:00,62291.5,62750,62249.1,62510.2,11288.357
2024-03-01T14:00:00+00:00,62510.2,62539.7,61585.1,62009.7,26584.958
2024-03-01T15:00:00+00:00,62009.7,62234,61200,61335.3,23655.222
2024-03-01T16:00:00+00:00,61335.4,61700.1,61312.1,61490,13982.046
2024-03-01T17:00:00+00:00,61490,62172.2,61490,61977,17512.156
2024-03-01T18:00:00+00:00,61976.9,62556.3,61889,62402.8,12467.712
2024-03-01T19:00:00+00:00,62402.7,62434.3,62030.2,62270.5,10209.859
2024-03-01T20:00:00+00:00,62270.5,63199,62270.5,62936.9,19004.91
2024-03-01T21:00:00+00:00,62936.9,62961,62352.6,62565.4,20170.155
2024-03-01T22:00:00+00:00,62565.5,62730.5,62359.9,62534,9593.061
2024-03-01T23:00:00+00:00,62534.1,62796,62388,62430.6,10554.551
2024-03-02T00:00:00+00:00,62430.6,62496,62167.3,62371.1,7803.935
2024-03-02T01:00:00+00:00,62371.1,62379.6,62004,62089,6131.424
2024-03-02T02:00:00+00:00,62088.9,62286,62004.6,62180,5970.797
2024-03-02T03:00:00+00:00,62180.1,62513.1,62088,62374.3,8536.398
2024-03-02T04:00:00+00:00,62374.4,62380,62100,62100,6230.885
2024-03-02T05:00:00+00:00,62100,62150,61820,62072.4,11243.684
2024-03-02T06:00:00+00:00,62072.4,62337.1,62000,62020,7734.259
2024-03-02T07:00:00+00:00,62019.9,62102,61870,62071.9,5574.41
2024-03-02T08:00:00+00:00,62071.9,62217.7,61850,62026.8,6670.783
2024-03-02T09:00:00+00:00,62026.8,62073.2,61711.5,61914.1,11104.5
2024-03-02T10:00:00+00:00,61914.2,62107.1,61889,61988.9,5757.214
2024-03-02T11:00:00+00:00,61989,62130,61900,61900,5242.214
2024-03-02T12:00:00+00:00,61900,62248.2,61894.2,62156,6678.356
2024-03-02T13:00:00+00:00,62156,62156,61863.9,61864,6133.598
2024-03-02T14:00:00+00:00,61864,61976.6,61605,61889.9,13636.994
2024-03-02T15:00:00+00:00,61889.9,62049.8,61791.9,61834.5,7912.215
2024-03-02T16:00:00+00:00,61834.5,61950,61700,61932.9,5027.722
2024-03-02T17:00:00+00:00,61932.8,62020,61814.5,61836.7,4284.563
2024-03-02T18:00:00+00:00,61836.6,62110.6,61816,62099.9,3881.257
2024-03-02T19:00:00+00:00,62099.9,62189.6,62012.4,62185.3,3759.905
2024-03-02T20:00:00+00:00,62185.3,62276.6,61810.3,61929.4,8517.082
2024-03-02T21:00:00+00:00,61929.5,62086,61882.5,61967.3,2957.624
2024-03-02T22:00:00+00:00,61967.4,62009.9,61720,61724.3,3323.62
2024-03-02T23:00:00+00:00,61724.2,62128,61724.2,62039.9,5170.19
2024-03-03T00:00:00+00:00,62039.9,62055.6,61791.8,61799,4976.046
2024-03-03T01:00:00+00:00,61799,61974.5,61794.6,61856.9,2567.485
2024-03-03T02:00:00+00:00,61856.8,61867.9,61700,61867.9,3558.904
2024-03-03T03:00:00+00:00,61867.8,62072.4,61841.7,61997.1,4548.702
2024-03-03T04:00:00+00:00,61997.1,62181.2,61958.3,62085,3694.249
2024-03-03T05:00:00+00:00,62085,62112.3,61944.8,61954.8,2781.39
2024-03-03T06:00:00+00:00,61954.8,62112.8,61811.3,61927.2,5656.078
2024-03-03T07:00:00+00:00,61927.4,61950,61339.5,61641,22200.09
2024-03-03T08:00:00+00:00,61641,61776.9,61452.3,61662.3,10276.474
2024-03-03T09:00:00+00:00,61662.3,61963,61615.9,61782.2,7381.344
2024-03-03T10:00:00+00:00,61782.2,61876.2,61667.5,61724,3868.59
2024-03-03T11:00:00+00:00,61724,61900,61690,61900,2867.928
2024-03-03T12:00:00+00:00,61900,62720,61885.6,62244.1,30607.549
2024-03-03T13:00:00+00:00,62244.2,62480.7,62000.4,62450,11984.748
2024-03-03T14:00:00+00:00,62449.9,62493.9,62145.4,62145.4,8033.474
2024-03-03T15:00:00+00:00,62145.5,62320,62140.7,62210.7,4202.174
2024-03-03T16:00:00+00:00,62210.8,62929.9,62141,62901.8,16087.062
2024-03-03T17:00:00+00:00,62901.8,63079,62523.3,62635.8,14224.469
2024-03-03T18:00:00+00:00,62635.9,62936.8,62635.8,62873.3,5352.755
2024-03-03T19:00:00+00:00,62873.4,62925.4,62711.1,62797.1,3693.903
2024-03-03T20:00:00+00:00,62797.1,62933.5,62639,62828.8,4699.814
2024-03-03T21:00:00+00:00,62828.8,62901.7,62685,62895.5,3881.777
2024-03-03T22:00:00+00:00,62895.5,63330.9,62750,62897.9,15296.411
2024-03-03T23:00:00+00:00,62897.9,63222.1,62760.6,63178.5,7871.087
2024-03-04T00:00:00+00:00,63178.5,64429.3,62299,63544.5,61591.215
2024-03-04T01:00:00+00:00,63544.5,63931.2,63335.4,63587.6,17712.115
2024-03-04T02:00:00+00:00,63589.1,63988.2,63153.4,63744.8,18604.056
2024-03-04T03:00:00+00:00,63744.9,63816.2,63396.6,63523.9,8431.224
2024-03-04T04:00:00+00:00,63524,63835.9,63420.4,63680,7247.11
2024-03-04T05:00:00+00:00,63680,63762.1,63249.1,63406.1,8096.949
2024-03-04T06:00:00+00:00,63406.1,63762.3,63375.3,63745.5,6369.616
2024-03-04T07:00:00+00:00,63745.5,64390.2,63544,64120.6,16226.998
2024-03-04T08:00:00+00:00,64120.6,65690.9,64078.2,65331.4,55699.071
2024-03-04T09:00:00+00:00,65331.3,65717.4,64700,65383.7,32062.58
2024-03-04T10:00:00+00:00,65383.8,65408.6,64785.1,65153.9,18163.516
2024-03-04T11:00:00+00:00,65153.9,65314.1,64906.7,65314,9235.257
2024-03-04T12:00:00+00:00,65313.9,65343.1,64936.7,65199.9,8611.522
2024-03-04T13:00:00+00:00,65199.9,65755.8,65100.7,65173.2,19642.43
2024-03-04T14:00:00+00:00,65173.3,66482.8,64566.3,66223.8,60318.576
2024-03-04T15:00:00+00:00,66223.7,66666.6,65880,66505.4,31381.282
2024-03-04T16:00:00+00:00,66505.4,66880,66100,66618.7,31910.7
2024-03-04T17:00:00+00:00,66618.8,67648.6,66245,66935.9,51818.964
2024-03-04T18:00:00+00:00,66936,67161,66156.1,66688.1,33195.135
2024-03-04T19:00:00+00:00,66688.2,67536.1,66365.5,67483.2,22209.124
2024-03-04T20:00:00+00:00,67483.2,67864,67134.2,67485.9,30132.623
2024-03-04T21:00:00+00:00,67485.9,67711.6,66813.1,67452.9,21983.543
2024-03-04T22:00:00+00:00,67452.7,68000,67301.1,67997.6,20239.005
2024-03-04T23:00:00+00:00,67997.5,68600,67452.5,68296.4,41999.533
2024-03-05T00:00:00+00:00,68296.5,68552.6,67827,68114.3,17391.663
2024-03-05T01:00:00+00:00,68114.3,68824.7,68063.9,68603.3,25565.873
2024-03-05T02:00:00+00:00,68603.4,68639.2,67800,68225.2,21665.683
2024-03-05T03:00:00+00:00,68225.2,68323,67616.2,68203.8,14905.459
2024-03-05T04:00:00+00:00,68203.7,68484.5,66963.5,67450.1,26276.145
2024-03-05T05:00:00+00:00,67447,67447,65021.1,67062.4,57927.191
2024-03-05T06:00:00+00:00,67062.4,67566.7,66700.1,67368.4,16437.834
2024-03-05T07:00:00+00:00,67368.5,67438.5,66179.6,66223.8,24176.113
2024-03-05T08:00:00+00:00,66223.8,66988.8,65600,66962.1,30806.332
2024-03-05T09:00:00+00:00,66962,66977.7,66149.7,66518.9,14586.824
2024-03-05T10:00:00+00:00,66518.9,67290.3,66518.9,66902.1,14277.359
2024-03-05T11:00:00+00:00,66902.1,66995.6,66555.7,66749,11365.599
2024-03-05T12:00:00+00:00,66749.1,67435.7,66669.5,67399.1,13538.137
2024-03-05T13:00:00+00:00,67399.1,68142,67383,67851.9,28979.074
2024-03-05T14:00:00+00:00,67851.9,68920.3,67313.4,68809.6,45244.754
2024-03-05T15:00:00+00:00,68809.6,69350,66484,66841.3,109731.76
2024-03-05T16:00:00+00:00,66839.8,67096.5,64536.6,65621.9,115561.79
2024-03-05T17:00:00+00:00,65621.9,65705.3,63500.1,65660.7,80669.413
2024-03-05T18:00:00+00:00,65660.7,65660.7,63751.8,64075.9,36854.94
2024-03-05T19:00:00+00:00,64075.8,64329.9,59112,61510.2,146336.141
2024-03-05T20:00:00+00:00,61497.3,63221.9,61202.3,61956.6,94452.067
2024-03-05T21:00:00+00:00,61956.7,64035.5,61940,63301.1,52838.392
2024-03-05T22:00:00+00:00,63301.2,63621.3,62504,63439.2,30970.372
2024-03-05T23:00:00+00:00,63439.3,64393.9,63272,63747.4,22466.217
2024-03-06T00:00:00+00:00,63747.5,64186,63420.4,63475.5,17324.732
2024-03-06T01:00:00+00:00,63475.5,63838.8,63132.5,63160,12768.224
2024-03-06T02:00:00+00:00,63159.9,63562.4,62829.3,62851.5,12727.541
2024-03-06T03:00:00+00:00,62851.4,63421,62833.1,63323.6,11744.74
2024-03-06T04:00:00+00:00,63323.6,64659.4,63313.3,64652.1,17012.526
2024-03-06T05:00:00+00:00,64652,66498.6,64293.2,66475.9,46635.221
2024-03-06T06:00:00+00:00,66476.4,66600,65759.6,65798,26065.136
2024-03-06T07:00:00+00:00,65797.6,66846.6,65528.5,66759.4,18424.89
2024-03-06T08:00:00+00:00,66759.3,67729.5,66641.1,67015.9,37555.738
2024-03-06T09:00:00+00:00,67015.8,67449.8,66117.4,66192.5,23868.717
2024-03-06T10:00:00+00:00,66192.5,66850.4,66187,66729.9,13920.175
2024-03-06T11:00:00+00:00,66730,67419.3,66440.8,67383.9,19523.575
2024-03-06T12:00:00+00:00,67383.9,67689.8,64615.5,65999.9,60059.886
2024-03-06T13:00:00+00:00,66000,66730,65379.7,66394.1,37187.905
2024-03-06T14:00:00+00:00,66394,67299,65902.2,65938.3,39481.504
2024-03-06T15:00:00+00:00,65938.3,66733.3,65330.2,66541.3,36305.712
2024-03-06T16:00:00+00:00,66541.3,67204.4,66275,67162.2,20751.648
2024-03-06T17:00:00+00:00,67164.2,67424.3,66700,67397.2,16854.625
2024-03-06T18:00:00+00:00,67397.2,67570,66666,67162.8,16515.274
2024-03-06T19:00:00+00:00,67162,67322.2,66702,66803.5,9763.221
2024-03-06T20:00:00+00:00,66803.5,67425.2,66720,66934.1,13100.065
2024-03-06T21:00:00+00:00,66934.1,66934.1,66323,66475.2,12011.008
2024-03-06T22:00:00+00:00,66475.1,66547.4,65930.7,65972.6,7054.52
2024-03-06T23:00:00+00:00,65972.6,66313.7,65750.6,66128.1,7355.23
2024-03-07T00:00:00+00:00,66128,66322.3,65750.8,66255.5,8014.654
2024-03-07T01:00:00+00:00,66255.6,66502,65609.3,66483.9,10811.86
2024-03-07T02:00:00+00:00,66483.9,66539,65926,66174.1,9139.367
2024-03-07T03:00:00+00:00,66174.1,66438.1,65891.7,65914.9,7563.483
2024-03-07T04:00:00+00:00,65915,66235,65715.8,65905.5,7554.802
2024-03-07T05:00:00+00:00,65905.5,66195.1,65702.8,65852.8,8988.633
2024-03-07T06:00:00+00:00,65852.8,66254.3,65723.6,65931.7,8984.471
2024-03-07T07:00:00+00:00,65931.6,66536.1,65831.7,66447.8,9506.904
2024-03-07T08:00:00+00:00,66447.8,67107.8,66404.2,66728.7,16332.228
2024-03-07T09:00:00+00:00,66728.7,66982.6,66583.8,66774.7,7490.314
2024-03-07T10:00:00+00:00,66774.7,67027.8,66698.2,66964.6,7192.714
2024-03-07T11:00:00+00:00,66964.5,67350,66534,66974.9,17223.154
2024-03-07T12:00:00+00:00,66975,67194.4,66637.8,66782.7,9743.517
2024-03-07T13:00:00+00:00,66782.7,67088.8,66653.5,66978,8192.99
2024-03-07T14:00:00+00:00,66978,67994,66588,67090,45162.467
2024-03-07T15:00:00+00:00,67090.1,67650,66804.3,67317.1,21013.619
2024-03-07T16:00:00+00:00,67317.2,67547.6,67068.5,67369.1,13442.195
2024-03-07T17:00:00+00:00,67369.1,68101.3,67283,67655.1,23842.867
2024-03-07T18:00:00+00:00,67656.4,67853.8,67464.2,67667.9,9225.86
2024-03-07T19:00:00+00:00,67668,67925,67273.1,67559.3,10280.689
2024-03-07T20:00:00+00:00,67559.4,67974.8,67519.5,67590,12329.282
2024-03-07T21:00:00+00:00,67590,67626.6,67082.4,67301.7,12198.424
2024-03-07T22:00:00+00:00,67303,67550,67030.8,67153.3,5029.363
2024-03-07T23:00:00+00:00,67153.3,67240,66852.1,66870,6828.931
2024-03-08T00:00:00+00:00,66870,67167.6,66800,67130.8,6159.953
2024-03-08T01:00:00+00:00,67130.8,67330,66871.2,66998.9,7224.932
2024-03-08T02:00:00+00:00,66999,67192.7,66895.4,67184.9,4947.175
2024-03-08T03:00:00+00:00,67184.9,67339.6,67054.3,67219.9,5504.792
2024-03-08T04:00:00+00:00,67220,67313.3,67051.7,67135.3,3028.074
2024-03-08T05:00:00+00:00,67135.3,67170.4,66818.1,66961.4,5255.835
2024-03-08T06:00:00+00:00,66961.4,67682,66891.1,67634,8821.939
2024-03-08T07:00:00+00:00,67634,67719.3,67272,67308.5,10744.57
2024-03-08T08:00:00+00:00,67308.5,67477.8,67093,67280.4,7754.82
2024-03-08T09:00:00+00:00,67280.4,67492.6,67100,67202,6101.75
2024-03-08T10:00:00+00:00,67202,67476.5,67168.4,67396.6,4194.269
2024-03-08T11:00:00+00:00,67396.5,67838,67335.2,67822,9314.64
2024-03-08T12:00:00+00:00,67821.5,67860,67428.8,67517.2,7173.853
2024-03-08T13:00:00+00:00,67517.1,67950,67350,67836.9,14852.778
2024-03-08T14:00:00+00:00,67836.9,68732,67600,68501.6,35545.749
2024-03-08T15:00:00+00:00,68500.7,70330.8,67219.4,67685.8,110816.905
2024-03-08T16:00:00+00:00,67685.8,68000,66120,67863.7,91138.661
2024-03-08T17:00:00+00:00,67863.8,68876.9,67713.8,68402.2,29225.187
2024-03-08T18:00:00+00:00,68402.2,68876,68129.2,68624.8,17667.067
2024-03-08T19:00:00+00:00,68624.8,68922,68167.1,68922,13986.967
2024-03-08T20:00:00+00:00,68921.9,69447,68835.2,69116.6,26117.802
2024-03-08T21:00:00+00:00,69116.6,69227.8,67820,68219.9,19545.467
2024-03-08T22:00:00+00:00,68220,68476.8,68038,68141.1,7326.832
2024-03-08T23:00:00+00:00,68141,68442.8,68074.1,68180.2,6937.19
2024-03-09T00:00:00+00:00,68180.2,68343.9,68061.5,68150.9,5502.616
2024-03-09T01:00:00+00:00,68150.9,68218.8,67908.7,67971.7,4635.875
2024-03-09T02:00:00+00:00,67971.8,68280.7,67920.9,68209.6,3985.711
2024-03-09T03:00:00+00:00,68209.6,68337,68130,68297.1,3357.108
2024-03-09T04:00:00+00:00,68297.2,68436.9,68179.3,68350.6,3338.091
2024-03-09T05:00:00+00:00,68350.6,68361,68202,68299.6,2284.157
2024-03-09T06:00:00+00:00,68299.7,68588.8,68202.9,68486.3,5463.999
2024-03-09T07:00:00+00:00,68486.4,68608.7,68321.9,68336.3,4169.455
2024-03-09T08:00:00+00:00,68336.3,68530.5,68336.3,68366.9,5430.028
2024-03-09T09:00:00+00:00,68366.9,68433.6,68200,68366.5,3810.741
2024-03-09T10:00:00+00:00,68366.6,68380.3,67996,68223.9,9365.007
2024-03-09T11:00:00+00:00,68223.9,68410.6,68185.3,68360.3,3544.516
2024-03-09T12:00:00+00:00,68360.3,68554.7,68243.5,68524.8,4824.983
2024-03-09T13:00:00+00:00,68524.7,68580,68363.7,68400.3,3747.758
2024-03-09T14:00:00+00:00,68400.2,68448.7,68125.4,68189,6515.503
2024-03-09T15:00:00+00:00,68189,68411,68188.9,68341.6,3265.468
2024-03-09T16:00:00+00:00,68341.5,68373.9,68062.6,68160,4123.814
2024-03-09T17:00:00+00:00,68160,68294.9,68050,68218.3,3303.451
2024-03-09T18:00:00+00:00,68218.3,68391.8,68172.3,68308.7,2668.617
2024-03-09T19:00:00+00:00,68308.7,68391,68199,68255,1919.367
2024-03-09T20:00:00+00:00,68255,68425.2,68254.9,68395,2558.706
2024-03-09T21:00:00+00:00,68394.9,68492.9,68266.2,68432,2540.119
2024-03-09T22:00:00+00:00,68431.9,68469.7,68372,68412.7,1564.266
2024-03-09T23:00:00+00:00,68412.6,68497.8,68313.6,68360.1,2979.649
2024-03-10T00:00:00+00:00,68360.2,68508.2,68262.5,68399.9,5380.162
2024-03-10T01:00:00+00:00,68400,69344,68370.3,69029.7,24447.167
2024-03-10T02:00:00+00:00,69029.8,69292.9,68828.9,68886.2,8506.594
2024-03-10T03:00:00+00:00,68886.2,69225.4,68764.8,69208.1,5902.894
2024-03-10T04:00:00+00:00,69208,69780,69099.1,69492.5,15455.079
2024-03-10T05:00:00+00:00,69492.5,69609.7,69253.4,69402.2,5606.796
2024-03-10T06:00:00+00:00,69402.2,69471.7,69125.6,69405.8,4662.626
2024-03-10T07:00:00+00:00,69405.7,69527.4,69305.6,69430,4609.058
2024-03-10T08:00:00+00:00,69429.9,69799.8,69413.3,69734.7,6166.987
2024-03-10T09:00:00+00:00,69734.7,69991.8,69227.3,69902.5,19567.179
2024-03-10T10:00:00+00:00,69902.5,69999.8,69653.2,69857.4,13577.971
2024-03-10T11:00:00+00:00,69857.5,69941.6,69474.2,69639.5,7690.244
2024-03-10T12:00:00+00:00,69639.6,69937.7,69496.3,69845.9,10287.938
2024-03-10T13:00:00+00:00,69845.9,69899.9,69150,69388.8,10369.641
2024-03-10T14:00:00+00:00,69388.7,69539.9,68672.9,69332.4,19969.374
2024-03-10T15:00:00+00:00,69332.3,69497.5,69025,69254.7,9468.176
2024-03-10T16:00:00+00:00,69254.6,69845.9,69232,69503.4,11485.771
2024-03-10T17:00:00+00:00,69503.4,69676.1,69398.3,69484,3967.843
2024-03-10T18:00:00+00:00,69484,69545,69239.2,69298,4600.434
2024-03-10T19:00:00+00:00,69298,69522.9,69168.9,69465,3841.15
2024-03-10T20:00:00+00:00,69465.1,69522.7,69300,69372.8,2528.182
2024-03-10T21:00:00+00:00,69372.8,69455,69150.3,69175.8,3227.99
2024-03-10T22:00:00+00:00,69175.7,69175.7,68155,68465.2,21694.499
2024-03-10T23:00:00+00:00,68465.1,69053.7,68406.6,69001.8,10582.768
2024-03-11T00:00:00+00:00,69001.8,69016.3,67000,68149.9,31646.116
2024-03-11T01:00:00+00:00,68150,68450.1,67633.3,68365.5,22688.205
2024-03-11T02:00:00+00:00,68365.5,68595,68300,68376,9178.899
2024-03-11T03:00:00+00:00,68375.9,68697,68350,68657.4,5945.076
2024-03-11T04:00:00+00:00,68657.4,68880.9,68525.5,68600.4,5568.699
2024-03-11T05:00:00+00:00,68600.3,68863,68553.8,68609.2,5542.748
2024-03-11T06:00:00+00:00,68609.1,69412,68502.4,69393.3,10443.696
2024-03-11T07:00:00+00:00,69393.2,71537.7,69340.8,71223.8,93179.439
2024-03-11T08:00:00+00:00,71223.9,71883,71211.5,71315,32800.503
2024-03-11T09:00:00+00:00,71315,71974.9,71280,71894.6,19512.653
2024-03-11T10:00:00+00:00,71894.6,71988,71526.8,71579.1,13036.826
2024-03-11T11:00:00+00:00,71579.1,72346.3,71309.3,71558.6,32194.499
2024-03-11T12:00:00+00:00,71558.6,72294.2,71433.4,72059.1,20695.478
2024-03-11T13:00:00+00:00,72059.2,72498.3,71405.2,71584.9,30315.681
2024-03-11T14:00:00+00:00,71584.9,72450,71567.4,72247.9,21536.359
2024-03-11T15:00:00+00:00,72247.9,72772.5,72033.1,72061.4,26207.305
2024-03-11T16:00:00+00:00,72061.3,72685.6,71850.1,72570,19975.926
2024-03-11T17:00:00+00:00,72570.1,72673.1,72286,72548,10033.819
2024-03-11T18:00:00+00:00,72548,72700,72247.2,72557.1,11522.881
2024-03-11T19:00:00+00:00,72557.1,72890,71800,72041.3,22439.543
2024-03-11T20:00:00+00:00,72041.3,72326.2,71884.7,72186,7322.766
2024-03-11T21:00:00+00:00,72186,72702.3,72105.9,72595.2,6217.709
2024-03-11T22:00:00+00:00,72595.2,72850,72473.3,72516.6,9416.968
2024-03-11T23:00:00+00:00,72516.5,72523.9,72129.1,72153.8,6975.103
2024-03-12T00:00:00+00:00,72153.9,72424.6,72059.3,72068.4,6679.714
2024-03-12T01:00:00+00:00,72068.3,72571,71962,72530.6,6210.648
2024-03-12T02:00:00+00:00,72530.6,72530.7,72224.7,72274.8,3904.269
2024-03-12T03:00:00+00:00,72274.9,72346.1,71300,71673.4,20904.173
2024-03-12T04:00:00+00:00,71673.3,72184.7,71342,71870.9,17357.533
2024-03-12T05:00:00+00:00,71870.8,72155,71767.2,72043,6470.615
2024-03-12T06:00:00+00:00,72043,72346.3,71490,72331,13479.11
2024-03-12T07:00:00+00:00,72331,72425,72069.1,72175.5,8668.687
2024-03-12T08:00:00+00:00,72175.6,72254.9,71438.5,71753,16355.139
2024-03-12T09:00:00+00:00,71752.9,72169.9,71745.8,72019.5,7485.1
2024-03-12T10:00:00+00:00,72019.5,72089,71711.2,71937.8,5781.22
2024-03-12T11:00:00+00:00,71937.7,72461.4,71930.4,72098.7,10057.628
2024-03-12T12:00:00+00:00,72098.7,72400,71501.6,72263.9,23412.062
2024-03-12T13:00:00+00:00,72264,72416.4,71744.4,72376.5,20680.97
2024-03-12T14:00:00+00:00,72376.5,73370,71660.4,71730.1,52214.153
2024-03-12T15:00:00+00:00,71730.1,72153.9,70777.7,71779.2,32718.517
2024-03-12T16:00:00+00:00,71779.2,71910,70012,70571.8,51828.535
2024-03-12T17:00:00+00:00,70571.7,71227.2,68600,71161.2,84957.691
2024-03-12T18:00:00+00:00,71161.2,71575.2,70531.5,71476.5,31858.669
2024-03-12T19:00:00+00:00,71476.6,71730.9,71270,71403.1,14317.607
2024-03-12T20:00:00+00:00,71403,71408.1,70650,71094,13736.977
2024-03-12T21:00:00+00:00,71094.1,71192.4,70623.8,70894.9,7782.142
2024-03-12T22:00:00+00:00,70895,71333.1,70716.9,71220.8,8420.77
2024-03-12T23:00:00+00:00,71220.9,71623.3,71089.5,71503.2,6790.402
2024-03-13T00:00:00+00:00,71503.3,71815.6,71388.1,71476.4,6143.971
2024-03-13T01:00:00+00:00,71476.4,72200,71440,72076.7,11108.841
2024-03-13T02:00:00+00:00,72076.7,72164.3,71936.3,72042.9,5342.83
2024-03-13T03:00:00+00:00,72042.9,72300,71950,72135.8,7712.372
2024-03-13T04:00:00+00:00,72135.8,72299.2,71990,72292.8,5340.298
2024-03-13T05:00:00+00:00,72292.8,72294.2,72050.8,72227.4,3400.387
2024-03-13T06:00:00+00:00,72227.5,72851.2,72180,72798.9,15392.941
2024-03-13T07:00:00+00:00,72795.4,73311.7,72707.4,72964,24845.303
2024-03-13T08:00:00+00:00,72964.1,73755,72934.1,73511.4,23297.284
2024-03-13T09:00:00+00:00,73511.4,73700,73220,73389.2,11174.355
2024-03-13T10:00:00+00:00,73389.3,73485,73196.5,73334.5,7136.611
2024-03-13T11:00:00+00:00,73334.5,73556.3,73122.2,73149.9,8553.077
2024-03-13T12:00:00+00:00,73149.8,73276.9,72525.5,72875.9,19766.281
2024-03-13T13:00:00+00:00,72875.9,73124.6,71671.1,72240,31321.289
2024-03-13T14:00:00+00:00,72239.9,72972.1,72050,72414.3,28156.008
2024-03-13T15:00:00+00:00,72414.2,73191.4,72342.8,72670.2,18127.879
2024-03-13T16:00:00+00:00,72670.2,73086,72410.6,73058.8,11559.45
2024-03-13T17:00:00+00:00,73058.7,73268.4,72732,72889.3,10281.988
2024-03-13T18:00:00+00:00,72889.3,73336.9,72777.9,73199.9,8627.659
2024-03-13T19:00:00+00:00,73199.8,73421.6,72831.9,73399.9,9277.678
2024-03-13T20:00:00+00:00,73399.9,73485.1,72976.4,73146,8278.621
2024-03-13T21:00:00+00:00,73145.9,73438.5,72983.4,73295.4,4865.552
2024-03-13T22:00:00+00:00,73295.4,73332.1,72883.2,73003.6,5478.373
2024-03-13T23:00:00+00:00,73003.6,73188,72950,73127.6,3257.29
2024-03-14T00:00:00+00:00,73127.6,73237,72813.6,72900,5669.176
2024-03-14T01:00:00+00:00,72899.9,73023.8,72540.5,72993.5,8450.627
2024-03-14T02:00:00+00:00,72993.4,73299.9,72871.3,73089.9,6600.579
2024-03-14T03:00:00+00:00,73089.9,73385,73073.7,73333.3,6042.892
2024-03-14T04:00:00+00:00,73333.3,73769.6,72720,73008.7,18757.057
2024-03-14T05:00:00+00:00,73008.7,73251.3,72780,73210.6,7070.975
2024-03-14T06:00:00+00:00,73210.7,73688,73178.1,73644.6,12973.585
2024-03-14T07:00:00+00:00,73644.5,73881.4,73152.6,73280.7,16174.699
2024-03-14T08:00:00+00:00,73280.7,73598,73270.2,73384.6,5246.173
2024-03-14T09:00:00+00:00,73384.6,73572.8,73216,73391.4,5541.714
2024-03-14T10:00:00+00:00,73391.4,73413.3,72902.1,73037.5,11016.529
2024-03-14T11:00:00+00:00,73037.5,73086.4,72678,72939.4,12359.698
2024-03-14T12:00:00+00:00,72939.4,73115.5,72372,72891.7,16659.451
2024-03-14T13:00:00+00:00,72891.8,72967.5,71511,71951.3,42741.523
2024-03-14T14:00:00+00:00,71951.2,72626.7,71250,71772,37396.719
2024-03-14T15:00:00+00:00,71771.9,72150,70563,70904.5,49011.026
2024-03-14T16:00:00+00:00,70904.5,71538.2,69900,71412,54770.571
2024-03-14T17:00:00+00:00,71412,71548,70758.6,71097.2,19617.782
2024-03-14T18:00:00+00:00,71097.1,71101.8,69338.8,70154,39440.218
2024-03-14T19:00:00+00:00,70153,70520.8,68600,69500.4,65806.893
2024-03-14T20:00:00+00:00,69500.4,71316.3,69392.1,70810.8,36986.408
2024-03-14T21:00:00+00:00,70810.8,71219.5,70356,71163.8,13400.825
2024-03-14T22:00:00+00:00,71163.8,71731.4,71143.8,71594,14929.134
2024-03-14T23:00:00+00:00,71594.1,71785,71432.6,71455.5,7236.983
2024-03-15T00:00:00+00:00,71455.6,72500,71321,71971,20929.806
2024-03-15T01:00:00+00:00,71970.9,72132.6,71667.9,71700,7551.725
2024-03-15T02:00:00+00:00,71699.9,71835,67828.3,69062.4,70022.493
2024-03-15T03:00:00+00:00,69062.5,69475,66660.1,68266,84717.819
2024-03-15T04:00:00+00:00,68266,68548,66905,67477.3,46505.814
2024-03-15T05:00:00+00:00,67477.2,68294.8,67160.9,67478.8,26490.376
2024-03-15T06:00:00+00:00,67478.7,68733.9,67462.5,68708.4,22542.221
2024-03-15T07:00:00+00:00,68708.4,68910.5,68171.2,68487.4,17322.095
2024-03-15T08:00:00+00:00,68487.4,68665.5,67058,67122.6,39148.522
2024-03-15T09:00:00+00:00,67123.1,68194,65580,67857.8,77114.472
2024-03-15T10:00:00+00:00,67857.8,68160.2,67277.4,67308.8,19675.979
2024-03-15T11:00:00+00:00,67308.9,67960,66800,67818.3,25397.053
2024-03-15T12:00:00+00:00,67818.3,68128.8,67528.8,67962.6,13206.896
2024-03-15T13:00:00+00:00,67962.7,68700,67444.9,68498,29998.068
2024-03-15T14:00:00+00:00,68498,68678.7,67877,68655.7,18832.079
2024-03-15T15:00:00+00:00,68655.7,68777,68145.3,68199.2,12830.525
2024-03-15T16:00:00+00:00,68199.2,68473,67568,67954.3,23641.894
2024-03-15T17:00:00+00:00,67954.3,68379.3,67658.4,68262.3,10146.224
2024-03-15T18:00:00+00:00,68262.2,70528.8,68249.2,70276,34485.232
2024-03-15T19:00:00+00:00,70275.9,70715.9,68577,69003,40152.794
2024-03-15T20:00:00+00:00,69002.9,69013.2,67420,67906.5,31535.647
2024-03-15T21:00:00+00:00,67906.6,68345.1,67859.7,68342.3,7875.655
2024-03-15T22:00:00+00:00,68342.2,69222,68228.5,69123.7,10162.841
2024-03-15T23:00:00+00:00,69126.2,69813.6,68809.1,69552.2,15524.455
2024-03-16T00:00:00+00:00,69552.1,70097.6,69461.7,69690.3,12894.448
2024-03-16T01:00:00+00:00,69690.2,69927.9,69097.6,69332.4,11435.608
2024-03-16T02:00:00+00:00,69332.5,69374.9,68967.1,69120,6591.623
2024-03-16T03:00:00+00:00,69119.9,69482,69026.8,69247.6,5518.699
2024-03-16T04:00:00+00:00,69247.6,69353.3,68853,69058.6,7033.417
2024-03-16T05:00:00+00:00,69058.6,69156.7,68646,69032.4,7851.148
2024-03-16T06:00:00+00:00,69032.4,69296.7,68979.7,69234.4,4750.59
2024-03-16T07:00:00+00:00,69234.4,69527.6,69190,69490.2,5891.769
2024-03-16T08:00:00+00:00,69490.2,69490.2,69010,69082.8,5902.518
2024-03-16T09:00:00+00:00,69083.2,69212.1,68888,68995,5340.881
2024-03-16T10:00:00+00:00,68995,69054.5,68351.9,68471.4,12363.685
2024-03-16T11:00:00+00:00,68471.3,68618.9,67739.6,68300.1,19738.509
2024-03-16T12:00:00+00:00,68300,68501.5,67912.2,67931,11410.826
2024-03-16T13:00:00+00:00,67931.1,68321.5,67667.4,67750.1,12865.471
2024-03-16T14:00:00+00:00,67750.1,68291.5,67576,68237,14315.019
2024-03-16T15:00:00+00:00,68237.1,68557.6,67890,68431.8,9345.536
2024-03-16T16:00:00+00:00,68431.9,68477,68161.6,68235.5,6045.212
2024-03-16T17:00:00+00:00,68235.4,68295,67166,67325.9,18518.535
2024-03-16T18:00:00+00:00,67326,67431.3,66700,67079.6,32183.62
2024-03-16T19:00:00+00:00,67079.6,67785,66933.1,66969.1,19127.035
2024-03-16T20:00:00+00:00,66969.1,67600,66762.2,67172.3,14763.429
2024-03-16T21:00:00+00:00,67172.4,67297.8,66050,66284,26062.399
2024-03-16T22:00:00+00:00,66283.9,66851.2,65840,66398.6,16491.845
2024-03-16T23:00:00+00:00,66398.6,66429.2,64750,65351,46984.307
2024-03-17T00:00:00+00:00,65351,66349,65166.6,65273.4,23810.563
2024-03-17T01:00:00+00:00,65273.4,66248,65273.4,66213.1,13469.068
2024-03-17T02:00:00+00:00,66213.1,66630.7,66074.1,66402.9,10438.258
2024-03-17T03:00:00+00:00,66403,66619.9,66233.8,66574.4,6435.334
2024-03-17T04:00:00+00:00,66574.5,66600,66303.5,66391.2,3913.228
2024-03-17T05:00:00+00:00,66391.1,66583.3,66026.5,66284.1,7704.391
2024-03-17T06:00:00+00:00,66284,66407.2,65000,65007,19823.28
2024-03-17T07:00:00+00:00,65007.1,65846.4,64559.8,65681.2,38736.179
2024-03-17T08:00:00+00:00,65681.1,66795,65333,66559.3,20111.585
2024-03-17T09:00:00+00:00,66559.2,66877,66320,66505,13636.679
2024-03-17T10:00:00+00:00,66504.9,67475.4,66446.5,67225.3,20302.336
2024-03-17T11:00:00+00:00,67225.3,67600,66955.7,67015,12568.701
2024-03-17T12:00:00+00:00,67014.9,67474.8,66500,66640.6,14156.415
2024-03-17T13:00:00+00:00,66640.7,67538.9,66638.1,67186,17965.397
2024-03-17T14:00:00+00:00,67186,67713.3,66941.5,67652.6,9835.049
2024-03-17T15:00:00+00:00,67652.6,68199,67273.1,68009.8,16014.96
2024-03-17T16:00:00+00:00,68009.9,68447.9,67812.2,68066.6,14248.426
2024-03-17T17:00:00+00:00,68066.7,68757.1,67955.3,68592.4,10586.767
2024-03-17T18:00:00+00:00,68592.4,68679.5,68111.8,68230,7798.268
2024-03-17T19:00:00+00:00,68230,68634.6,68144.1,68575.5,3986.047
2024-03-17T20:00:00+00:00,68575.5,68722.7,68252,68325.1,5002.947
2024-03-17T21:00:00+00:00,68325.1,68430,68001.6,68201.2,4331.735
2024-03-17T22:00:00+00:00,68201.1,68972.4,68201.1,68269.2,11919.958
2024-03-17T23:00:00+00:00,68269.2,68742,68118.7,68447.9,8094.738
2024-03-18T00:00:00+00:00,68447.9,68486.6,67335,67360.8,19389.007
2024-03-18T01:00:00+00:00,67360.9,67841.8,66814.6,67686.6,17002.216
2024-03-18T02:00:00+00:00,67686.7,68283,67435.6,67817.5,11155.913
2024-03-18T03:00:00+00:00,67817.6,68222,67792.6,68038.1,6402.608
2024-03-18T04:00:00+00:00,68038.1,68640,67760.1,68422.1,9709.245
2024-03-18T05:00:00+00:00,68422,69044.4,68274.8,68746.5,13396.887
2024-03-18T06:00:00+00:00,68746.6,68783.4,68450.1,68530.2,6070.134
2024-03-18T07:00:00+00:00,68530.3,68534.2,68160,68262.9,8121.659
2024-03-18T08:00:00+00:00,68262.9,68276.2,67350.6,68086.6,18279.824
2024-03-18T09:00:00+00:00,68086.7,68294.2,67682.8,67899.2,11457.74
2024-03-18T10:00:00+00:00,67899.3,68270.6,67739.3,68187.3,7597.171
2024-03-18T11:00:00+00:00,68187.3,68557.9,68075.6,68307.7,8167.082
2024-03-18T12:00:00+00:00,68307.6,68670,68070.9,68608.1,10060.496
2024-03-18T13:00:00+00:00,68608.2,68685.3,67186.4,67605.8,34161.737
2024-03-18T14:00:00+00:00,67605.7,67875.9,66705,67045.2,30170.736
2024-03-18T15:00:00+00:00,67045.2,67525.5,66658,67509.2,18730.959
2024-03-18T16:00:00+00:00,67509.2,68140,67012.3,67180,21641.377
2024-03-18T17:00:00+00:00,67179.9,67548.2,66601.6,67432.2,22109.102
2024-03-18T18:00:00+00:00,67432.3,67507.7,66990.4,67054,7696.085
2024-03-18T19:00:00+00:00,67054,67497.6,66910.9,66985.7,8651.949
2024-03-18T20:00:00+00:00,66985.8,67436.8,66985.8,67412,4553.755
2024-03-18T21:00:00+00:00,67411.9,67977,67387.3,67673.9,8838.923
2024-03-18T22:00:00+00:00,67673.8,67770,67336.4,67740.4,5523.917
2024-03-18T23:00:00+00:00,67740.4,68054.9,67562.4,67660,8997.394
2024-03-19T00:00:00+00:00,67660,68178.6,66913,67146.9,19341.68
2024-03-19T01:00:00+00:00,67146.9,67230,65850,65899.1,37312.631
2024-03-19T02:00:00+00:00,65899.4,66445.3,65547.8,65929.4,26543.241
2024-03-19T03:00:00+00:00,65929.4,66108.7,64893.1,65930.5,34846.318
2024-03-19T04:00:00+00:00,65930.4,66044,65065,65401.8,22233.139
2024-03-19T05:00:00+00:00,65401.8,65677.5,64675.2,65265.9,23207.041
2024-03-19T06:00:00+00:00,65265.8,65498.5,64640.5,64977.1,17288.979
2024-03-19T07:00:00+00:00,64977.2,64977.2,63625,64742.1,51970.479
2024-03-19T08:00:00+00:00,64742.1,64750,63150,63534.2,43264.732
2024-03-19T09:00:00+00:00,63534.2,64275.5,63050,64184.5,43107.666
2024-03-19T10:00:00+00:00,64184.4,64199.9,62758.4,63303.4,31221.901
2024-03-19T11:00:00+00:00,63303.5,63457.8,62545,63137.1,31051.892
2024-03-19T12:00:00+00:00,63137.1,63850.9,63047.3,63668.5,28087.352
2024-03-19T13:00:00+00:00,63668.5,63921.8,63101.3,63606.8,24003.642
2024-03-19T14:00:00+00:00,63606.9,63606.9,62412.1,62928.4,33886.034
2024-03-19T15:00:00+00:00,62928.4,64198.7,62632,64084,34232.96
2024-03-19T16:00:00+00:00,64084.1,65096.8,64003,65008.9,33757.481
2024-03-19T17:00:00+00:00,65009,65802.8,64666,64916.5,40865.836
2024-03-19T18:00:00+00:00,64916.4,64989,64207.8,64762.9,18966.532
2024-03-19T19:00:00+00:00,64762.9,65353.8,64425.7,64435,13938.668
2024-03-19T20:00:00+00:00,64435,64549.2,63590,63814.7,23660.24
2024-03-19T21:00:00+00:00,63814.8,64158.8,63587.3,63998.8,8801.035
2024-03-19T22:00:00+00:00,63998.9,64086.9,62500,62682.6,22441.29
2024-03-19T23:00:00+00:00,62682.6,62850,61582.8,61974.1,36436.026
2024-03-20T00:00:00+00:00,61974.1,63455.1,61882,63283.5,29918.842
2024-03-20T01:00:00+00:00,63283.5,63304.3,61908,62430.1,25421.25
2024-03-20T02:00:00+00:00,62430.1,63092.6,62278.2,62930,15392.511
2024-03-20T03:00:00+00:00,62929.9,63544.1,61661.7,61894.8,30294.294
2024-03-20T04:00:00+00:00,61896.3,62392.7,61110,61694.5,34835.188
2024-03-20T05:00:00+00:00,61694.5,61837,60800,61596.4,34709.818
2024-03-20T06:00:00+00:00,61596,62093.5,61567.2,61800.7,15464.114
2024-03-20T07:00:00+00:00,61800.7,63248.8,61772.7,62995.1,26371.509
2024-03-20T08:00:00+00:00,62995.1,63363.5,62726.4,62737.6,21985.906
2024-03-20T09:00:00+00:00,62737.5,63429.6,62676.6,63259.1,16025.25
2024-03-20T10:00:00+00:00,63259.2,63344.4,62863.7,63088.1,9561.179
2024-03-20T11:00:00+00:00,63088.1,64010,63018.4,63432,22944.804
2024-03-20T12:00:00+00:00,63432,64380,63211.5,64102,25826.148
2024-03-20T13:00:00+00:00,64101.7,64107.1,63113.6,63640.5,25260.163
2024-03-20T14:00:00+00:00,63640.6,64376.3,63487.3,64261.7,18658.055
2024-03-20T15:00:00+00:00,64261.8,64450,63439.8,63649,23991.308
2024-03-20T16:00:00+00:00,63648.9,63835,62057.7,63139.8,50570.7
2024-03-20T17:00:00+00:00,63144.8,64872,62873.9,64149.9,41039.854
2024-03-20T18:00:00+00:00,64149.9,65545.4,63908,65455.4,40606.197
2024-03-20T19:00:00+00:00,65455.5,66062.4,65130,65821.6,28764.213
2024-03-20T20:00:00+00:00,65821.6,67850,65692.3,67092.2,50561.55
2024-03-20T21:00:00+00:00,67094.6,67940,66947.1,67716.9,17389.87
2024-03-20T22:00:00+00:00,67716.9,68140,67404,67714.5,17968.009
2024-03-20T23:00:00+00:00,67714.6,68100,67456.6,67876.4,13801.733
2024-03-21T00:00:00+00:00,67876.4,68293.9,67470,67696.2,19960.809
2024-03-21T01:00:00+00:00,67696.3,68003.7,67694.7,67835.4,6809.339
2024-03-21T02:00:00+00:00,67835.4,67981.5,67539.1,67575.9,7244.246
2024-03-21T03:00:00+00:00,67576,67797.9,66400.4,66707.8,22112.577
2024-03-21T04:00:00+00:00,66707.8,67016,66547.1,66774.9,12228.991
2024-03-21T05:00:00+00:00,66774.9,67147.4,66129,67059.3,19605.991
2024-03-21T06:00:00+00:00,67059.2,67384.6,66938.8,67019.1,11908.42
2024-03-21T07:00:00+00:00,67019.1,67383.1,66958,67031.8,8072.242
2024-03-21T08:00:00+00:00,67031.8,67716.6,67017.2,67336.1,13500.221
2024-03-21T09:00:00+00:00,67336,67403.5,66695.6,66899.6,10834.543
2024-03-21T10:00:00+00:00,66899.5,67075.3,66705.7,67015.9,8040.956
2024-03-21T11:00:00+00:00,67016,67279.6,66780,67082.3,8331.096
2024-03-21T12:00:00+00:00,67082.3,67534.2,67044.6,67292.3,9021.049
2024-03-21T13:00:00+00:00,67292.2,67774.3,66650.6,66782.1,25746.674
2024-03-21T14:00:00+00:00,66782.2,67448.3,66573,66915.8,15372.674
2024-03-21T15:00:00+00:00,66915.9,67032.5,66105.8,66601.6,22500.6
2024-03-21T16:00:00+00:00,66601.6,66883.7,66222,66844.1,10655.208
2024-03-21T17:00:00+00:00,66844.1,67066.6,65715,65785.1,20801.553
2024-03-21T18:00:00+00:00,65784.6,65932.8,64924.6,65194.5,30603.188
2024-03-21T19:00:00+00:00,65194.4,65634.4,65004,65276,13822.549
2024-03-21T20:00:00+00:00,65274.3,66000,64550.1,65535.7,30697.023
2024-03-21T21:00:00+00:00,65535.7,65789.6,65139.7,65693.2,7233.164
2024-03-21T22:00:00+00:00,65693.1,65903.7,65376.8,65430.6,7476.745
2024-03-21T23:00:00+00:00,65430.5,65680.5,65310,65539.9,4638.527
2024-03-22T00:00:00+00:00,65539.9,66050,65408.4,65843.8,10469.612
2024-03-22T01:00:00+00:00,65843.8,65973.1,65236,65284.2,8808.902
2024-03-22T02:00:00+00:00,65284.1,65769.2,65163,65689.9,8732.698
2024-03-22T03:00:00+00:00,65689.9,66200,65625,66017.8,11246.089
2024-03-22T04:00:00+00:00,66017.8,66356,65801.4,66180,7490.091
2024-03-22T05:00:00+00:00,66180,66484.8,65977.9,66470.1,6906.629
2024-03-22T06:00:00+00:00,66470.2,66691.9,66335.9,66486.8,8186.447
2024-03-22T07:00:00+00:00,66486.8,66486.8,66158,66223.4,6040.986
2024-03-22T08:00:00+00:00,66223.3,66413,65849.1,65900,8851.179
2024-03-22T09:00:00+00:00,65900.1,66110.1,65381,65536.2,12472.647
2024-03-22T10:00:00+00:00,65536.2,65650,64560.1,64695.9,24254.019
2024-03-22T11:00:00+00:00,64696,64987.3,64102,64268,18705.011
2024-03-22T12:00:00+00:00,64268.1,64729.1,63954,64301.5,17703.812
2024-03-22T13:00:00+00:00,64301.5,64485.7,62850,63097.2,43961.985
2024-03-22T14:00:00+00:00,63097.1,63500,62614.5,62790,39521.816
2024-03-22T15:00:00+00:00,62789.9,64413.3,62681.3,63920,40997.22
2024-03-22T16:00:00+00:00,63920,63935.1,62794.6,63312,29900.242
2024-03-22T17:00:00+00:00,63312.1,63838,63303.5,63624.2,16242.985
2024-03-22T18:00:00+00:00,63624.1,64040.8,63476,63779.3,11214.193
2024-03-22T19:00:00+00:00,63779.3,64168,63476,63907.2,10544.218
2024-03-22T20:00:00+00:00,63907.4,64017.1,63380.9,63539.9,9541.628
2024-03-22T21:00:00+00:00,63539.2,63566.6,62294,63010.6,25195.998
2024-03-22T22:00:00+00:00,63010.6,63282.9,62582,63061.5,13881.055
2024-03-22T23:00:00+00:00,63061.4,63895.8,63017.2,63826,10279.871
2024-03-23T00:00:00+00:00,63826.1,63849.8,63577,63608.4,8126.951
2024-03-23T01:00:00+00:00,63608.4,64363.4,63576.9,64147.3,12174.939
2024-03-23T02:00:00+00:00,64147.3,64418,63765.6,63892.8,10207.22
2024-03-23T03:00:00+00:00,63892.8,63905.4,63020.2,63592,14662.752
2024-03-23T04:00:00+00:00,63592,64136.4,63537.8,63920.2,11131.53
2024-03-23T05:00:00+00:00,63920.1,64181.8,63750,64106.6,5457.348
2024-03-23T06:00:00+00:00,64106.7,64344.9,64010.8,64201.3,5830.669
2024-03-23T07:00:00+00:00,64201.4,64887.6,64190.2,64606.5,16155.809
2024-03-23T08:00:00+00:00,64606.6,64875.2,64236.4,64572.9,10444.389
2024-03-23T09:00:00+00:00,64572.9,64651,64221.3,64511.4,6950.088
2024-03-23T10:00:00+00:00,64511.3,64756.4,64231.8,64365.8,7856.263
2024-03-23T11:00:00+00:00,64365.8,64674.9,64270,64674.9,5324.835
2024-03-23T12:00:00+00:00,64674.8,64968,64572,64728.3,7277.009
2024-03-23T13:00:00+00:00,64728.2,64757.6,64320,64628.2,9382.718
2024-03-23T14:00:00+00:00,64628.2,65473.8,64419.6,65280,21280.17
2024-03-23T15:00:00+00:00,65280,65400,64770,65147.5,12075.191
2024-03-23T16:00:00+00:00,65147.4,65863,64938.4,65697.2,14855.697
2024-03-23T17:00:00+00:00,65697.1,66050,65509,65701.1,12047.711
2024-03-23T18:00:00+00:00,65701.2,65727.7,65325.2,65431.2,8117.721
2024-03-23T19:00:00+00:00,65431.2,65537,64823.5,64917.9,11277.118
2024-03-23T20:00:00+00:00,64918,65156.4,64713.6,65040.1,6201.242
2024-03-23T21:00:00+00:00,65040.2,65245.3,64825,64980.1,3893.908
2024-03-23T22:00:00+00:00,64980.2,65094.5,64773.2,64774.4,3377.307
2024-03-23T23:00:00+00:00,64774.4,64852.2,63861.9,64020.3,15015.415
2024-03-24T00:00:00+00:00,64020.4,64628.7,63995.7,64561,8468.751
2024-03-24T01:00:00+00:00,64561,64770.3,64413,64512,4988.077
2024-03-24T02:00:00+00:00,64512.2,64588,64184.8,64315.7,5914.423
2024-03-24T03:00:00+00:00,64315.7,64317.3,63951.7,64007.6,7584.332
2024-03-24T04:00:00+00:00,64008.1,64310.2,63822,64269,9889.997
2024-03-24T05:00:00+00:00,64268.9,64432.2,64154.4,64343.4,4508.743
2024-03-24T06:00:00+00:00,64343.5,64472.8,64118.8,64263.2,5515.949
2024-03-24T07:00:00+00:00,64263.3,64633.6,64060.9,64624.6,6612.396
2024-03-24T08:00:00+00:00,64624.6,65318.4,64511.9,65295.3,15503.856
2024-03-24T09:00:00+00:00,65295.3,65311,64850,64924.7,9445.867
2024-03-24T10:00:00+00:00,64924.8,65432.9,64905.9,65137.8,8036.957
2024-03-24T11:00:00+00:00,65137.9,65399,65000,65371.9,5860.362
2024-03-24T12:00:00+00:00,65371.9,65843.5,65224.7,65684,14769.942
2024-03-24T13:00:00+00:00,65683.7,65880,65300,65399.9,10269.688
2024-03-24T14:00:00+00:00,65399.9,65974.7,65350.8,65692.2,10559.765
2024-03-24T15:00:00+00:00,65692.2,65800,65466.7,65718.6,6567.874
2024-03-24T16:00:00+00:00,65718.6,65891,65224.9,65296,9570.103
2024-03-24T17:00:00+00:00,65295.9,65600,64635,65384.7,21768.298
2024-03-24T18:00:00+00:00,65384.4,66127,65378.8,65892.1,14579.079
2024-03-24T19:00:00+00:00,65892,66093,65719.5,65886.8,8648.933
2024-03-24T20:00:00+00:00,65886.8,66540.8,65777.3,66207.4,13256.161
2024-03-24T21:00:00+00:00,66207.4,66769.6,66207.3,66575,8922.511
2024-03-24T22:00:00+00:00,66574.9,67136.2,66529.8,66992.9,13269.77
2024-03-24T23:00:00+00:00,66992.9,67700,66969.5,67260.9,19667.601
2024-03-25T00:00:00+00:00,67260.9,67369.7,66560,66633.6,14791.863
2024-03-25T01:00:00+00:00,66633.6,67067.3,66470.2,66613.3,8920.905
2024-03-25T02:00:00+00:00,66613.3,66864.5,66427.6,66742.1,5808.472
2024-03-25T03:00:00+00:00,66745.9,67409.6,66617.6,67407.8,9110.502
2024-03-25T04:00:00+00:00,67407.8,67588.9,67076.1,67539,11605.196
2024-03-25T05:00:00+00:00,67539,67780,67334.1,67395,10456.962
2024-03-25T06:00:00+00:00,67395.1,67450.1,66956.2,67190.3,8874.991
2024-03-25T07:00:00+00:00,67190.3,67320,66744,66866.6,8051.908
2024-03-25T08:00:00+00:00,66866.5,67253.5,66837.9,66986.2,8200.169
2024-03-25T09:00:00+00:00,66986.1,67166,66784.2,67101.9,5409.095
2024-03-25T10:00:00+00:00,67101.9,67388.3,66882.5,67058,9109.448
2024-03-25T11:00:00+00:00,67057.9,67077.1,66802.9,66855.9,6977.69
2024-03-25T12:00:00+00:00,66855.1,67318.8,66825.5,67125.2,9103.023
2024-03-25T13:00:00+00:00,67125.2,68098.6,66884.6,68046.6,21219.197
2024-03-25T14:00:00+00:00,68046.6,69534.8,67730.4,69434.7,72880.964
2024-03-25T15:00:00+00:00,69434.6,70108.1,69174.6,69844.6,36998.737
2024-03-25T16:00:00+00:00,69844.5,70370.3,69505.8,70214.7,29807.699
2024-03-25T17:00:00+00:00,70214.7,70888,70192.4,70605.8,29274.741
2024-03-25T18:00:00+00:00,70605.9,70984.3,70417.1,70900,13721.673
2024-03-25T19:00:00+00:00,70900,71063.6,70552,71019.6,14810.914
2024-03-25T20:00:00+00:00,71019.6,71228.3,70723.1,70950,13896.484
2024-03-25T21:00:00+00:00,70950,70982.3,69608.9,69904.6,22071.497
2024-03-25T22:00:00+00:00,69904.5,70749.7,69900.1,70365,12777.54
2024-03-25T23:00:00+00:00,70365,70523,69768.4,69920.5,11276.521
2024-03-26T00:00:00+00:00,69920.6,70297.4,69782.2,69951.6,10281.626
2024-03-26T01:00:00+00:00,69951.6,70380,69853.7,70332,6475.833
2024-03-26T02:00:00+00:00,70332,70625.1,70087.9,70588.3,7485.28
2024-03-26T03:00:00+00:00,70588.3,70679,70344.9,70473.8,6440.438
2024-03-26T04:00:00+00:00,70473.7,70729.7,70460.3,70636.8,6345.175
2024-03-26T05:00:00+00:00,70636.8,70657.6,70302.4,70344.1,5584.611
2024-03-26T06:00:00+00:00,70344.2,70665.9,70312,70656.7,4738.143
2024-03-26T07:00:00+00:00,70656.7,71649,70419.5,70535,33688.351
2024-03-26T08:00:00+00:00,70535,70883.8,70295.9,70749.5,13481.255
2024-03-26T09:00:00+00:00,70749.6,71340.8,70666,71191.4,12340.65
2024-03-26T10:00:00+00:00,71191.5,71250,70901.7,70934.7,8691.352
2024-03-26T11:00:00+00:00,70934.7,70962,70620,70734.2,9624.011
2024-03-26T12:00:00+00:00,70734.1,71181.8,70555.1,71168.1,9851.163
2024-03-26T13:00:00+00:00,71168.1,71200,70117.9,70459.4,29741.395
2024-03-26T14:00:00+00:00,70459.3,70747.9,69320,70377.6,45406.144
2024-03-26T15:00:00+00:00,70377.7,70416.7,69740.7,70307.1,16982.893
2024-03-26T16:00:00+00:00,70307,70580,69465.2,69799.4,21413.722
2024-03-26T17:00:00+00:00,69796.7,70260,69550,70125.4,12621.523
2024-03-26T18:00:00+00:00,70125.4,70478.2,69970.4,69982.5,7781.438
2024-03-26T19:00:00+00:00,69982.6,70135.1,69465.8,69523.3,12853.316
2024-03-26T20:00:00+00:00,69523.2,69945.9,69420,69889.3,7748.299
2024-03-26T21:00:00+00:00,69889.3,70261.4,69775.1,70054.4,5393.195
2024-03-26T22:00:00+00:00,70054.3,70339,69688.8,70304.5,8042.072
2024-03-26T23:00:00+00:00,70304.5,70368,70000,70044.1,4849.231
2024-03-27T00:00:00+00:00,70044.2,70767.3,69888,70665,11358.989
2024-03-27T01:00:00+00:00,70665,70799.3,70209.3,70387.9,9924.714
2024-03-27T02:00:00+00:00,70387.9,70665.3,70223,70647,8412.05
2024-03-27T03:00:00+00:00,70646.9,70758.8,70354,70445.1,5932.669
2024-03-27T04:00:00+00:00,70445.2,70553.6,70087.2,70256.6,7074.03
2024-03-27T05:00:00+00:00,70256.6,70589.6,70207.4,70529.9,5273.963
2024-03-27T06:00:00+00:00,70529.9,70650,70219.9,70371,4810.769
2024-03-27T07:00:00+00:00,70371,70394.3,69690.1,69798.8,14187.738
2024-03-27T08:00:00+00:00,69797.5,70066,69555,69604,8856.358
2024-03-27T09:00:00+00:00,69604,70197.3,69466.4,70116.4,13529.595
2024-03-27T10:00:00+00:00,70116.4,70270.5,69979,70185.3,7965.763
2024-03-27T11:00:00+00:00,70185.4,70436.6,70078.6,70290.3,8517.379
2024-03-27T12:00:00+00:00,70290.2,70430,70055.5,70255.3,6892.046
2024-03-27T13:00:00+00:00,70255.4,71888,69619.8,69966.2,91578.138
2024-03-27T14:00:00+00:00,69966.3,70300,68551,70127.8,75570.306
2024-03-27T15:00:00+00:00,70127.8,70150.4,68900,68922,29032.882
2024-03-27T16:00:00+00:00,68922.1,69374.9,68364.8,69304.9,31854.046
2024-03-27T17:00:00+00:00,69304.8,69487.8,68600,68732.2,10623.289
2024-03-27T18:00:00+00:00,68732.3,68996.7,68436.2,68531.5,17664.228
2024-03-27T19:00:00+00:00,68531.6,69000,68502.9,68707.8,9559.387
2024-03-27T20:00:00+00:00,68707.7,69229.9,68677.2,68956.7,7838.002
2024-03-27T21:00:00+00:00,68956.6,69296,68948.3,68982.8,5023.985
2024-03-27T22:00:00+00:00,68982.9,69496,68968.1,69484.8,6979.826
2024-03-27T23:00:00+00:00,69484.8,69703.7,69121,69532.6,9297.636
2024-03-28T00:00:00+00:00,69532.6,70081.9,69441.4,69747.1,12488.31
2024-03-28T01:00:00+00:00,69747.1,69805.4,69357.1,69506.1,5602.116
2024-03-28T02:00:00+00:00,69506,69642.6,68941,69208.2,7964.745
2024-03-28T03:00:00+00:00,69208.2,69429,69116.6,69349.3,5806.575
2024-03-28T04:00:00+00:00,69349.3,69827.5,69333,69781,7354.189
2024-03-28T05:00:00+00:00,69781,69999.4,69661.3,69758,5328.156
2024-03-28T06:00:00+00:00,69757.9,70469.9,69685.8,70420,15582.883
2024-03-28T07:00:00+00:00,70420,70564,70240.2,70456.8,9223.279
2024-03-28T08:00:00+00:00,70457,70924,70344.9,70624.9,14402.671
2024-03-28T09:00:00+00:00,70625,70993.5,70572.4,70622.9,9248.674
2024-03-28T10:00:00+00:00,70623,70925.6,70385.4,70864.4,9639.887
2024-03-28T11:00:00+00:00,70864.4,71050,70575.2,70707.7,9650.567
2024-03-28T12:00:00+00:00,70707.7,70935.9,70411,70902.8,9942.337
2024-03-28T13:00:00+00:00,70902.9,71440,70468,70924.5,28457.709
2024-03-28T14:00:00+00:00,70924.5,71636.2,70736,71598.5,25671.818
2024-03-28T15:00:00+00:00,71598.4,71598.4,71009.2,71335.1,14297.763
2024-03-28T16:00:00+00:00,71335.2,71381.4,70565.3,70749.1,14321.493
2024-03-28T17:00:00+00:00,70749.1,70899,70527.6,70848,6441.096
2024-03-28T18:00:00+00:00,70847.9,71030,70455.6,70610.4,7007.122
2024-03-28T19:00:00+00:00,70610.3,70966.4,70548,70837.1,5752.415
2024-03-28T20:00:00+00:00,70837.1,70917.2,70656,70726.1,3639.561
2024-03-28T21:00:00+00:00,70726.1,70955.8,70693,70829,2940.087
2024-03-28T22:00:00+00:00,70829.1,70949.9,70592.3,70907.6,4544.993
2024-03-28T23:00:00+00:00,70907.6,71138,70724.2,70838.7,6890.779
2024-03-29T00:00:00+00:00,70838.8,70886,70656,70793.7,3975.84
2024-03-29T01:00:00+00:00,70793.6,70976.9,70696.4,70840.8,3632.326
2024-03-29T02:00:00+00:00,70840.8,70874.8,70628.8,70675.7,3819.89
2024-03-29T03:00:00+00:00,70675.7,70767.7,70335.1,70491.8,6956.579
2024-03-29T04:00:00+00:00,70491.7,70598.5,70344.9,70427,4095.79
2024-03-29T05:00:00+00:00,70427,70516.9,70231,70237.1,5464.216
2024-03-29T06:00:00+00:00,70237,70545.2,70077.1,70490.1,7094.487
2024-03-29T07:00:00+00:00,70490,70574.6,69801.9,69855.6,14335.604
2024-03-29T08:00:00+00:00,69855.6,70150,69758,69998.9,10906.79
2024-03-29T09:00:00+00:00,69998.9,70113.8,69614.1,69802.3,9278.257
2024-03-29T10:00:00+00:00,69802.3,70187.1,69612.8,70159.6,8406.965
2024-03-29T11:00:00+00:00,70159.5,70379.9,70105.5,70182.9,7745.199
2024-03-29T12:00:00+00:00,70183,70356.8,69893,70200.1,9732.642
2024-03-29T13:00:00+00:00,70200.1,70704.8,70106.7,70497.8,11260.331
2024-03-29T14:00:00+00:00,70497.7,70562.7,70066.1,70121.3,8881.032
2024-03-29T15:00:00+00:00,70121.3,70183.7,69000,69240.1,30856.381
2024-03-29T16:00:00+00:00,69240.4,69636.6,69125.4,69239.2,11736.424
2024-03-29T17:00:00+00:00,69239.3,69530.2,69150,69465.3,6627.326
2024-03-29T18:00:00+00:00,69465.2,69650,69366,69565.6,4457.611
2024-03-29T19:00:00+00:00,69565.6,69734.6,69405.7,69720.6,3309.889
2024-03-29T20:00:00+00:00,69720.5,69789.5,69567.4,69667.6,2850.481
2024-03-29T21:00:00+00:00,69667.5,69677,69327,69475.2,3198.634
2024-03-29T22:00:00+00:00,69475.2,69888,69475.1,69851.5,4969.322
2024-03-29T23:00:00+00:00,69851.6,69970.1,69788.1,69903.6,4378.825
2024-03-30T00:00:00+00:00,69903.6,69999,69753.3,69985,3403.254
2024-03-30T01:00:00+00:00,69985,70245,69876.7,70038,6925.346
2024-03-30T02:00:00+00:00,70038,70070,69883.9,69990.3,2807.192
2024-03-30T03:00:00+00:00,69990.4,70100.6,69800.3,69836.8,4023.087
2024-03-30T04:00:00+00:00,69836.8,70169.3,69805.1,70136,4185.625
2024-03-30T05:00:00+00:00,70136,70388,69936.4,70075.1,7893.789
2024-03-30T06:00:00+00:00,70075,70150,69935.1,70014.3,3835.135
2024-03-30T07:00:00+00:00,70014.2,70091.5,69900.1,69900.1,2405.85
2024-03-30T08:00:00+00:00,69900.2,70081.1,69872.3,70027.9,3990.491
2024-03-30T09:00:00+00:00,70027.9,70250,69965.2,70075.2,4156.014
2024-03-30T10:00:00+00:00,70075.3,70181.1,69999,70096,2293.676
2024-03-30T11:00:00+00:00,70096,70254.7,70095.9,70237.1,3744.348
2024-03-30T12:00:00+00:00,70237.1,70290,70144,70280,3295.628
2024-03-30T13:00:00+00:00,70280,70328,70123,70213.4,3088.581
2024-03-30T14:00:00+00:00,70213.3,70239,70027.4,70090.1,3282.92
2024-03-30T15:00:00+00:00,70090.1,70216.3,69961.3,70064.9,3660.461
2024-03-30T16:00:00+00:00,70065,70373.8,69959.5,70240.1,5030.615
2024-03-30T17:00:00+00:00,70240.1,70246.9,70057,70100,2832.987
2024-03-30T18:00:00+00:00,70099.9,70101.3,69931.6,69979.8,2852.249
2024-03-30T19:00:00+00:00,69979.8,69993.8,69712.3,69944.7,5525.799
2024-03-30T20:00:00+00:00,69944.7,69959,69827.1,69859.8,1638.327
2024-03-30T21:00:00+00:00,69859.9,69912.7,69667,69775.1,2760.01
2024-03-30T22:00:00+00:00,69775,69893.7,69695,69780.1,2924.851
2024-03-30T23:00:00+00:00,69780.1,69845.2,69577.2,69642.1,4570.515
2024-03-31T00:00:00+00:00,69642,70020,69608,69923.6,5088.516
2024-03-31T01:00:00+00:00,69923.6,70155.3,69888.8,70095.9,4499.961
2024-03-31T02:00:00+00:00,70095.9,70224.2,70007.6,70060.8,2891.938
2024-03-31T03:00:00+00:00,70060.7,70078.8,69790.4,69980.8,4341.808
2024-03-31T04:00:00+00:00,69980.9,70195,69928,70172.4,3668.818
2024-03-31T05:00:00+00:00,70172.3,70555.6,70121.9,70428.6,9081.439
2024-03-31T06:00:00+00:00,70428.6,70467,70241.1,70291.7,3878.638
2024-03-31T07:00:00+00:00,70291.7,70410.5,70224,70366.5,2941.285
2024-03-31T08:00:00+00:00,70367.5,70549.5,70301.1,70342.1,4120.809
2024-03-31T09:00:00+00:00,70342,70387.3,70200,70291.7,2571.709
2024-03-31T10:00:00+00:00,70291.7,70385,70265,70325,1924.604
2024-03-31T11:00:00+00:00,70325,70518,70325,70442.6,4192.639
2024-03-31T12:00:00+00:00,70442.6,70716.9,70436.5,70574.7,7269.092
2024-03-31T13:00:00+00:00,70574.6,70824,70570.6,70657.5,7825.507
2024-03-31T14:00:00+00:00,70657.5,70740,70500,70601.6,5296.062
2024-03-31T15:00:00+00:00,70601.5,70601.6,70329.6,70446.2,5219.393
2024-03-31T16:00:00+00:00,70446.2,70741.7,70387.8,70544.7,5841.343
2024-03-31T17:00:00+00:00,70544.7,70629,70494.8,70573.3,2228.958
2024-03-31T18:00:00+00:00,70573.3,71383.2,70488.4,70974.9,16272.385
2024-03-31T19:00:00+00:00,70974.8,71272.3,70750.5,71135.1,8687.574
2024-03-31T20:00:00+00:00,71135.1,71244.2,70830.3,70935.4,4788.914
2024-03-31T21:00:00+00:00,70935.4,71055.9,70711,70929.9,4655.276
2024-03-31T22:00:00+00:00,70930,71159.7,70912.3,71043.3,5379.206
2024-03-31T23:00:00+00:00,71043.3,71495.5,70982.3,71363,9792.916
2024-04-01T00:00:00+00:00,71363,71388,70935.5,71234.1,7161.196
2024-04-01T01:00:00+00:00,71234.1,71260,70858.9,70885.1,6026.472
2024-04-01T02:00:00+00:00,70885,70975,70827.6,70930.1,3018.134
2024-04-01T03:00:00+00:00,70930.1,70955.4,70588,70650.1,5609.521
2024-04-01T04:00:00+00:00,70650,70727.2,70484.6,70512.8,5033.489
2024-04-01T05:00:00+00:00,70512.8,70595.3,69006.5,69212.2,34363.498
2024-04-01T06:00:00+00:00,69212.2,69720,68895.5,69651.7,23036.111
2024-04-01T07:00:00+00:00,69651.8,69835,69534,69637,8536.026
2024-04-01T08:00:00+00:00,69637,69650,69222,69450,11662.361
2024-04-01T09:00:00+00:00,69449.9,69673.5,69447.8,69448.4,4828.134
2024-04-01T10:00:00+00:00,69448.4,69635,69341.6,69610.1,4839.779
2024-04-01T11:00:00+00:00,69610.1,69868.9,69494.6,69520.4,7775.146
2024-04-01T12:00:00+00:00,69520.4,69892.8,69460.5,69892.1,5657.652
2024-04-01T13:00:00+00:00,69892.1,70145,69688.2,69932.2,13428.891
2024-04-01T14:00:00+00:00,69932.2,69988,68654.3,68950.1,30727.479
2024-04-01T15:00:00+00:00,68950,69069.6,68210,68281,33820.081
2024-04-01T16:00:00+00:00,68280.9,68848.8,68103.3,68621.6,17689.69
2024-04-01T17:00:00+00:00,68621.6,68798.9,68226.9,68784.8,9786.993
2024-04-01T18:00:00+00:00,68784.8,69028.8,68505.5,68960.9,9043.172
2024-04-01T19:00:00+00:00,68960.9,69866.1,68923.3,69682.1,16644.294
2024-04-01T20:00:00+00:00,69682.2,69829.6,69361,69769,7751.073
2024-04-01T21:00:00+00:00,69768.9,69949,69581.4,69629.1,7126.374
2024-04-01T22:00:00+00:00,69629,69900,69614.5,69756,5000.314
2024-04-01T23:00:00+00:00,69758,69923.7,69690,69700,4246.246
2024-04-02T00:00:00+00:00,69700,69731.6,69093.2,69404.3,11235.393
2024-04-02T01:00:00+00:00,69405,69663.2,69289.7,69437.3,4566.918
2024-04-02T02:00:00+00:00,69437.2,69475.3,65600,67025.7,75566.247
2024-04-02T03:00:00+00:00,67025.7,67316.4,66500,66734.1,26856.753
2024-04-02T04:00:00+00:00,66734.1,66980.4,66339.4,66633.4,17954.215
2024-04-02T05:00:00+00:00,66633.3,66875.9,66150,66794,15293.282
2024-04-02T06:00:00+00:00,66794,67157,66733.9,66900.1,11349.921
2024-04-02T07:00:00+00:00,66900.2,66932.7,66475.1,66503.3,10488.898
2024-04-02T08:00:00+00:00,66503.4,66748,66158,66283.8,14613.357
2024-04-02T09:00:00+00:00,66283.8,66577,65788,66120.3,28640.407
2024-04-02T10:00:00+00:00,66120.2,66332.9,65450,66036.5,23879.57
2024-04-02T11:00:00+00:00,66034.7,66096.1,65108,65684.2,33991.555
2024-04-02T12:00:00+00:00,65684.2,65888,65177.3,65400,17700.192
2024-04-02T13:00:00+00:00,65400,65508.2,64650,65268.8,40884.313
2024-04-02T14:00:00+00:00,65268.9,66289,65212,65741.9,33852.695
2024-04-02T15:00:00+00:00,65742,66200,64700,64928.3,28564.646
2024-04-02T16:00:00+00:00,64928.2,65805,64603.2,65581.8,33572.558
2024-04-02T17:00:00+00:00,65581.8,65722.7,65311.7,65650.3,11258.71
2024-04-02T18:00:00+00:00,65650.2,66126.4,65434.7,65871.1,14276.661
2024-04-02T19:00:00+00:00,65871.1,66225.2,65795.5,65946.8,11215.409
2024-04-02T20:00:00+00:00,65946.8,66147.1,65527,65678,11264.862
2024-04-02T21:00:00+00:00,65678,65857,65223.3,65722.9,11145.788
2024-04-02T22:00:00+00:00,65722.9,65975.8,65588.5,65852.8,5234.809
2024-04-02T23:00:00+00:00,65852.7,65868.1,65415,65505.3,5634.413
2024-04-03T00:00:00+00:00,65502.4,65650.8,64500,65433.9,27153.82
2024-04-03T01:00:00+00:00,65433.9,65959,65125.9,65829.9,15044.293
2024-04-03T02:00:00+00:00,65830,66089.9,65714.3,65948.4,9135.233
2024-04-03T03:00:00+00:00,65948.4,66341.8,65785.1,66252.2,9112.61
2024-04-03T04:00:00+00:00,66252.2,66550,66134.4,66357.3,9933.051
2024-04-03T05:00:00+00:00,66357.4,66401.6,65955,66112.7,8169.217
2024-04-03T06:00:00+00:00,66112.7,66415,66084.9,66381.7,5945.741
2024-04-03T07:00:00+00:00,66381.7,66527,66151.3,66181.1,7430.138
2024-04-03T08:00:00+00:00,66181.2,66696.5,66030.4,66544.5,12264.051
2024-04-03T09:00:00+00:00,66544.5,66666,66353.3,66511.6,7293.746
2024-04-03T10:00:00+00:00,66511.6,66550,66050,66230.1,8571.646
2024-04-03T11:00:00+00:00,66230.1,66261,65555,66094.3,19204.355
2024-04-03T12:00:00+00:00,66094.2,66269.3,65777,65950,8423.926
2024-04-03T13:00:00+00:00,65950,66079.3,65661,65843.1,10747.38
2024-04-03T14:00:00+00:00,65843.2,66940,65843.2,66662.4,30098.537
2024-04-03T15:00:00+00:00,66662.5,66688,65733.1,65873.9,17916.822
2024-04-03T16:00:00+00:00,65873.9,66624,65821,66219.7,14121.256
2024-04-03T17:00:00+00:00,66219.6,66420,65855,65980.7,10244.629
2024-04-03T18:00:00+00:00,65980.7,66149.7,65451.1,66026.4,14039.145
2024-04-03T19:00:00+00:00,66026.4,66171.2,65731.8,65798.8,6906.99
2024-04-03T20:00:00+00:00,65798.8,65860,65562,65729.3,6411.105
2024-04-03T21:00:00+00:00,65729.4,65962.3,65500.1,65944.7,5265.542
2024-04-03T22:00:00+00:00,65944.7,66265.1,65872.3,66157.5,7063.424
2024-04-03T23:00:00+00:00,66157.5,66324,65951.8,65971.9,4544.573
2024-04-04T00:00:00+00:00,65971.8,66375.8,65828.4,66297.5,8547.258
2024-04-04T01:00:00+00:00,66297.5,66311.4,66018.6,66150,4086.995
2024-04-04T02:00:00+00:00,66150.1,66162.8,65451.3,65751,11599.939
2024-04-04T03:00:00+00:00,65750.1,65821,65556,65637.2,6039.88
2024-04-04T04:00:00+00:00,65637.2,65718.6,65100,65506.5,15581.252
2024-04-04T05:00:00+00:00,65506.6,65734.3,65398,65606.1,6414.505
2024-04-04T06:00:00+00:00,65606.1,65830,65562.5,65788.3,5175.595
2024-04-04T07:00:00+00:00,65788.4,66307,65688.3,66104.8,11969.134
2024-04-04T08:00:00+00:00,66104.7,66449,66036,66236.6,7875.813
2024-04-04T09:00:00+00:00,66236.7,66428.8,66184,66291.8,5154.815
2024-04-04T10:00:00+00:00,66291.9,66500,66154,66300,5875.154
2024-04-04T11:00:00+00:00,66300,66460.6,66117.6,66361.5,5555.565
2024-04-04T12:00:00+00:00,66361.5,66828.9,66336.6,66714.9,12673.276
2024-04-04T13:00:00+00:00,66715,67488.6,66686,67231.5,28495.598
2024-04-04T14:00:00+00:00,67231.5,67916,67058,67684,23008.815
2024-04-04T15:00:00+00:00,67683.9,67799.4,67416.1,67631.8,11349.526
2024-04-04T16:00:00+00:00,67631.7,68198.6,67514.7,67796.6,15109.052
2024-04-04T17:00:00+00:00,67796.7,68911.7,67720.5,68847.4,24684.572
2024-04-04T18:00:00+00:00,68847,69329.7,68500,68586.5,38713.467
2024-04-04T19:00:00+00:00,68586.5,69080.4,68320,68484,18598.45
2024-04-04T20:00:00+00:00,68483.9,68548.8,67291.3,67945.3,36733.783
2024-04-04T21:00:00+00:00,67945.2,68167.8,67500,67808.4,7666.411
2024-04-04T22:00:00+00:00,67808.3,68074.7,67607.3,67939.9,5310.818
2024-04-04T23:00:00+00:00,67939.8,68581,67891.2,68489.9,10165.665
2024-04-05T00:00:00+00:00,68489.8,68787.1,68158.3,68601.7,7950.242
2024-04-05T01:00:00+00:00,68601.7,68623.5,67829.9,68165.6,10106.139
2024-04-05T02:00:00+00:00,68165.6,68178,67420.2,67621.5,11787.407
2024-04-05T03:00:00+00:00,67621.4,68050.9,67581.9,67885.4,7570.099
2024-04-05T04:00:00+00:00,67885.5,68051.4,67464,67672.5,7048.443
2024-04-05T05:00:00+00:00,67672.5,67774,66376,66907.4,28657.397
2024-04-05T06:00:00+00:00,66907.3,67190,66773.9,67163.9,8593.85
2024-04-05T07:00:00+00:00,67164,67164.8,66831.5,66937.4,6388.636
2024-04-05T08:00:00+00:00,66937.4,67700,66921.5,67169.3,15755.543
2024-04-05T09:00:00+00:00,67169.3,67169.3,66388.4,66817.4,18082.357
2024-04-05T10:00:00+00:00,66817.4,67226,66722.1,67056.5,9940.628
2024-04-05T11:00:00+00:00,67056.5,67117.5,66396,66502.8,12456.018
2024-04-05T12:00:00+00:00,66502.8,66914.6,65966,66895,39699.464
2024-04-05T13:00:00+00:00,66894.9,67599,66521.4,67491.7,23083.696
2024-04-05T14:00:00+00:00,67491.8,68585.9,67326.6,68129.1,29698.756
2024-04-05T15:00:00+00:00,68129.2,68262.4,67620.4,68201.5,18340.897
2024-04-05T16:00:00+00:00,68200,68388.1,67663,67951.5,12611.378
2024-04-05T17:00:00+00:00,67951.4,67997.8,67337.1,67455.8,10339.335
2024-04-05T18:00:00+00:00,67455.8,67733,67326.6,67630.1,7166.479
2024-04-05T19:00:00+00:00,67630.1,68068.3,67381,67400,11298.076
2024-04-05T20:00:00+00:00,67400,67757,67333.3,67633,5959.319
2024-04-05T21:00:00+00:00,67633,67835.7,67493.5,67493.6,3269.776
2024-04-05T22:00:00+00:00,67493.6,67853.9,67485,67630.5,3201.994
2024-04-05T23:00:00+00:00,67630.4,67977,67618,67825.7,4541.364
2024-04-06T00:00:00+00:00,67825.8,68074.8,67676,67905.6,5270.403
2024-04-06T01:00:00+00:00,67905.5,67982.2,67644.7,67699.9,3786.644
2024-04-06T02:00:00+00:00,67700,67771,67450,67573.6,5126.34
2024-04-06T03:00:00+00:00,67573.6,67893,67573.6,67793.3,4297.035
2024-04-06T04:00:00+00:00,67793.4,67827.6,67601,67747.5,2276.566
2024-04-06T05:00:00+00:00,67747.5,68240.1,67718.5,68028.5,8236.922
2024-04-06T06:00:00+00:00,68028.5,68161.7,67871,68110.6,3210.403
2024-04-06T07:00:00+00:00,68110.6,68185.3,67930,67985.1,3667.813
2024-04-06T08:00:00+00:00,67985.1,68103.6,67854.8,68006.6,4124.439
2024-04-06T09:00:00+00:00,68006.5,68129,67765.1,67795,4234.536
2024-04-06T10:00:00+00:00,67794.9,67887.8,67714.1,67839.3,2566.102
2024-04-06T11:00:00+00:00,67839.3,67909.5,67610,67655,4324.168
2024-04-06T12:00:00+00:00,67654.9,67790.8,67556.8,67733.4,3695.799
2024-04-06T13:00:00+00:00,67733.5,67742.2,67525,67688.1,3824.299
2024-04-06T14:00:00+00:00,67688.2,68083.1,67669.3,67981.9,6350.137
2024-04-06T15:00:00+00:00,67981.8,68320,67884,68094,8069.007
2024-04-06T16:00:00+00:00,68094,68169.9,67923.4,68129.8,3713.727
2024-04-06T17:00:00+00:00,68129.9,68490.1,68023.2,68290,7438.362
2024-04-06T18:00:00+00:00,68290,68366.5,68172.2,68294.5,2644.65
2024-04-06T19:00:00+00:00,68294.6,68440,68207.1,68259.5,4521.219
2024-04-06T20:00:00+00:00,68259.4,68409.7,68158.5,68387.4,1979.227
2024-04-06T21:00:00+00:00,68387.4,68443.9,68284.6,68305.6,2215.177
2024-04-06T22:00:00+00:00,68305.5,69096.5,68279.8,69040.6,11472.6
2024-04-06T23:00:00+00:00,69040.7,69708,68801.6,68901.6,20298.151
2024-04-07T00:00:00+00:00,68901.5,69172.2,68820.6,69010,7160.611
2024-04-07T01:00:00+00:00,69010,69666,68990.3,69540.4,11379.981
2024-04-07T02:00:00+00:00,69540.4,69800,69300,69309.3,8359.34
2024-04-07T03:00:00+00:00,69309.3,69521.8,69238.4,69402.1,3793.434
2024-04-07T04:00:00+00:00,69402.2,69499.5,69055.1,69298.2,5756.148
2024-04-07T05:00:00+00:00,69298.3,69460.5,69265.2,69399.9,3688.918
2024-04-07T06:00:00+00:00,69399.9,69420,69125.3,69248,3960.859
2024-04-07T07:00:00+00:00,69248.1,69496,69229.9,69367.4,3925.931
2024-04-07T08:00:00+00:00,69367.3,69579.2,69331.5,69498.4,4102.705
2024-04-07T09:00:00+00:00,69498.3,69518.8,69221,69309.4,4150.891
2024-04-07T10:00:00+00:00,69309.4,69516,69244.7,69335,3402.231
2024-04-07T11:00:00+00:00,69335.9,69431.9,69198.3,69366.1,3808.436
2024-04-07T12:00:00+00:00,69366.2,69436.9,69215.1,69334.4,4002.659
2024-04-07T13:00:00+00:00,69334.3,69569.4,69293.2,69363.2,4785.731
2024-04-07T14:00:00+00:00,69363.1,69687,69225.3,69595.3,7948.787
2024-04-07T15:00:00+00:00,69595.3,69921.3,69362.1,69567.9,16922.965
2024-04-07T16:00:00+00:00,69567.9,70395,69496.3,70108,25687.873
2024-04-07T17:00:00+00:00,70107.9,70150,69680,69826.4,9128.237
2024-04-07T18:00:00+00:00,69826.4,69867,69260.2,69421.3,9088.821
2024-04-07T19:00:00+00:00,69421.3,69543.2,68881.3,69089.9,10142.479
2024-04-07T20:00:00+00:00,69090,69440,68964.9,69326.8,5050.163
2024-04-07T21:00:00+00:00,69326.9,69443.5,69049.2,69049.2,4298.959
2024-04-07T22:00:00+00:00,69049.3,69374.9,68900.9,69230,6288.557
2024-04-07T23:00:00+00:00,69229.9,69492.9,69203.4,69362.7,4948.72
2024-04-08T00:00:00+00:00,69362.7,69450,69040.4,69350.1,6068.57
2024-04-08T01:00:00+00:00,69350,69898,69288,69458.1,11136.107
2024-04-08T02:00:00+00:00,69458.1,69460,69136.2,69253.3,5797.439
2024-04-08T03:00:00+00:00,69253.3,69523.6,69151,69484.9,3551.381
2024-04-08T04:00:00+00:00,69485,69531.2,69296.6,69403.8,2477.647
2024-04-08T05:00:00+00:00,69403.8,69826.8,69403.8,69728.4,5226.775
2024-04-08T06:00:00+00:00,69728.4,69848,69653.4,69800,5112.821
2024-04-08T07:00:00+00:00,69800,70917,69799.9,70745.4,27886.978
2024-04-08T08:00:00+00:00,70745.4,72371,70677.6,72057.3,49963.441
2024-04-08T09:00:00+00:00,72057.2,72753.6,71728.9,72263.2,30608.403
2024-04-08T10:00:00+00:00,72263.2,72451.1,71856.1,72385.4,15792.722
2024-04-08T11:00:00+00:00,72385.4,72727.2,72282,72472.6,13704.96
2024-04-08T12:00:00+00:00,72472.6,72890.4,72189.4,72242.3,18239.351
2024-04-08T13:00:00+00:00,72242.3,72374,71751.4,71994.7,19440.034
2024-04-08T14:00:00+00:00,71994.8,72052,71276,71781,21363.309
2024-04-08T15:00:00+00:00,71780.9,72045,71641.8,71815.7,11374.744
2024-04-08T16:00:00+00:00,71815.7,72080,71601,71786,10500.259
2024-04-08T17:00:00+00:00,71785.9,71860,71338.3,71740,10219.685
2024-04-08T18:00:00+00:00,71740.1,72171.6,71714.1,71949.7,8173.008
2024-04-08T19:00:00+00:00,71949.7,72025.2,71610.9,71807.2,5410.658
2024-04-08T20:00:00+00:00,71807.3,71856.4,71552.5,71760,4454.264
2024-04-08T21:00:00+00:00,71760.1,71963,71685.2,71742.8,2961.635
2024-04-08T22:00:00+00:00,71742.9,72036,71643.4,71973.1,3868.734
2024-04-08T23:00:00+00:00,71973,72077.3,71651.1,71678.4,3904.524
2024-04-09T00:00:00+00:00,71678.3,71820.6,71359.4,71470,7250.444
2024-04-09T01:00:00+00:00,71470,71499,70900,71318.6,14252.086
2024-04-09T02:00:00+00:00,71318.5,71680.3,71204.6,71526.3,6209.954
2024-04-09T03:00:00+00:00,71526.3,71702.4,71233,71339,5910.873
2024-04-09T04:00:00+00:00,71339,71399.9,70970,71260,6684.261
2024-04-09T05:00:00+00:00,71259.9,71391,71005,71110.5,6020.8
2024-04-09T06:00:00+00:00,71110.5,71328.7,70600,70819,15942.997
2024-04-09T07:00:00+00:00,70818.9,70987.9,70160,70444,19844.707
2024-04-09T08:00:00+00:00,70444.1,70666,69536.8,70544.6,36191.047
2024-04-09T09:00:00+00:00,70544.6,70945.5,70301,70442.6,14023.492
2024-04-09T10:00:00+00:00,70442.6,70751.5,70264.7,70617.1,7294.363
2024-04-09T11:00:00+00:00,70617.1,70961,70617,70858.3,8509.466
2024-04-09T12:00:00+00:00,70858.2,71048.3,70705,70732.4,7561.903
2024-04-09T13:00:00+00:00,70732.5,70986.8,69930,69979.8,21543.301
2024-04-09T14:00:00+00:00,69979.7,70484.7,68620.5,69416,57637.121
2024-04-09T15:00:00+00:00,69416,69425,68538,69322.8,26707.87
2024-04-09T16:00:00+00:00,69322.8,69369.9,68566.9,68662.7,18385.986
2024-04-09T17:00:00+00:00,68662.7,69016.2,68216,68878.3,22279.338
2024-04-09T18:00:00+00:00,68878.2,69071.3,68817,68923.7,5403.229
2024-04-09T19:00:00+00:00,68923.6,69210.8,68686.9,69049.7,8042.085
2024-04-09T20:00:00+00:00,69049.6,69262.2,69009.4,69220.2,4140.884
2024-04-09T21:00:00+00:00,69220.1,69298.8,68972.8,69257.6,3466.566
2024-04-09T22:00:00+00:00,69257.6,69473.4,69177,69367.5,4035.097
2024-04-09T23:00:00+00:00,69367.5,69375.8,68913.2,69189.3,6721.533
2024-04-10T00:00:00+00:00,69189.2,69350,69063.2,69182.9,4474.657
2024-04-10T01:00:00+00:00,69182.9,69326.5,68643.2,69326.5,11035.062
2024-04-10T02:00:00+00:00,69326.4,69650,68514,68703,15921.923
2024-04-10T03:00:00+00:00,68703,69235,68670,69193.1,7028.624
2024-04-10T04:00:00+00:00,69193.2,69267.1,69049,69176.4,5235.206
2024-04-10T05:00:00+00:00,69176.4,69452,69160,69300.1,5769.827
2024-04-10T06:00:00+00:00,69300,69526.2,69263.9,69412.3,4047.093
2024-04-10T07:00:00+00:00,69412.3,69564,69302.3,69381.6,4009.017
2024-04-10T08:00:00+00:00,69381.6,69381.6,68830.4,69066,11295.633
2024-04-10T09:00:00+00:00,69065.5,69227.7,68934.9,69184.2,4362.503
2024-04-10T10:00:00+00:00,69184.3,69233.1,68662.7,68975.9,12018.164
2024-04-10T11:00:00+00:00,68975.9,69185.6,68888.6,69094.7,5187.95
2024-04-10T12:00:00+00:00,69094.8,69275.1,67546.2,68013.6,53830.408
2024-04-10T13:00:00+00:00,68013.5,68366.4,67547.1,68300,29901.913
2024-04-10T14:00:00+00:00,68299.9,69033,68050,68742.7,29069.273
2024-04-10T15:00:00+00:00,68742.7,68800,68300,68687.9,12829.123
2024-04-10T16:00:00+00:00,68688,69580,68585,69542,22200.113
2024-04-10T17:00:00+00:00,69542,69989,69155,69395.6,23137.88
2024-04-10T18:00:00+00:00,69395.6,69458.5,69102.7,69356.1,11889.298
2024-04-10T19:00:00+00:00,69356,70130,69253.9,70121,14002.772
2024-04-10T20:00:00+00:00,70120.3,70190,69777,69853,9313.949
2024-04-10T21:00:00+00:00,69852.7,70123,69613.4,70050,7472.049
2024-04-10T22:00:00+00:00,70049.9,71412.2,70049.9,70584.4,27316.84
2024-04-10T23:00:00+00:00,70584.3,70860,70535.4,70681.7,6425.479
2024-04-11T00:00:00+00:00,70681.8,70713.7,70340,70572,7092.629
2024-04-11T01:00:00+00:00,70571.4,70824.3,70502.9,70610.2,6367.891
2024-04-11T02:00:00+00:00,70610.3,71128.8,70553.3,71040,8049.294
2024-04-11T03:00:00+00:00,71039.9,71076.1,70812.6,70900.5,4266.438
2024-04-11T04:00:00+00:00,70900.5,70936.4,70421,70654.2,8365.796
2024-04-11T05:00:00+00:00,70654.3,70741.2,70479.8,70639.1,3866.739
2024-04-11T06:00:00+00:00,70639.1,70914.8,70615.1,70763.2,5635.15
2024-04-11T07:00:00+00:00,70763.1,71387.4,70758.6,70789.1,14801.939
2024-04-11T08:00:00+00:00,70789.1,71337.8,70667.1,71099.8,12271.932
2024-04-11T09:00:00+00:00,71099.8,71120.3,70650,70661.9,9609.864
2024-04-11T10:00:00+00:00,70661.9,70843.7,70455,70521.7,7260.669
2024-04-11T11:00:00+00:00,70521.8,70655,69921.1,70043.3,16721.411
2024-04-11T12:00:00+00:00,70043.4,71160,69939,70906.6,25866.182
2024-04-11T13:00:00+00:00,70906.5,71045.5,69700,70322.8,36582.965
2024-04-11T14:00:00+00:00,70322.7,70387.3,69592.6,69630.7,21752.859
2024-04-11T15:00:00+00:00,69630.7,70071.2,69594.2,70045.9,12452.858
2024-04-11T16:00:00+00:00,70045.9,70180,69608.1,70062,12488.283
2024-04-11T17:00:00+00:00,70061.9,70488.6,70041.6,70244.7,10507.582
2024-04-11T18:00:00+00:00,70244.7,70492,69979.7,70151.2,6176.645
2024-04-11T19:00:00+00:00,70151.2,70577.7,70045.9,70491.4,5810.732
2024-04-11T20:00:00+00:00,70491.3,70806.4,70414,70547.4,7162.844
2024-04-11T21:00:00+00:00,70547.6,70556.7,70101.7,70172.4,4864.084
2024-04-11T22:00:00+00:00,70172.3,70313.5,70072,70201.5,3311.229
2024-04-11T23:00:00+00:00,70201.5,70253.2,69800,70055.7,4908.138
2024-04-12T00:00:00+00:00,70055.6,70384.3,70044.4,70342,4140.353
2024-04-12T01:00:00+00:00,70342,70421.7,70153.3,70330.1,3075.597
2024-04-12T02:00:00+00:00,70330,70841.7,70249.3,70681,9005.667
2024-04-12T03:00:00+00:00,70681,71071.4,70681,71034.3,12550.905
2024-04-12T04:00:00+00:00,71034.3,71297,70866.1,71162.8,7510.173
2024-04-12T05:00:00+00:00,71162.9,71225.7,70948,71009.8,5401.598
2024-04-12T06:00:00+00:00,71009.8,71069.1,70742,70928.7,5040.996
2024-04-12T07:00:00+00:00,70928.7,71033,70633.6,70825.9,7243.602
2024-04-12T08:00:00+00:00,70825.9,70963.6,70639.2,70828.2,5297.374
2024-04-12T09:00:00+00:00,70828.2,70927.9,70552.9,70711.6,6067.234
2024-04-12T10:00:00+00:00,70711.6,70927,70664,70833.1,4313.164
2024-04-12T11:00:00+00:00,70833.1,71038.9,70812.4,70950.9,5610.266
2024-04-12T12:00:00+00:00,70950.9,71028,70360.3,70584.9,12647.92
2024-04-12T13:00:00+00:00,70585,70585,69667,69934.4,27303.082
2024-04-12T14:00:00+00:00,69934.5,70137.2,69267,69289.7,26379.327
2024-04-12T15:00:00+00:00,69289.6,69764.5,69270,69374.1,15695.038
2024-04-12T16:00:00+00:00,69374,69626.7,68700,68884.5,30738.95
2024-04-12T17:00:00+00:00,68884.5,69016.2,67178.7,68191.3,65327.112
2024-04-12T18:00:00+00:00,68191.3,68435.9,65102,66522.6,92172.269
2024-04-12T19:00:00+00:00,66522.7,67346.7,66375,66867.5,31824.779
2024-04-12T20:00:00+00:00,66867.6,67498.7,66695.1,67161.5,17288.181
2024-04-12T21:00:00+00:00,67161.6,67161.8,66700.5,66985.2,9202.13
2024-04-12T22:00:00+00:00,66985.2,67287.5,66852.2,67087.9,6217.731
2024-04-12T23:00:00+00:00,67087.9,67261.4,66838.2,67136.4,5474.701
2024-04-13T00:00:00+00:00,67136.4,67177.1,66780,66957.5,7500.031
2024-04-13T01:00:00+00:00,66957.5,66972.7,65754.6,65928.3,25763.414
2024-04-13T02:00:00+00:00,65928.4,66626.4,65912,66567,11938.29
2024-04-13T03:00:00+00:00,66566.9,67200,66511.8,67188.4,9975.567
2024-04-13T04:00:00+00:00,67188.5,67975.4,67039.3,67615.9,17647.572
2024-04-13T05:00:00+00:00,67616,67926.9,67330,67375.7,11600.49
2024-04-13T06:00:00+00:00,67375.7,67547.1,67267.3,67496.9,6320.266
2024-04-13T07:00:00+00:00,67496.8,67586.6,67130.9,67466.1,6541.385
2024-04-13T08:00:00+00:00,67466.1,67486.4,67116.9,67209.2,4845.738
2024-04-13T09:00:00+00:00,67209.2,67500,67172,67408.6,4746.687
2024-04-13T10:00:00+00:00,67408.5,67500,67326.4,67446.7,4286.529
2024-04-13T11:00:00+00:00,67446.8,67842.9,67318.7,67377,9565.829
2024-04-13T12:00:00+00:00,67377.1,67710,67175,67532.3,7553.871
2024-04-13T13:00:00+00:00,67532.2,67799,67458.7,67563.3,7819.674
2024-04-13T14:00:00+00:00,67563.4,67746,67370.1,67580,5237.072
2024-04-13T15:00:00+00:00,67580,67954,67440.4,67683.2,8931.805
2024-04-13T16:00:00+00:00,67683.2,67770,67261.4,67450.5,10403.507
2024-04-13T17:00:00+00:00,67450.6,67456.6,66515.8,66755.5,27234.03
2024-04-13T18:00:00+00:00,66755.4,67279.5,66450.6,67181.6,14988.309
2024-04-13T19:00:00+00:00,67181.6,67267.2,63530,64779.1,55027.234
2024-04-13T20:00:00+00:00,64779.1,64897.8,59652.5,61828.3,141359.241
2024-04-13T21:00:00+00:00,61828.5,62951.7,61700,62922.4,33926.527
2024-04-13T22:00:00+00:00,62922.5,64620.9,62103.5,64288.5,44253.911
2024-04-13T23:00:00+00:00,64288.6,65667.7,63688,63939.7,37538.224
2024-04-14T00:00:00+00:00,63939.7,64297.1,62880.2,63682.7,32554.454
2024-04-14T01:00:00+00:00,63682.7,64081,63250,63738,15684.692
2024-04-14T02:00:00+00:00,63738.1,63946.4,63005.1,63085.1,12529.88
2024-04-14T03:00:00+00:00,63085,63586.6,62139.3,63428.7,27881.013
2024-04-14T04:00:00+00:00,63428.5,64164,63383.3,63954.1,15443.274
2024-04-14T05:00:00+00:00,63954.1,64449.2,63909.3,64370.2,11471.633
2024-04-14T06:00:00+00:00,64370.3,64869,64090.9,64633.7,12530.644
2024-04-14T07:00:00+00:00,64633.7,64820,64232.1,64449.9,10666.896
2024-04-14T08:00:00+00:00,64449.9,64891.6,64358,64512,9041.885
2024-04-14T09:00:00+00:00,64512,64710.7,63895.7,64119.2,12746.914
2024-04-14T10:00:00+00:00,64119.2,64650,64117.3,64443.6,8204.054
2024-04-14T11:00:00+00:00,64443.6,64580,63850,64150.2,10239.622
2024-04-14T12:00:00+00:00,64150.2,64833.8,64042.7,64500.1,12601.231
2024-04-14T13:00:00+00:00,64500.1,64846.1,64326.2,64357.4,10508.381
2024-04-14T14:00:00+00:00,64357.4,64391.4,63428.6,63900,25050.774
2024-04-14T15:00:00+00:00,63900.1,64479.1,63877.7,64163.3,11764.977
2024-04-14T16:00:00+00:00,64163.3,64733,64100.6,64398.6,10010.613
2024-04-14T17:00:00+00:00,64398.5,64568,62550,63849.8,57177.109
2024-04-14T18:00:00+00:00,63849.7,64693.5,63732.9,64380,17123.625
2024-04-14T19:00:00+00:00,64377.9,64458.8,63918.5,64146,7801.885
2024-04-14T20:00:00+00:00,64146,64339.3,63674.6,63825,8624.604
2024-04-14T21:00:00+00:00,63825,63835,63300,63652.7,8932.99
2024-04-14T22:00:00+00:00,63652.8,65433,63622.7,65298.9,33759.821
2024-04-14T23:00:00+00:00,65299,65822.1,65014.4,65615.9,13419.162
2024-04-15T00:00:00+00:00,65615.9,65842.8,65255.1,65454,14196.614
2024-04-15T01:00:00+00:00,65454.1,65689.3,65005.8,65255.9,9735.357
2024-04-15T02:00:00+00:00,65256,65339.8,64903.1,65102.4,6808.339
2024-04-15T03:00:00+00:00,65102.6,65299.2,65000,65107.9,4653.233
2024-04-15T04:00:00+00:00,65108,65144.1,64649.2,64874.4,8487.465
2024-04-15T05:00:00+00:00,64874.4,65491,64873.7,65428.1,7405.937
2024-04-15T06:00:00+00:00,65428.1,66550,65320.1,66428.7,24941.443
2024-04-15T07:00:00+00:00,66428.8,66547.8,66102.4,66224.8,12754.418
2024-04-15T08:00:00+00:00,66224.9,66422,66047,66259.5,8332.873
2024-04-15T09:00:00+00:00,66259.9,66874.9,66088.2,66557.3,13067.785
2024-04-15T10:00:00+00:00,66557.3,66622.4,66326.9,66437.4,6339.417
2024-04-15T11:00:00+00:00,66437.5,66688,65801,65848.6,13539.806
2024-04-15T12:00:00+00:00,65848.6,66216,65767,66001.3,10706.235
2024-04-15T13:00:00+00:00,66001.3,66369.7,65650,65842.5,15511.942
2024-04-15T14:00:00+00:00,65842.4,65957.7,64155,64221.3,41403.293
2024-04-15T15:00:00+00:00,64221.4,64770,63800,64552.8,27330.695
2024-04-15T16:00:00+00:00,64552.6,64848.8,63876.9,64134.4,19990.138
2024-04-15T17:00:00+00:00,64134.8,64722,63313.2,63887.7,30895.327
2024-04-15T18:00:00+00:00,63887.6,64036.9,63078,63149.6,24652.791
2024-04-15T19:00:00+00:00,63149.6,63629,62242.5,63269.9,38098.023
2024-04-15T20:00:00+00:00,63269.9,63610.3,62915,63091.6,11969.072
2024-04-15T21:00:00+00:00,63091.6,63454.7,62606,63238.5,12955.792
2024-04-15T22:00:00+00:00,63238.5,63516.4,62713.1,63430.9,11210.597
2024-04-15T23:00:00+00:00,63430.8,63531,63137.9,63392.7,6545.633
2024-04-16T00:00:00+00:00,63392.8,63700,62899.9,63238,11642.912
2024-04-16T01:00:00+00:00,63238,63879.6,63056.9,63113.1,11558.221
2024-04-16T02:00:00+00:00,63112.9,63485,62711,63369.5,11197.962
2024-04-16T03:00:00+00:00,63369.4,63525,62804,62937.6,9302.574
2024-04-16T04:00:00+00:00,62937.6,63021.4,61651.8,62464.4,32852.543
2024-04-16T05:00:00+00:00,62464.3,62874.5,62342,62682.8,11199.388
2024-04-16T06:00:00+00:00,62682.7,63236.7,62612.6,63172.3,9312.973
2024-04-16T07:00:00+00:00,63172.2,63786.3,63076,63487.9,15047.66
2024-04-16T08:00:00+00:00,63488,63646.9,63051.5,63265.6,8664.37
2024-04-16T09:00:00+00:00,63265.6,63556,63164.9,63220,6973.157
2024-04-16T10:00:00+00:00,63220,63317.3,61521,62534.2,46004.034
2024-04-16T11:00:00+00:00,62534.1,63249.3,62323.8,63064.6,19290.018
2024-04-16T12:00:00+00:00,63064.6,63399.7,62774.2,63017.3,14958.1
2024-04-16T13:00:00+00:00,63017.2,63314.7,62100.6,62665,31975.333
2024-04-16T14:00:00+00:00,62666,63079.4,61987.1,62064.9,27120.474
2024-04-16T15:00:00+00:00,62064.8,62391.8,61704.7,61749.2,24404.463
2024-04-16T16:00:00+00:00,61749.2,62729,61680,62721.9,24897.772
2024-04-16T17:00:00+00:00,62721.9,63277.1,62256.9,62472.3,25940.479
2024-04-16T18:00:00+00:00,62472.2,63015,62405.4,62979.4,14571.242
2024-04-16T19:00:00+00:00,62979.4,63080,62621.6,62691,8359.258
2024-04-16T20:00:00+00:00,62690.9,63040.7,62519.3,62998,6354.824
2024-04-16T21:00:00+00:00,62997.9,64356.3,62942.2,63977.3,22051.396
2024-04-16T22:00:00+00:00,63977,64056,63581.2,63751.6,7573.176
2024-04-16T23:00:00+00:00,63751.7,63855,63584.7,63765,4679.11
2024-04-17T00:00:00+00:00,63764.9,64214.5,63541.7,63991.9,9394.733
2024-04-17T01:00:00+00:00,63991.8,64035.6,63575.6,63993.1,7042.858
2024-04-17T02:00:00+00:00,63993.1,64283.3,63680,63825.3,7877.403
2024-04-17T03:00:00+00:00,63825.4,64048.8,63702.8,63806,4021.983
2024-04-17T04:00:00+00:00,63806.1,64216.6,63633,64060.4,6889.782
2024-04-17T05:00:00+00:00,64060.4,64483.3,63787.1,63893.1,11144.879
2024-04-17T06:00:00+00:00,63893.2,63975,63700,63853.5,5208.444
2024-04-17T07:00:00+00:00,63853.6,63913,63170.5,63260.8,12918.071
2024-04-17T08:00:00+00:00,63260.7,63562.7,63104.3,63304.2,8820.085
2024-04-17T09:00:00+00:00,63304.2,63518.7,63202.1,63302.2,5652.434
2024-04-17T10:00:00+00:00,63302.3,63323.8,62712.6,62878,14372.228
2024-04-17T11:00:00+00:00,62878,63147.1,62490,62576.9,12961.088
2024-04-17T12:00:00+00:00,62576.8,62810.9,62024.8,62286.4,20270.686
2024-04-17T13:00:00+00:00,62286.4,62957.2,62100,62606.6,19987.106
2024-04-17T14:00:00+00:00,62606.5,62629.8,60663,61263.2,67925.053
2024-04-17T15:00:00+00:00,61263.2,61518.6,59713.2,60272,72019.749
2024-04-17T16:00:00+00:00,60274,61086.2,59625,60165.9,53607.25
2024-04-17T17:00:00+00:00,60166,61326,60078.5,61242.7,22780.156
2024-04-17T18:00:00+00:00,61242.8,61938,61120.1,61419.4,25414.196
2024-04-17T19:00:00+00:00,61419.4,61447.2,60700,60997.2,20236.802
2024-04-17T20:00:00+00:00,60997.1,61437.6,60741.3,60814.7,11277.641
2024-04-17T21:00:00+00:00,60814.7,61645.1,60814.7,61282.7,12862.116
2024-04-17T22:00:00+00:00,61282.7,61698.8,61136.6,61660.8,5054.375
2024-04-17T23:00:00+00:00,61661.9,61743.7,61177.4,61254.5,6293.874
2024-04-18T00:00:00+00:00,61254.5,61503,60900,61495.6,11116.828
2024-04-18T01:00:00+00:00,61495.5,61650,61350.2,61618.7,7397.392
2024-04-18T02:00:00+00:00,61618.8,61900,61408.4,61640.4,7980.643
2024-04-18T03:00:00+00:00,61640.3,62194.8,61633.3,61953.5,12896.417
2024-04-18T04:00:00+00:00,61953.6,62048,61520.1,61613.9,8342.463
2024-04-18T05:00:00+00:00,61613.8,61797,60938.6,61051.4,13194.891
2024-04-18T06:00:00+00:00,61051.4,61298,60763.8,61127.3,14755.724
2024-04-18T07:00:00+00:00,61127.3,61347.2,60906.9,61154.7,8784.041
2024-04-18T08:00:00+00:00,61154.6,61537.9,60824.2,61313.7,11786.658
2024-04-18T09:00:00+00:00,61313.7,61681.8,61294,61608.4,8211.662
2024-04-18T10:00:00+00:00,61608.4,61904,61465.8,61789.7,8196.565
2024-04-18T11:00:00+00:00,61789.7,63049.9,61789.3,62563,32787.628
2024-04-18T12:00:00+00:00,62563,62708.5,61558,62212.2,28356.896
2024-04-18T13:00:00+00:00,62212.2,62799,61853.3,62759.5,28190.897
2024-04-18T14:00:00+00:00,62759.5,63950,62518.7,63778.3,42128.112
2024-04-18T15:00:00+00:00,63778.3,64100,63402.5,63474,20127.868
2024-04-18T16:00:00+00:00,63473.9,63857.5,63250.2,63500,16073.36
2024-04-18T17:00:00+00:00,63500,63595.5,62556.9,62755.2,18898.324
2024-04-18T18:00:00+00:00,62755.1,63193.5,62268.4,63074.1,21408.706
2024-04-18T19:00:00+00:00,63074,63542.1,63061.5,63438,12603.726
2024-04-18T20:00:00+00:00,63437.3,63611,63229.2,63460.8,7056.589
2024-04-18T21:00:00+00:00,63460.8,63815.6,63275,63429.1,11103.84
2024-04-18T22:00:00+00:00,63429.1,63629.1,63123.3,63471.9,8097.262
2024-04-18T23:00:00+00:00,63471.9,63640.5,63339.5,63445,3805.902
2024-04-19T00:00:00+00:00,63445,63449.9,62612,62692.1,11207.776
2024-04-19T01:00:00+00:00,62692.1,62760,60578.2,61000,56497.927
2024-04-19T02:00:00+00:00,61000,61420,59541,61334.1,63318.434
2024-04-19T03:00:00+00:00,61334.1,62088,61116,61757.1,31303.074
2024-04-19T04:00:00+00:00,61757.1,62730,61740,62406.2,19826.878
2024-04-19T05:00:00+00:00,62406.3,62567.2,61701.3,62045.6,20909.054
2024-04-19T06:00:00+00:00,62045.6,64995.8,61798.5,64596,54507.101
2024-04-19T07:00:00+00:00,64595.9,65189,64160.2,64519.6,37157.592
2024-04-19T08:00:00+00:00,64519.5,65077.1,64088.1,64598.1,31537.524
2024-04-19T09:00:00+00:00,64598.1,64924.9,64450.2,64744.8,11318.17
2024-04-19T10:00:00+00:00,64744.8,65144.9,64370,64754.3,15318.884
2024-04-19T11:00:00+00:00,64754.3,65480,64652.5,64839.8,21793.99
2024-04-19T12:00:00+00:00,64839.8,65420.5,64726.2,64924,17366.676
2024-04-19T13:00:00+00:00,64924.1,65046,64404.9,64870.9,23383.175
2024-04-19T14:00:00+00:00,64870.8,64929,63779.7,64426.1,30283.169
2024-04-19T15:00:00+00:00,64426.2,64695.9,64305.3,64417.7,12788.562
2024-04-19T16:00:00+00:00,64417.6,64516.9,63477.5,63986,32721.772
2024-04-19T17:00:00+00:00,63985.9,64823.6,63900.9,64604.2,18921.727
2024-04-19T18:00:00+00:00,64604.3,64640.4,64076.7,64189.8,9912.069
2024-04-19T19:00:00+00:00,64189.7,64378,64064.7,64307.2,6182.964
2024-04-19T20:00:00+00:00,64307.2,64315,63655,64026,8702.587
2024-04-19T21:00:00+00:00,64026.1,64432.5,64020.6,64378.9,6013.981
2024-04-19T22:00:00+00:00,64378.9,64478.8,63970.6,63980.4,7682.317
2024-04-19T23:00:00+00:00,63980.5,64111.7,62910,63787.4,25608.655
2024-04-20T00:00:00+00:00,63787.4,64236.2,63384.7,63407.4,18161.872
2024-04-20T01:00:00+00:00,63407.5,63767,63045.1,63623.7,11707.381
2024-04-20T02:00:00+00:00,63623.7,64078.7,63501.9,63803.7,6933.635
2024-04-20T03:00:00+00:00,63803.7,64000,63730,63931.8,4449.887
2024-04-20T04:00:00+00:00,63931.8,64244,63779.9,64102,6975.133
2024-04-20T05:00:00+00:00,64102,64217.3,63950.4,64117.8,3776.103
2024-04-20T06:00:00+00:00,64117.6,64190,63901.7,64017.3,5107.518
2024-04-20T07:00:00+00:00,64017.4,64134.2,63893.7,63937.9,3266.409
2024-04-20T08:00:00+00:00,63938,63967.2,63620,63706.8,7224.432
2024-04-20T09:00:00+00:00,63706.8,63759.3,63244,63583.4,13908.956
2024-04-20T10:00:00+00:00,63583.4,63757.7,63333.7,63538.7,7733.98
2024-04-20T11:00:00+00:00,63538.6,63900,63525.3,63688.7,6455.652
2024-04-20T12:00:00+00:00,63688.7,63916,63537.3,63790.8,5018.383
2024-04-20T13:00:00+00:00,63790.8,64034.1,63768,63846.5,5066.921
2024-04-20T14:00:00+00:00,63846.4,63963.6,63703.2,63906,3993.655
2024-04-20T15:00:00+00:00,63905.9,64940,63758,64771,19737.277
2024-04-20T16:00:00+00:00,64771,64949,64421.8,64708.9,16063.835
2024-04-20T17:00:00+00:00,64708.8,65400,64708.8,65167.9,18625.198
2024-04-20T18:00:00+00:00,65167.9,65281.9,64793.8,64932.6,10221.117
2024-04-20T19:00:00+00:00,64932.5,64973.7,64756.2,64834.7,5187.046
2024-04-20T20:00:00+00:00,64834.8,65013,64573.2,64690.7,6634.979
2024-04-20T21:00:00+00:00,64690.6,64800,64587.4,64700.4,3100.388
2024-04-20T22:00:00+00:00,64700.3,64757.3,64513.1,64581.1,3754.712
2024-04-20T23:00:00+00:00,64581.1,64963.6,64581,64897.2,4037.793
2024-04-21T00:00:00+00:00,64897.2,64929.9,64570.5,64732.1,4772.897
2024-04-21T01:00:00+00:00,64732.1,65087.8,64700.5,64915.7,4487.758
2024-04-21T02:00:00+00:00,64915.6,65363.2,64890.6,65274.3,7533.55
2024-04-21T03:00:00+00:00,65274.4,65678.7,65048,65131.2,13774.156
2024-04-21T04:00:00+00:00,65131.3,65167.9,64803.1,65029.6,6787.611
2024-04-21T05:00:00+00:00,65029.6,65216.3,64943.1,64992.9,3670.8
2024-04-21T06:00:00+00:00,64992.9,65174,64901.2,65020.7,3072.561
2024-04-21T07:00:00+00:00,65020.6,65139.1,64861.2,65109.8,4371.693
2024-04-21T08:00:00+00:00,65109.8,65199.4,64884.2,64895,5195.021
2024-04-21T09:00:00+00:00,64897.6,64963,64728.3,64872.6,5089.614
2024-04-21T10:00:00+00:00,64872.7,64972.3,64751.4,64925.2,3209.705
2024-04-21T11:00:00+00:00,64925.3,65425,64918.7,65203.5,11841.3
2024-04-21T12:00:00+00:00,65203.5,65362.3,64901,64976.4,6365.952
2024-04-21T13:00:00+00:00,64976.4,65226.9,64743.7,64850.1,9309.087
2024-04-21T14:00:00+00:00,64850.2,65015.5,64752.2,64865.4,4701.353
2024-04-21T15:00:00+00:00,64865.4,65112,64840,65015,3853.727
2024-04-21T16:00:00+00:00,65014.9,65068.7,64214.2,64557.4,23738.192
2024-04-21T17:00:00+00:00,64557.3,64859,64506.3,64793,5958.88
2024-04-21T18:00:00+00:00,64793,64847.7,64600,64754.5,3965.652
2024-04-21T19:00:00+00:00,64754.5,64830,64498.3,64506.9,4107.058
2024-04-21T20:00:00+00:00,64507,64690.8,64322.7,64621.5,5603.895
2024-04-21T21:00:00+00:00,64621.5,65242,64611,64632,9943.072
2024-04-21T22:00:00+00:00,64632.2,65078.9,64520.2,64998.2,6269.666
2024-04-21T23:00:00+00:00,64998.2,65041.4,64830.3,64912.6,2910.748
2024-04-22T00:00:00+00:00,64912.7,65135.6,64712,64873.3,6101.362
2024-04-22T01:00:00+00:00,64873.2,65654.9,64566.8,64634.3,22443.571
2024-04-22T02:00:00+00:00,64634.4,64843.1,64470.5,64774.3,6259.461
2024-04-22T03:00:00+00:00,64774.2,66101,64721,65677.6,21984.705
2024-04-22T04:00:00+00:00,65677.5,65854.1,65466.6,65708.4,10503.721
2024-04-22T05:00:00+00:00,65708.5,66390,65668.1,66342.8,12879.605
2024-04-22T06:00:00+00:00,66342.8,66387,66117,66268.8,8633.482
2024-04-22T07:00:00+00:00,66268.7,66449,65936.5,65943.7,9052.901
2024-04-22T08:00:00+00:00,65943.8,66180,65871,65935.8,6568.76
2024-04-22T09:00:00+00:00,65935.9,66035.6,65764.1,65913.6,5050.064
2024-04-22T10:00:00+00:00,65913.6,66131.4,65855.6,66022.7,5132.343
2024-04-22T11:00:00+00:00,66022.8,66085.9,65664.6,65856.2,6741.949
2024-04-22T12:00:00+00:00,65856.1,65976.8,65600.7,65971.5,6509.05
2024-04-22T13:00:00+00:00,65971.4,66239.2,65652.6,66077.2,13691.858
2024-04-22T14:00:00+00:00,66077.2,66449,65920.6,65999.9,15588.278
2024-04-22T15:00:00+00:00,66000,66059.1,65600.7,65966.8,14025.079
2024-04-22T16:00:00+00:00,65966.8,66398,65866.8,66111.1,10696.843
2024-04-22T17:00:00+00:00,66111,66819.6,66100,66507.2,18870.802
2024-04-22T18:00:00+00:00,66507.2,66656.2,66261,66301.1,6585.888
2024-04-22T19:00:00+00:00,66301.1,66585.4,66094.6,66495.6,6987.254
2024-04-22T20:00:00+00:00,66495.6,66731,66356,66483.6,6495.394
2024-04-22T21:00:00+00:00,66483.7,66540,66300.1,66490.8,3010.924
2024-04-22T22:00:00+00:00,66490.9,67200,66490.9,67000,12590.002
2024-04-22T23:00:00+00:00,66999.9,67222,66750.4,66778,9865.115
2024-04-23T00:00:00+00:00,66777.9,67000,66669.2,66993.4,6227.806
2024-04-23T01:00:00+00:00,66993.5,67158.9,66735.6,66742,7745.581
2024-04-23T02:00:00+00:00,66742,66889.5,66513.2,66582.8,5425.283
2024-04-23T03:00:00+00:00,66582.8,66730,66383.5,66410.1,5672.088
2024-04-23T04:00:00+00:00,66410,66559.2,66142.6,66216.8,8618.965
2024-04-23T05:00:00+00:00,66216.7,66591.7,66153.5,66462,6616.877
2024-04-23T06:00:00+00:00,66462,66627.6,66270,66351,4503.391
2024-04-23T07:00:00+00:00,66351,66423.5,65988,66079.9,7837.021
2024-04-23T08:00:00+00:00,66079.9,66229.2,65900.7,66179,7167.779
2024-04-23T09:00:00+00:00,66178.9,66276.8,66009.9,66040,4514.837
2024-04-23T10:00:00+00:00,66039.9,66297,66039.9,66188.1,4749.648
2024-04-23T11:00:00+00:00,66188.1,66218.1,65812,66023.5,8545.014
2024-04-23T12:00:00+00:00,66023.5,66140.2,65750,66115.1,7217.39
2024-04-23T13:00:00+00:00,66115,66538.2,66006.6,66467.2,13266.61
2024-04-23T14:00:00+00:00,66467.3,67099.7,66370.2,66880.5,26033.215
2024-04-23T15:00:00+00:00,66880.4,66901.1,66283.6,66393.2,12686.532
2024-04-23T16:00:00+00:00,66393.2,66784,66311.4,66723.4,9315.042
2024-04-23T17:00:00+00:00,66723.4,66887,66543.2,66723.6,4651.893
2024-04-23T18:00:00+00:00,66723.6,66826.8,66551.5,66756.4,3997.259
2024-04-23T19:00:00+00:00,66756.3,66756.4,66351.1,66456,4364.975
2024-04-23T20:00:00+00:00,66455.9,66457.1,65924.7,66316.2,10255.617
2024-04-23T21:00:00+00:00,66316.3,66439.5,66219.6,66323.5,2699.538
2024-04-23T22:00:00+00:00,66323.5,66429,66238,66334,2679.316
2024-04-23T23:00:00+00:00,66334,66404.6,66074.4,66386.3,3873.887
2024-04-24T00:00:00+00:00,66386.2,66723,66347.2,66721.8,6278.724
2024-04-24T01:00:00+00:00,66721.8,66869.8,66640.7,66704.9,4450.335
2024-04-24T02:00:00+00:00,66704.9,66741.5,66414,66499.2,4660.979
2024-04-24T03:00:00+00:00,66499.2,66694.3,66477,66585.7,2950.164
2024-04-24T04:00:00+00:00,66585.8,67068.2,66552.7,66978.4,7529.603
2024-04-24T05:00:00+00:00,66978.4,67049.5,66594,66706.8,7125.514
2024-04-24T06:00:00+00:00,66706.8,66774.9,66520.8,66748,4730.408
2024-04-24T07:00:00+00:00,66748,66856,66549,66588.9,3899.518
2024-04-24T08:00:00+00:00,66588.9,66721.7,66443.7,66506,5340.763
2024-04-24T09:00:00+00:00,66506.1,66533.5,66232.8,66328.4,8118.777
2024-04-24T10:00:00+00:00,66328.5,66484.7,66172,66395.3,6057.844
2024-04-24T11:00:00+00:00,66395.2,66610.3,66336.6,66550.7,5285.434
2024-04-24T12:00:00+00:00,66550.7,66711.9,66302.6,66317.8,6733.543
2024-04-24T13:00:00+00:00,66317.8,66325.2,65810,66040.9,21658.894
2024-04-24T14:00:00+00:00,66041,66180,64706,65212.7,48486.813
2024-04-24T15:00:00+00:00,65212.8,65221.1,64489.7,64594,26147.663
2024-04-24T16:00:00+00:00,64593.5,64947.6,64315.9,64771.4,22142.739
2024-04-24T17:00:00+00:00,64771.4,65122,64725.5,64850,11624
2024-04-24T18:00:00+00:00,64850,64898.3,64022,64100.1,16086.537
2024-04-24T19:00:00+00:00,64100,64464.6,63695,63960.9,21204.947
2024-04-24T20:00:00+00:00,63960.8,64223.9,63575,64082.4,16770.36
2024-04-24T21:00:00+00:00,64082.5,64426.6,63954.5,64362.1,7096.124
2024-04-24T22:00:00+00:00,64362,64380.5,63916.1,64061.1,7124.036
2024-04-24T23:00:00+00:00,64060.9,64315.6,63786.1,64250,9041.342
2024-04-25T00:00:00+00:00,64250,64713.6,64191.9,64517.5,8129.907
2024-04-25T01:00:00+00:00,64517.4,64634.8,64016.5,64028.4,8370.657
2024-04-25T02:00:00+00:00,64028.4,64317.1,63823.2,64275.8,7424.439
2024-04-25T03:00:00+00:00,64275.8,64446,64111.1,64260,5193.112
2024-04-25T04:00:00+00:00,64259.9,64377.1,64026.1,64315.5,6107.875
2024-04-25T05:00:00+00:00,64315.4,64350,64000.4,64190.7,5760.788
2024-04-25T06:00:00+00:00,64190.7,64365,64164.2,64260.5,3087.25
2024-04-25T07:00:00+00:00,64260.5,64355.7,63800,63996.1,8673.72
2024-04-25T08:00:00+00:00,63996.2,64158,63688,63929.8,10748.141
2024-04-25T09:00:00+00:00,63929.9,64180,63793.3,63948.2,7206.648
2024-04-25T10:00:00+00:00,63948.2,63949,63300,63438.3,20080.305
2024-04-25T11:00:00+00:00,63438.4,63978,63429.5,63826.9,9488.272
2024-04-25T12:00:00+00:00,63827,64316.5,63188,63388.9,25073.427
2024-04-25T13:00:00+00:00,63388.9,63549,62721.3,63399.9,33611.666
2024-04-25T14:00:00+00:00,63400,63842,63182.4,63358,17343.074
2024-04-25T15:00:00+00:00,63358,64179,63224.8,64091.7,16221.52
2024-04-25T16:00:00+00:00,64091.6,64497.8,63934,64401.6,16160.152
2024-04-25T17:00:00+00:00,64401.5,64850,64338,64674.9,18248.813
2024-04-25T18:00:00+00:00,64674.9,64995.7,64404.4,64689.1,13181.605
2024-04-25T19:00:00+00:00,64689.2,64759,64520.6,64721.5,4991.671
2024-04-25T20:00:00+00:00,64721.6,64970,64455,64758.9,8558.781
2024-04-25T21:00:00+00:00,64758.9,65270.6,64636.9,64672.8,12391.059
2024-04-25T22:00:00+00:00,64672.8,64712.8,64520,64581.1,4770.682
2024-04-25T23:00:00+00:00,64581.2,64718.9,64413.4,64478.8,4387.498
2024-04-26T00:00:00+00:00,64478.8,64537.4,64071.9,64285.2,10495.258
2024-04-26T01:00:00+00:00,64285.7,64640.9,63844,64371,12960.866
2024-04-26T02:00:00+00:00,64370.9,64649.7,64263.5,64470.2,5562.115
2024-04-26T03:00:00+00:00,64470.3,64484,64269,64359.7,3730.808
2024-04-26T04:00:00+00:00,64359.6,64373.5,64138,64187,4940.225
2024-04-26T05:00:00+00:00,64187.1,64548.8,63992.6,64527.1,6720.504
2024-04-26T06:00:00+00:00,64527.1,64548.9,64216,64338.2,4008.963
2024-04-26T07:00:00+00:00,64338.2,64590.3,64200,64236.6,6655.241
2024-04-26T08:00:00+00:00,64236.7,64439.2,64190.1,64385,4398.833
2024-04-26T09:00:00+00:00,64384.9,64544.8,64294.2,64454.1,4429.092
2024-04-26T10:00:00+00:00,64454.1,64534.6,64031.5,64069.1,6952.935
2024-04-26T11:00:00+00:00,64069,64246.1,64035,64213.6,4234.957
2024-04-26T12:00:00+00:00,64213.6,64500,63911.2,64114.5,12141.696
2024-04-26T13:00:00+00:00,64114.5,64566.1,63650,64465.4,23577.707
2024-04-26T14:00:00+00:00,64465.4,64783.1,63761.3,63827.1,26541.824
2024-04-26T15:00:00+00:00,63827.2,63999,63325,63481.3,19042.333
2024-04-26T16:00:00+00:00,63481.2,63764.4,63291.5,63639,11604.935
2024-04-26T17:00:00+00:00,63639,64100,63521.2,63984,11425.044
2024-04-26T18:00:00+00:00,63984.5,64156,63911.3,64032.1,4980.497
2024-04-26T19:00:00+00:00,64032.1,64116.4,63711,63723.6,4843.065
2024-04-26T20:00:00+00:00,63723.6,64097.4,63723.6,63949.1,4019.539
2024-04-26T21:00:00+00:00,63949.1,64059.1,63796.1,64029.6,2436.717
2024-04-26T22:00:00+00:00,64029.6,64029.6,63648.6,63799.7,4132.669
2024-04-26T23:00:00+00:00,63799.7,63893.7,63720.9,63748.8,2313.99
2024-04-27T00:00:00+00:00,63748.7,63901.4,62807.1,63154.9,21100.738
2024-04-27T01:00:00+00:00,63155,63253.1,62332.8,62564.9,21228.34
2024-04-27T02:00:00+00:00,62565,63300,62449,62888.4,12641.21
2024-04-27T03:00:00+00:00,62888.3,63129.1,62773.3,63047.2,4723.452
2024-04-27T04:00:00+00:00,63047.2,63157.6,62905.4,63025,4177.645
2024-04-27T05:00:00+00:00,63025,63079.5,62760.7,62957.6,5083.923
2024-04-27T06:00:00+00:00,62957.7,63115.9,62840,62996.8,4215.34
2024-04-27T07:00:00+00:00,62996.7,63139,62920,62944.3,3776.119
2024-04-27T08:00:00+00:00,62944.3,63044.6,62886.8,62999.9,2850.919
2024-04-27T09:00:00+00:00,62999.8,63035,62850.1,62958.2,3363.284
2024-04-27T10:00:00+00:00,62958.1,62968,62703,62772.4,4308.225
2024-04-27T11:00:00+00:00,62772.4,62926.8,62650,62834.5,3981.91
2024-04-27T12:00:00+00:00,62834.4,63149.7,62780.3,63008.4,6971.005
2024-04-27T13:00:00+00:00,63008.4,63227.5,62965.7,63191.5,5116.841
2024-04-27T14:00:00+00:00,63191.5,63390.8,63025,63101.8,6370.921
2024-04-27T15:00:00+00:00,63101.8,63177,62815.3,62928.4,4899.933
2024-04-27T16:00:00+00:00,62928.3,63082.7,62704.5,62712.8,6775.525
2024-04-27T17:00:00+00:00,62712.9,63624.4,62700.2,63381.1,13526.036
2024-04-27T18:00:00+00:00,63381.1,63576.3,62800,63303,15626.931
2024-04-27T19:00:00+00:00,63303,63368,63157.6,63329.8,3130.513
2024-04-27T20:00:00+00:00,63329.9,63448.2,63128.2,63249.1,3371.811
2024-04-27T21:00:00+00:00,63249.1,63337.1,63115,63255.2,1730.029
2024-04-27T22:00:00+00:00,63255.3,63476.3,63199.2,63228,4101.117
2024-04-27T23:00:00+00:00,63228,63532.6,63228,63421,4277.342
2024-04-28T00:00:00+00:00,63420.9,63748,63420.9,63583.3,5336.515
2024-04-28T01:00:00+00:00,63583.3,63675,63487,63569.3,3070.465
2024-04-28T02:00:00+00:00,63569.3,64039,63512.5,63919.4,7399.43
2024-04-28T03:00:00+00:00,63919.4,64350,63900.1,63989.8,12556.542
2024-04-28T04:00:00+00:00,63989.9,64022,63794.5,63813,4716.201
2024-04-28T05:00:00+00:00,63813,63969.9,63770.7,63921,4138.816
2024-04-28T06:00:00+00:00,63921.1,63993,63760.9,63935.7,3353.64
2024-04-28T07:00:00+00:00,63935.8,64041.4,63864,63883.1,2489.591
2024-04-28T08:00:00+00:00,63883.2,63954.6,63633.9,63677.8,4354.892
2024-04-28T09:00:00+00:00,63677.7,63802.6,63635.7,63728.4,3113.88
2024-04-28T10:00:00+00:00,63728.3,63768.9,63230.7,63663.8,8320.444
2024-04-28T11:00:00+00:00,63663.7,63682.2,63355.5,63459.1,5423.901
2024-04-28T12:00:00+00:00,63459,63644.9,63385.1,63547.7,4252.146
2024-04-28T13:00:00+00:00,63547.7,63832,63499.9,63740.2,5781.543
2024-04-28T14:00:00+00:00,63740.2,63758.4,63450,63573.3,4896.024
2024-04-28T15:00:00+00:00,63573.3,63626.8,63423.7,63508.6,2763.28
2024-04-28T16:00:00+00:00,63508.5,63770.1,63446.2,63676.5,5081.732
2024-04-28T17:00:00+00:00,63676.5,63798.2,63533.1,63730.1,3051.118
2024-04-28T18:00:00+00:00,63730.1,63973.9,63662,63900.4,3766.048
2024-04-28T19:00:00+00:00,63900.4,63906,63672.2,63688.9,2481.842
2024-04-28T20:00:00+00:00,63688.9,63716.9,63551.2,63654.7,2152.512
2024-04-28T21:00:00+00:00,63654.7,63714.6,63569.5,63640.8,1350.024
2024-04-28T22:00:00+00:00,63640.9,63691.5,62745.8,63127.9,13739.779
2024-04-28T23:00:00+00:00,63127.9,63143,62700,63088.3,12465.786
2024-04-29T00:00:00+00:00,63088.4,63294.1,62952,63229.2,6018.902
2024-04-29T01:00:00+00:00,63229.2,63337.8,63051.7,63197.8,3672.681
2024-04-29T02:00:00+00:00,63197.9,63265.1,62516.7,62678.3,10487.881
2024-04-29T03:00:00+00:00,62678.2,62750,62056.1,62259.9,13750.483
2024-04-29T04:00:00+00:00,62259.9,62632.1,62173.7,62515.7,8287.91
2024-04-29T05:00:00+00:00,62515.6,62515.6,62020.7,62422.3,8420.94
2024-04-29T06:00:00+00:00,62422.3,62438.7,61888,62171,13483.935
2024-04-29T07:00:00+00:00,62170.9,62386.7,61913.4,62362,9910.978
2024-04-29T08:00:00+00:00,62362.1,62465,62185.9,62371.8,5256.368
2024-04-29T09:00:00+00:00,62371.9,62633,62241.5,62508.6,5389.362
2024-04-29T10:00:00+00:00,62508.6,62658.7,62356.6,62368.3,6198.418
2024-04-29T11:00:00+00:00,62368.3,62408.3,62150,62222.9,6111.604
2024-04-29T12:00:00+00:00,62222.6,62636.6,62001.1,62581.3,12593.988
2024-04-29T13:00:00+00:00,62581.3,62688,61726.2,61990.1,20386.719
2024-04-29T14:00:00+00:00,61990.1,62986.3,61847.4,62810,23387.997
2024-04-29T15:00:00+00:00,62810,63085,62700,63012.2,10119.341
2024-04-29T16:00:00+00:00,63012.2,63149.8,62719.8,62761.9,9220.97
2024-04-29T17:00:00+00:00,62761.9,63227.3,62733.4,63000,7469.736
2024-04-29T18:00:00+00:00,63000,63028.6,62681.4,62842.9,4272.089
2024-04-29T19:00:00+00:00,62843,62966.5,62511.1,62953.4,9393.943
2024-04-29T20:00:00+00:00,62953.4,63111,62857.9,62942.1,4308.582
2024-04-29T21:00:00+00:00,62942.1,63161.3,62787.6,63066.4,2732.414
2024-04-29T22:00:00+00:00,63066.4,63929.9,63012.9,63860,16440.409
2024-04-29T23:00:00+00:00,63860.1,64200,63780,63842.4,11095.513
2024-04-30T00:00:00+00:00,63842.4,64700,63670.4,64565.9,17055.134
2024-04-30T01:00:00+00:00,64565.9,64595.6,63503.3,63580.4,14108.63
2024-04-30T02:00:00+00:00,63580.4,63874.8,63075.9,63754,18026.889
2024-04-30T03:00:00+00:00,63754.1,63810.5,63536.6,63627.1,5166.221
2024-04-30T04:00:00+00:00,63627.1,63691.3,63321.1,63384.6,4892.076
2024-04-30T05:00:00+00:00,63384.7,63467.3,63050,63295.9,7723.246
2024-04-30T06:00:00+00:00,63296,63440,63198.5,63377.5,3865.278
2024-04-30T07:00:00+00:00,63377.6,63434.2,63109.6,63123.8,5401.33
2024-04-30T08:00:00+00:00,63123.7,63220.4,61801,61904.9,32371.212
2024-04-30T09:00:00+00:00,61905,62134.5,61476.1,61659,23971.406
2024-04-30T10:00:00+00:00,61658.9,61770,61379,61759,13566.452
2024-04-30T11:00:00+00:00,61759.1,61759.1,61000,61182.3,22839.184
2024-04-30T12:00:00+00:00,61182.3,61316.3,60714,61204.6,23816.82
2024-04-30T13:00:00+00:00,61204.7,61298.6,60755.8,60800,15020.793
2024-04-30T14:00:00+00:00,60800.1,61576.1,60517.6,61213.6,29311.52
2024-04-30T15:00:00+00:00,61213.7,61371.6,60568.1,60764.9,18592.793
2024-04-30T16:00:00+00:00,60764.9,60887.9,60123,60315.5,28828.642
2024-04-30T17:00:00+00:00,60315.5,60489,60042.4,60352.4,15999.24
2024-04-30T18:00:00+00:00,60352.4,60529,60000,60388,13332.617
2024-04-30T19:00:00+00:00,60388,60486,59150,59276.2,41027.601
2024-04-30T20:00:00+00:00,59276.1,60165.2,59256.6,59931.8,22799.676
2024-04-30T21:00:00+00:00,59931.9,60383.2,59927.6,60149.2,7983.989
2024-04-30T22:00:00+00:00,60149.2,61063.2,60126,60561,16550.114
2024-04-30T23:00:00+00:00,60560.9,60901.6,60372,60651.2,6496.84
2024-05-01T00:00:00+00:00,60651.2,60816.7,60060.6,60217.2,10900.384
2024-05-01T01:00:00+00:00,60217.3,60389,59833,60110.6,11290.556
2024-05-01T02:00:00+00:00,60110.6,60159.2,59555,59902.4,13309.707
2024-05-01T03:00:00+00:00,59902.3,60294.8,59873,60214,6341.794
2024-05-01T04:00:00+00:00,60214,60331.8,60156.2,60262.6,4701.579
2024-05-01T05:00:00+00:00,60262.6,60317.1,59923.4,60030.1,7410.252
2024-05-01T06:00:00+00:00,60030.1,60093.8,59455.6,59504,10437.072
2024-05-01T07:00:00+00:00,59504,59553.8,57030,57482,89034.023
2024-05-01T08:00:00+00:00,57482,57573.4,56537.7,57153.1,52439.249
2024-05-01T09:00:00+00:00,57153,57640,57016.8,57090,20996.732
2024-05-01T10:00:00+00:00,57090,57753.6,56855,57742.7,19944.004
2024-05-01T11:00:00+00:00,57742.7,57881,57433,57862.1,11939.642
2024-05-01T12:00:00+00:00,57862.2,58257.8,57693.8,57946.3,20476.181
2024-05-01T13:00:00+00:00,57946.3,57975,57142.6,57283.4,24236.777
2024-05-01T14:00:00+00:00,57283.5,57575,57035.4,57461.5,18235.903
2024-05-01T15:00:00+00:00,57461.5,57496.8,56651.2,56865.2,23722.161
2024-05-01T16:00:00+00:00,56865.3,57434.7,56729.9,57021.7,17948.888
2024-05-01T17:00:00+00:00,57021.7,57760,56600,57398.6,19540.45
2024-05-01T18:00:00+00:00,57398.5,59438.2,57256.7,58884.4,68962.061
2024-05-01T19:00:00+00:00,58884.4,59232.8,56860,56935.7,56904.011
2024-05-01T20:00:00+00:00,56935.7,57518,56729,57334.2,18836.915
2024-05-01T21:00:00+00:00,57334.1,58147.1,57231.1,57888,13757.34
2024-05-01T22:00:00+00:00,57888,58188.6,57824.5,57857.9,8709.594
2024-05-01T23:00:00+00:00,57858,58550.8,57800,58307.6,14033.125
2024-05-02T00:00:00+00:00,58307.7,58571.1,57616,57736.5,14483.719
2024-05-02T01:00:00+00:00,57736.4,57873.3,56951.6,57096.6,17976.843
2024-05-02T02:00:00+00:00,57096.5,57627.2,57087.9,57439.1,10036.336
2024-05-02T03:00:00+00:00,57439.1,57661.5,57344.9,57407.6,6145.515
2024-05-02T04:00:00+00:00,57407.7,57619,57274,57373,4694.508
2024-05-02T05:00:00+00:00,57372.9,57514,57175.4,57463.2,6164.966
2024-05-02T06:00:00+00:00,57463.1,57710.4,57379.6,57600.7,6342.244
2024-05-02T07:00:00+00:00,57600.8,57933.1,57592.5,57645,7441.477
2024-05-02T08:00:00+00:00,57645,57949.5,57572.9,57804.6,8250.524
2024-05-02T09:00:00+00:00,57804.6,57867.5,57615,57775.7,5708.662
2024-05-02T10:00:00+00:00,57775.8,57890.3,57542.4,57775.5,7421.889
2024-05-02T11:00:00+00:00,57775.6,58696.6,57759,58538.4,32954.341
2024-05-02T12:00:00+00:00,58538.5,59089.5,58423.5,58533,27624.395
2024-05-02T13:00:00+00:00,58532.9,58768.6,58186.7,58429.5,20831.255
2024-05-02T14:00:00+00:00,58429.6,59288.4,58245.7,59015.8,32571.415
2024-05-02T15:00:00+00:00,59015.8,59441.6,58931.6,59230.7,16097.295
2024-05-02T16:00:00+00:00,59230.8,59279.7,58895.6,58989.2,9634.202
2024-05-02T17:00:00+00:00,58989.2,59262.6,58916.9,59170,7921.085
2024-05-02T18:00:00+00:00,59169.9,59557.4,58951,59354,13245.57
2024-05-02T19:00:00+00:00,59354.1,59354.1,58994.4,59324.4,7579.071
2024-05-02T20:00:00+00:00,59324.5,59409.2,58594.4,58691.4,14825.323
2024-05-02T21:00:00+00:00,58691.3,59637.3,58663.8,59085.1,11989.546
2024-05-02T22:00:00+00:00,59085.1,59423,59043.8,59300.8,5691.238
2024-05-02T23:00:00+00:00,59300.9,59350,59027.3,59036.7,3597.883
2024-05-03T00:00:00+00:00,59036.7,59115.2,58781.3,59007.8,6607.426
2024-05-03T01:00:00+00:00,59007.7,59476,58974.1,59284.8,7825.859
2024-05-03T02:00:00+00:00,59284.9,59888,59228.9,59516.7,12829.4
2024-05-03T03:00:00+00:00,59516.6,59976.9,59470.8,59687.9,9534.366
2024-05-03T04:00:00+00:00,59687.9,59810,59511,59571,4315.295
2024-05-03T05:00:00+00:00,59571,59592.3,59429.8,59495,4703.32
2024-05-03T06:00:00+00:00,59495,59537.8,59200,59220.3,5759.284
2024-05-03T07:00:00+00:00,59220.4,59421.4,59031.5,59158.1,8942.083
2024-05-03T08:00:00+00:00,59158.1,59365,59108.1,59199.9,4817.487
2024-05-03T09:00:00+00:00,59199.9,59562.9,59166.7,59445.3,5534.035
2024-05-03T10:00:00+00:00,59445.3,59459.2,58818.2,59009,11484.625
2024-05-03T11:00:00+00:00,59009.1,59417.4,58828.5,59269.3,9720.121
2024-05-03T12:00:00+00:00,59269.4,60737.7,58970.5,60604.8,50063.914
2024-05-03T13:00:00+00:00,60604.7,61888,60482.3,61654.1,56036.116
2024-05-03T14:00:00+00:00,61654,62239.6,61349,61598.1,34461.371
2024-05-03T15:00:00+00:00,61598.1,61780,61313.5,61662.1,15110.481
2024-05-03T16:00:00+00:00,61662.2,62181,61500,61650.1,17976.609
2024-05-03T17:00:00+00:00,61650,61931.8,61497.6,61770.8,9489.425
2024-05-03T18:00:00+00:00,61770.8,61961.9,61651.2,61794.1,5557.99
2024-05-03T19:00:00+00:00,61794.1,62079.3,61556.7,62031.9,7788.539
2024-05-03T20:00:00+00:00,62031.9,63185.5,61931.1,62880,32630.838
2024-05-03T21:00:00+00:00,62880,62928.4,62335.9,62713.8,11131.475
2024-05-03T22:00:00+00:00,62713.8,62983,62600.8,62754.7,9311.208
2024-05-03T23:00:00+00:00,62754.7,63333,62739.1,62853.7,11975.192
2024-05-04T00:00:00+00:00,62853.7,63143.6,62732.8,63044.7,7504.928
2024-05-04T01:00:00+00:00,63044.7,63555.5,62785,62832.1,15686.276
2024-05-04T02:00:00+00:00,62832.1,62885.5,62520,62671,8149.649
2024-05-04T03:00:00+00:00,62670.9,62868.6,62632.3,62698.1,4203.273
2024-05-04T04:00:00+00:00,62698,63174.1,62652.5,63032.7,8663.781
2024-05-04T05:00:00+00:00,63032.8,63430,62922.5,63358.8,9282.815
2024-05-04T06:00:00+00:00,63358.9,63372.3,62865.4,62932.1,6701.223
2024-05-04T07:00:00+00:00,62932.1,63108.2,62846.7,62931.3,4990.594
2024-05-04T08:00:00+00:00,62931.4,63199,62888,63144,4289.107
2024-05-04T09:00:00+00:00,63144,63277,63023,63155,5332.865
2024-05-04T10:00:00+00:00,63154.9,64472.3,63076.7,64393.6,29147.418
2024-05-04T11:00:00+00:00,64393.6,64547.9,63607.5,63850,23719.29
2024-05-04T12:00:00+00:00,63850,64079.9,63729.2,64043.9,9221.28
2024-05-04T13:00:00+00:00,64044,64137.8,63424,63704.9,14117.152
2024-05-04T14:00:00+00:00,63705,63950,63520,63790.3,6871.609
2024-05-04T15:00:00+00:00,63790.4,63817.9,63431,63590,5598.434
2024-05-04T16:00:00+00:00,63590.1,63712,63365.1,63663.9,6897.68
2024-05-04T17:00:00+00:00,63663.9,63718,63278.1,63438.3,5913.826
2024-05-04T18:00:00+00:00,63438.4,63732.9,63380.8,63620.9,3501.649
2024-05-04T19:00:00+00:00,63621,64000,63516.5,63885.2,4896.641
2024-05-04T20:00:00+00:00,63885.2,64198.9,63822,63849.5,5780.969
2024-05-04T21:00:00+00:00,63849.6,64094.1,63503.1,63877.3,7794.968
2024-05-04T22:00:00+00:00,63877.4,63919.7,63555,63581.3,3524.336
2024-05-04T23:00:00+00:00,63581.3,63900,63576.1,63864.2,3415.436
2024-05-05T00:00:00+00:00,63864.3,64170.6,63372.6,63479.9,12828.506
2024-05-05T01:00:00+00:00,63480,63550,62833,63286,17397.118
2024-05-05T02:00:00+00:00,63285.9,63409.2,63100,63119.8,5082.4
2024-05-05T03:00:00+00:00,63119.8,63250,62973,63209.8,4758.135
2024-05-05T04:00:00+00:00,63209.8,63398.6,63206.7,63318,3124.468
2024-05-05T05:00:00+00:00,63315.3,63474,63067.3,63184.8,4579.681
2024-05-05T06:00:00+00:00,63184.8,63431.8,63128,63345,3131.422
2024-05-05T07:00:00+00:00,63345.1,63932.4,63321.9,63697.1,11298.688
2024-05-05T08:00:00+00:00,63697.1,63900,63505.7,63639.7,8100.912
2024-05-05T09:00:00+00:00,63639.6,63719.4,63521.1,63638.3,3869.077
2024-05-05T10:00:00+00:00,63638.3,63820,63523,63663.9,3451.611
2024-05-05T11:00:00+00:00,63664,63907.9,63577.7,63838,5486.152
2024-05-05T12:00:00+00:00,63838.1,63863.6,63600.1,63703.5,3781.964
2024-05-05T13:00:00+00:00,63703.5,64266,63588.7,64088.3,17797.353
2024-05-05T14:00:00+00:00,64088.3,64129.4,63718,64068.2,9168.57
2024-05-05T15:00:00+00:00,64068.3,64644.3,63960.6,64398,21050.493
2024-05-05T16:00:00+00:00,64398.1,64531.9,64151.6,64294.1,10070.811
2024-05-05T17:00:00+00:00,64294,64462.4,64120.5,64190,6171.324
2024-05-05T18:00:00+00:00,64189.9,64222.5,63756,63900,10339.778
2024-05-05T19:00:00+00:00,63900,63977,63807.7,63846,3033.474
2024-05-05T20:00:00+00:00,63846,63850,63520.3,63713.4,7086.628
2024-05-05T21:00:00+00:00,63713.3,63848.3,63562.3,63848.3,3539.555
2024-05-05T22:00:00+00:00,63848.3,63865,63670,63824.1,2862.372
2024-05-05T23:00:00+00:00,63824.2,64217.4,63791.2,63988,7485.161
2024-05-06T00:00:00+00:00,63987.9,64337.7,63981,64183.7,4886.594
2024-05-06T01:00:00+00:00,64183.8,64443.3,64020,64108.3,7777.506
2024-05-06T02:00:00+00:00,64108.3,64199,63788,63788,4868.165
2024-05-06T03:00:00+00:00,63788.1,63912.1,63666,63830.1,4896.927
2024-05-06T04:00:00+00:00,63830,64159.7,63738.9,64120.4,4776.881
2024-05-06T05:00:00+00:00,64120.5,64315.7,64000,64146,7896.527
2024-05-06T06:00:00+00:00,64146,64450,64100,64199.1,7762.631
2024-05-06T07:00:00+00:00,64199.1,64564.5,64111.9,64509.6,8932.784
2024-05-06T08:00:00+00:00,64509.5,65500,64421.2,65109,35829.957
2024-05-06T09:00:00+00:00,65109.1,65332.1,65074,65133.7,8614.037
2024-05-06T10:00:00+00:00,65133.7,65249.8,63779.1,63982,33102.908
2024-05-06T11:00:00+00:00,63981.9,64327,63968,64178.1,12999.204
2024-05-06T12:00:00+00:00,64178.1,64295.1,63324,63580,29957.518
2024-05-06T13:00:00+00:00,63579.9,63965.6,63420.6,63856,15867.591
2024-05-06T14:00:00+00:00,63855.9,64198.2,63159.3,63231.4,21165.03
2024-05-06T15:00:00+00:00,63231.4,63766.4,62900,63599.8,25015.338
2024-05-06T16:00:00+00:00,63599.9,63731.3,63072.4,63167.1,13450.374
2024-05-06T17:00:00+00:00,63167,63489.1,62932.4,63151.7,12052.751
2024-05-06T18:00:00+00:00,63151.8,63520,62933.6,63368.1,10555.795
2024-05-06T19:00:00+00:00,63368.1,63385.4,62655.3,63200,16327.915
2024-05-06T20:00:00+00:00,63199.9,63387.1,63025,63284.1,5694.106
2024-05-06T21:00:00+00:00,63284,63598.7,63284,63514,4912.402
2024-05-06T22:00:00+00:00,63514,63543.6,63363.8,63466.5,2801.78
2024-05-06T23:00:00+00:00,63466.5,63466.5,63105,63142.8,4965.346
2024-05-07T00:00:00+00:00,63142.7,63644.7,62921.2,63511.2,9927.642
2024-05-07T01:00:00+00:00,63511.1,63950,63442,63861.1,9206.869
2024-05-07T02:00:00+00:00,63861.1,63919,63588,63673.8,3838.393
2024-05-07T03:00:00+00:00,63673.8,63705.7,62805.6,63204.1,15313.12
2024-05-07T04:00:00+00:00,63204.1,63437.6,63056.8,63426.8,5483.942
2024-05-07T05:00:00+00:00,63426.8,63700,63211,63530,6932.466
2024-05-07T06:00:00+00:00,63530,63695.2,63362.3,63594,6044.253
2024-05-07T07:00:00+00:00,63594.4,63830,63518.8,63648.9,5309.36
2024-05-07T08:00:00+00:00,63648.9,64392.2,63555.1,64206.8,16763.848
2024-05-07T09:00:00+00:00,64206.8,64350.4,64029.2,64091.9,6319.183
2024-05-07T10:00:00+00:00,64091.9,64150,63715,64067.1,11462.945
2024-05-07T11:00:00+00:00,64067.2,64101.4,63313.2,63472.4,13342.384
2024-05-07T12:00:00+00:00,63472.4,63746.7,63446.2,63634.7,7538.749
2024-05-07T13:00:00+00:00,63634.7,63697.3,63063,63191.5,13798.252
2024-05-07T14:00:00+00:00,63191.5,64061.4,63001,63995.8,17173.344
2024-05-07T15:00:00+00:00,63995.4,64320,63563.6,63710,19379.523
2024-05-07T16:00:00+00:00,63710.1,63875,63424.8,63613,6541.158
2024-05-07T17:00:00+00:00,63613,63644.5,63277,63362.1,6079.729
2024-05-07T18:00:00+00:00,63362,63377.4,62758.1,63149.9,15978.077
2024-05-07T19:00:00+00:00,63149.8,63255,62936.1,63034.7,5623.595
2024-05-07T20:00:00+00:00,63034.7,63177.3,62864.1,62957.7,4943.816
2024-05-07T21:00:00+00:00,62957.6,63145.8,62801.2,63040.3,4440.036
2024-05-07T22:00:00+00:00,63040.4,63091.9,62700,62819.9,8513.02
2024-05-07T23:00:00+00:00,62819.9,62851.8,62203.6,62296,19020.942
2024-05-08T00:00:00+00:00,62296,62679,62055,62566,12956.612
2024-05-08T01:00:00+00:00,62565.9,62700,62391.5,62500.1,4849.041
2024-05-08T02:00:00+00:00,62500,62829.9,62500,62729.5,5472.347
2024-05-08T03:00:00+00:00,62729.4,62949.2,62555.6,62864,4875.491
2024-05-08T04:00:00+00:00,62864,62994.9,62304.7,62503.4,8954.696
2024-05-08T05:00:00+00:00,62503.4,62731.2,62329.8,62590,5050.052
2024-05-08T06:00:00+00:00,62589.9,62691.8,62101.1,62467.7,9946.71
2024-05-08T07:00:00+00:00,62467.6,62577.9,62036.1,62186.7,7712.422
2024-05-08T08:00:00+00:00,62186.7,62413.9,62005.8,62358.4,9127.371
2024-05-08T09:00:00+00:00,62358.4,62406.6,62062,62285.6,7159.017
2024-05-08T10:00:00+00:00,62285.7,62517.6,62240.9,62422.7,6286.329
2024-05-08T11:00:00+00:00,62422.7,62490.9,62112.5,62224.9,6690.364
2024-05-08T12:00:00+00:00,62224.9,62430.3,62059.9,62207.2,8179.382
2024-05-08T13:00:00+00:00,62207.2,62448.2,61736.7,62417.4,22617.848
2024-05-08T14:00:00+00:00,62417.4,62800,62132.3,62530,15736.52
2024-05-08T15:00:00+00:00,62530,62583.8,61834.1,62251.8,20999.435
2024-05-08T16:00:00+00:00,62251.9,62428,61964.5,62419.1,7812.835
2024-05-08T17:00:00+00:00,62419,62675.1,62336.1,62574.7,7406.609
2024-05-08T18:00:00+00:00,62574.6,62743.9,62424.5,62490.6,4924.591
2024-05-08T19:00:00+00:00,62490.7,62515.9,61902.8,62148.7,9481.503
2024-05-08T20:00:00+00:00,62148.6,62224.5,61400,61544,17521.955
2024-05-08T21:00:00+00:00,61544.1,61739.4,61333,61464,10436.741
2024-05-08T22:00:00+00:00,61464.1,61553.2,61066,61226.7,12526.164
2024-05-08T23:00:00+00:00,61226.8,61242.8,60843.6,61157.9,14927.544
2024-05-09T00:00:00+00:00,61157.9,61449.6,61113,61367.9,5961.055
2024-05-09T01:00:00+00:00,61367.9,61553.9,61344,61528.9,5401.329
2024-05-09T02:00:00+00:00,61529,61666,61460.1,61629.6,4249.131
2024-05-09T03:00:00+00:00,61629.7,61779,61375.6,61647.4,6429.125
2024-05-09T04:00:00+00:00,61647.5,61732.9,61401.3,61476.5,4783.349
2024-05-09T05:00:00+00:00,61476.6,61690.5,61425,61547.2,3540.309
2024-05-09T06:00:00+00:00,61547.2,61753.2,61488.1,61579.7,4201.755
2024-05-09T07:00:00+00:00,61579.8,61618.7,61087,61222.5,8931.471
2024-05-09T08:00:00+00:00,61222.5,61429.2,61123.5,61293.7,6295.176
2024-05-09T09:00:00+00:00,61293.7,61341.1,60900,61272.7,12156.874
2024-05-09T10:00:00+00:00,61272.8,61312.8,60733.2,60789.9,10778.602
2024-05-09T11:00:00+00:00,60789.9,61169,60550,61033,13326.362
2024-05-09T12:00:00+00:00,61033,61604.7,60998.9,61480.8,12658.837
2024-05-09T13:00:00+00:00,61480.8,61512.1,60846.7,61165.4,14494.841
2024-05-09T14:00:00+00:00,61165.4,61543.9,61100,61505.5,12781.418
2024-05-09T15:00:00+00:00,61505.4,62262.1,61436.6,62122.5,26911.743
2024-05-09T16:00:00+00:00,62122.5,62637.3,61778.6,61832.3,24584.832
2024-05-09T17:00:00+00:00,61832.4,62181.8,61707.8,61916,10354.078
2024-05-09T18:00:00+00:00,61916,62235.4,61855,62228.7,4894.984
2024-05-09T19:00:00+00:00,62228.7,62553.6,62141.3,62420.6,8960.967
2024-05-09T20:00:00+00:00,62420.6,62624.7,62312.3,62580,6437.81
2024-05-09T21:00:00+00:00,62580.1,62790.5,62389.3,62500.5,8347.238
2024-05-09T22:00:00+00:00,62500.5,63447.2,62456.2,63252.7,16339.899
2024-05-09T23:00:00+00:00,63252.7,63321.4,62830.6,63050.1,9630.117
2024-05-10T00:00:00+00:00,63050,63070.2,62716,62818.4,5739.764
2024-05-10T01:00:00+00:00,62818.5,62943.8,62633.2,62850.8,7041.955
2024-05-10T02:00:00+00:00,62850.8,63023.9,62737.5,62874.4,4018.375
2024-05-10T03:00:00+00:00,62874.5,62904.7,62755,62880,2692.985
2024-05-10T04:00:00+00:00,62880,62989.5,62761.8,62906.5,3708.869
2024-05-10T05:00:00+00:00,62906.6,62948,62638.3,62745.4,4646.616
2024-05-10T06:00:00+00:00,62745.5,63197.7,62714,63131,5764.657
2024-05-10T07:00:00+00:00,63131,63365.5,62960.2,63053.9,15545.069
2024-05-10T08:00:00+00:00,63053.8,63119.1,62826.1,63024.6,5693.819
2024-05-10T09:00:00+00:00,63024.6,63199,62826.3,63108.8,5696.953
2024-05-10T10:00:00+00:00,63108.9,63122.3,62830.2,63007,4321.78
2024-05-10T11:00:00+00:00,63007.1,63299,62758.7,63276.5,6239.495
2024-05-10T12:00:00+00:00,63276.5,63446.5,62901.1,62990.5,11908.957
2024-05-10T13:00:00+00:00,62990.6,63086.6,62773,62977.6,8650.33
2024-05-10T14:00:00+00:00,62977.5,63079,60650,61034.8,70579.927
2024-05-10T15:00:00+00:00,61034.7,61287.9,60645.3,60893.8,38536.362
2024-05-10T16:00:00+00:00,60893.7,61262.7,60200,61037.7,38191.691
2024-05-10T17:00:00+00:00,61037.6,61037.7,60117.4,60368.4,25864.076
2024-05-10T18:00:00+00:00,60368.3,60745.5,60192.3,60684,11761.429
2024-05-10T19:00:00+00:00,60684.1,60865.8,60507.5,60682.4,7521.706
2024-05-10T20:00:00+00:00,60682.4,60946.9,60416.6,60494.1,7632.958
2024-05-10T21:00:00+00:00,60494.1,60766,60434.7,60697.7,4308.423
2024-05-10T22:00:00+00:00,60697.7,60909,60563.5,60821.2,6226.012
2024-05-10T23:00:00+00:00,60821.2,60985.8,60736,60778.1,4922.752
2024-05-11T00:00:00+00:00,60778,60915.9,60617,60753.6,6105.643
2024-05-11T01:00:00+00:00,60753.7,61079.4,60734.4,60840.7,6493.295
2024-05-11T02:00:00+00:00,60840.7,60947.1,60718.2,60862.9,4035.485
2024-05-11T03:00:00+00:00,60862.9,60891.2,60678.1,60706,3352.98
2024-05-11T04:00:00+00:00,60706,60855.5,60680.4,60739.6,4235.434
2024-05-11T05:00:00+00:00,60739.5,60911,60739.5,60900.6,3328.347
2024-05-11T06:00:00+00:00,60900.6,61055.5,60868.2,60925.4,4783.064
2024-05-11T07:00:00+00:00,60925.3,60989.1,60825.1,60988.9,3822.011
2024-05-11T08:00:00+00:00,60989,61028,60736.8,60763.8,4533.882
2024-05-11T09:00:00+00:00,60763.8,60883,60638.4,60876.2,4611.844
2024-05-11T10:00:00+00:00,60876.2,60886.8,60656.8,60725.1,2899.128
2024-05-11T11:00:00+00:00,60725.1,60770.1,60432.6,60654.5,6847.386
2024-05-11T12:00:00+00:00,60654.6,60797.2,60602.6,60681,3070.866
2024-05-11T13:00:00+00:00,60681,60969.9,60634.1,60939.2,5151.067
2024-05-11T14:00:00+00:00,60939.1,60973.2,60748,60806.2,3249.808
2024-05-11T15:00:00+00:00,60806.1,61491.4,60806.1,61146.1,18318.747
2024-05-11T16:00:00+00:00,61146.1,61390,61060,61160,6409.757
2024-05-11T17:00:00+00:00,61160,61215.6,60976.8,61070.2,3793.036
2024-05-11T18:00:00+00:00,61070.1,61275.1,60981.6,61180,3071.091
2024-05-11T19:00:00+00:00,61180,61192.8,61022.6,61112.9,2388.065
2024-05-11T20:00:00+00:00,61113,61129.9,60720.3,60986.1,6190.417
2024-05-11T21:00:00+00:00,60986.1,60986.1,60806,60890.1,1966.338
2024-05-11T22:00:00+00:00,60890,60964.7,60856.5,60879.7,1572.637
2024-05-11T23:00:00+00:00,60879.8,60964.1,60729.4,60809.2,3064.459
2024-05-12T00:00:00+00:00,60809.2,61081.3,60778,60951.9,3361.074
2024-05-12T01:00:00+00:00,60951.9,61059.9,60824.6,60840.7,2307.067
2024-05-12T02:00:00+00:00,60840.7,60953.8,60800.4,60898.9,1730.582
2024-05-12T03:00:00+00:00,60898.9,60947,60831.2,60902.5,1558.521
2024-05-12T04:00:00+00:00,60902.6,61097,60882.5,61065.4,2779.436
2024-05-12T05:00:00+00:00,61065.4,61065.5,60946,61018.2,1635.115
2024-05-12T06:00:00+00:00,61018.2,61042.6,60909,60920,1551.981
2024-05-12T07:00:00+00:00,60920,60973,60557.3,60803.8,7714.184
2024-05-12T08:00:00+00:00,60803.8,61090.2,60757.7,61036.3,6127.55
2024-05-12T09:00:00+00:00,61036.2,61060,60930.9,60975.7,2594.099
2024-05-12T10:00:00+00:00,60975.8,61361.9,60920.5,61148,9222.754
2024-05-12T11:00:00+00:00,61148,61214.2,61081.6,61120,2334.646
2024-05-12T12:00:00+00:00,61120.1,61221.9,61050,61139.9,2754.115
2024-05-12T13:00:00+00:00,61135,61227.4,61065.1,61172.6,2088.923
2024-05-12T14:00:00+00:00,61172.6,61302,61100.2,61154,3401.442
2024-05-12T15:00:00+00:00,61154,61598.8,61123,61395.9,8923.55
2024-05-12T16:00:00+00:00,61395.9,61849.4,61315,61315,14568.253
2024-05-12T17:00:00+00:00,61315.1,61648,61158.3,61585,7986.709
2024-05-12T18:00:00+00:00,61585,61620.5,61321.4,61344.3,2968.142
2024-05-12T19:00:00+00:00,61344.3,61420,61173.6,61393.5,3295.31
2024-05-12T20:00:00+00:00,61393.4,61415.6,61255.4,61257.1,1897.397
2024-05-12T21:00:00+00:00,61257.1,61302.9,60870,61219.9,6385.358
2024-05-12T22:00:00+00:00,61219.9,61399,61179,61310,2781.76
2024-05-12T23:00:00+00:00,61310,61527.5,61248.2,61455.8,4075.929
2024-05-13T00:00:00+00:00,61455.7,61787.6,61454.9,61485.6,6102.765
2024-05-13T01:00:00+00:00,61485.5,61528.1,61155.3,61394,8687.971
2024-05-13T02:00:00+00:00,61394,61486.5,60921.4,61023.3,16112.245
2024-05-13T03:00:00+00:00,61023.2,61167,60750,61130,12090.288
2024-05-13T04:00:00+00:00,61130,61154.2,60869.8,60956.9,5200.392
2024-05-13T05:00:00+00:00,60957,60990.5,60765,60837.8,5020.562
2024-05-13T06:00:00+00:00,60837.8,61552.6,60757.6,61479.1,11469.425
2024-05-13T07:00:00+00:00,61479.1,62426,61431.5,62296.6,23057.899
2024-05-13T08:00:00+00:00,62296.5,63107.6,62296.5,62749.5,34051.56
2024-05-13T09:00:00+00:00,62749.4,63289.3,62749.4,63028.3,16248.313
2024-05-13T10:00:00+00:00,63028.3,63068.6,62350,62642,16933.765
2024-05-13T11:00:00+00:00,62642,62748.9,62461.5,62700,7066.429
2024-05-13T12:00:00+00:00,62699.9,62887.5,62400,62817.9,10591.475
2024-05-13T13:00:00+00:00,62818,63033,62573.1,62762.9,11975.679
2024-05-13T14:00:00+00:00,62763,63098.4,62695.2,62730,11119.211
2024-05-13T15:00:00+00:00,62730.1,63183,62684.3,62980.5,8911.638
2024-05-13T16:00:00+00:00,62981.2,63440,62882.6,63144,16891.261
2024-05-13T17:00:00+00:00,63144.1,63162.7,62584,62784,13832.717
2024-05-13T18:00:00+00:00,62784.1,62810.7,62540.2,62770.2,5342.831
2024-05-13T19:00:00+00:00,62770.2,63162,62770.2,63140.5,7006.699
2024-05-13T20:00:00+00:00,63139.6,63162.1,62965.8,63073.4,4091.979
2024-05-13T21:00:00+00:00,63073.3,63100,62814.6,62881.6,2756.698
2024-05-13T22:00:00+00:00,62881.5,62929.6,62683.5,62742.7,3644.133
2024-05-13T23:00:00+00:00,62742.6,62958.5,62688.3,62912.1,3721.138
2024-05-14T00:00:00+00:00,62912.2,63099.6,62700,62798.1,6533.037
2024-05-14T01:00:00+00:00,62798.1,63002,62550,62627.3,7795.806
2024-05-14T02:00:00+00:00,62627.3,62694.5,62466.4,62529.2,7774.997
2024-05-14T03:00:00+00:00,62529.2,62678.3,62377.2,62464.8,8140.943
2024-05-14T04:00:00+00:00,62464.8,62650,62381.7,62524,5359.938
2024-05-14T05:00:00+00:00,62523.9,62749.9,62463,62693.9,5027.458
2024-05-14T06:00:00+00:00,62693.9,62694,61373.2,62014.7,34696.028
2024-05-14T07:00:00+00:00,62014.6,62090.5,61797.9,62002.1,8027.269
2024-05-14T08:00:00+00:00,62002,62015.7,61666,61829.6,6764.491
2024-05-14T09:00:00+00:00,61829.6,61937,61720.9,61767.5,3504.021
2024-05-14T10:00:00+00:00,61767.4,61801.1,61492.8,61695.7,7699.012
2024-05-14T11:00:00+00:00,61695.7,61867.1,61662.2,61770.2,4598.828
2024-05-14T12:00:00+00:00,61770.2,62086.8,60950,61536.4,28941.612
2024-05-14T13:00:00+00:00,61536.5,62039,61418,61670.5,13973.855
2024-05-14T14:00:00+00:00,61670.6,62295.9,61094.8,61772.1,37272.211
2024-05-14T15:00:00+00:00,61772.2,62021.7,61615.3,61749.9,10943.65
2024-05-14T16:00:00+00:00,61750,61793,61203,61406.4,12091.432
2024-05-14T17:00:00+00:00,61407,61487.9,61116.6,61288.8,11567.667
2024-05-14T18:00:00+00:00,61288.9,61436.9,61192.5,61408.3,5535.169
2024-05-14T19:00:00+00:00,61408.3,61661,61366.8,61563.6,5346.452
2024-05-14T20:00:00+00:00,61563.6,61694.7,61530.5,61589.5,2673.433
2024-05-14T21:00:00+00:00,61589.5,61768.9,61444.6,61670,4252.918
2024-05-14T22:00:00+00:00,61670.1,61735.5,61535.8,61679.9,3172.44
2024-05-14T23:00:00+00:00,61680,61694.5,61508,61550.5,2652.607
2024-05-15T00:00:00+00:00,61550.5,61774.7,61316.1,61413.2,5993.102
2024-05-15T01:00:00+00:00,61413.2,61730.1,61403.7,61668.7,3992.413
2024-05-15T02:00:00+00:00,61668.7,61884,61656,61738,3891.645
2024-05-15T03:00:00+00:00,61738.1,61998,61738,61923.2,4766.463
2024-05-15T04:00:00+00:00,61923.2,61956,61783.2,61875.1,4099.806
2024-05-15T05:00:00+00:00,61875.1,62030.4,61850,61902.1,4961.513
2024-05-15T06:00:00+00:00,61902.1,61956.3,61792.1,61933.5,3528.723
2024-05-15T07:00:00+00:00,61933.5,62245.1,61856.4,62157.4,7712.897
2024-05-15T08:00:00+00:00,62157.5,62240,62011,62116.2,5416.799
2024-05-15T09:00:00+00:00,62116.2,62898,61886.8,62626.1,19831.478
2024-05-15T10:00:00+00:00,62626.1,62972.7,62360,62643,16190.676
2024-05-15T11:00:00+00:00,62643,62798,62215.9,62447.4,13367.361
2024-05-15T12:00:00+00:00,62447.3,64200,62371.5,63735.1,60979.67
2024-05-15T13:00:00+00:00,63735.1,64645.2,63514.2,64106.7,45934.996
2024-05-15T14:00:00+00:00,64106.6,64471.2,63958.1,64465.7,17097.023
2024-05-15T15:00:00+00:00,64465.7,65055,64300.9,64685.5,31108.958
2024-05-15T16:00:00+00:00,64685.4,65100,64681.5,64728.8,16881.511
2024-05-15T17:00:00+00:00,64728.8,65094.3,64728.8,65004.4,9877.032
2024-05-15T18:00:00+00:00,65004.5,65798.8,64919,65685,24803.43
2024-05-15T19:00:00+00:00,65685.1,66382.3,65261.1,65959.6,27532.003
2024-05-15T20:00:00+00:00,65959.6,66055,65687.2,65901,11900.67
2024-05-15T21:00:00+00:00,65900.9,66180,65748.8,65835.5,5836.194
2024-05-15T22:00:00+00:00,65835.5,66270,65802,66078.6,7792.829
2024-05-15T23:00:00+00:00,66078.6,66440,66027.2,66175.4,11534.488
2024-05-16T00:00:00+00:00,66175.4,66644,65901.2,66056.3,15952.041
2024-05-16T01:00:00+00:00,66056.3,66184.8,65819,65966,6531.814
2024-05-16T02:00:00+00:00,65965.9,66088,65735.9,65892.9,4951.573
2024-05-16T03:00:00+00:00,65892.9,66054.8,65781.6,65946.9,4376.178
2024-05-16T04:00:00+00:00,65946.8,65987.2,65773.4,65789.9,4883.17
2024-05-16T05:00:00+00:00,65789.9,65880,65716.2,65757.4,4145.212
2024-05-16T06:00:00+00:00,65757.3,65970.9,65633,65933.6,6164.772
2024-05-16T07:00:00+00:00,65933.4,66232.8,65905,66100,7570.25
2024-05-16T08:00:00+00:00,66100,66427.2,66045.8,66258.9,8095.255
2024-05-16T09:00:00+00:00,66258.9,66339.9,66059,66320,5587.587
2024-05-16T10:00:00+00:00,66319.9,66320,66069.9,66130.9,4517.758
2024-05-16T11:00:00+00:00,66130.9,66573,65962.2,66483.8,8775.217
2024-05-16T12:00:00+00:00,66483.8,66800,65861.4,65976.8,26636.048
2024-05-16T13:00:00+00:00,65976.9,66334.1,65736.7,66299.9,15085.549
2024-05-16T14:00:00+00:00,66300,66366,65505,65577.3,20263.796
2024-05-16T15:00:00+00:00,65577.2,65883.6,65339,65800.1,18049.794
2024-05-16T16:00:00+00:00,65800,65809.6,65077.5,65134.2,18995.908
2024-05-16T17:00:00+00:00,65134.1,65372.2,64567,64976.6,24811.463
2024-05-16T18:00:00+00:00,64976.7,65181.2,64808,65091.4,9827.579
2024-05-16T19:00:00+00:00,65091.5,65553,65062.7,65152.2,10280.552
2024-05-16T20:00:00+00:00,65152.3,65270.1,65018.7,65248,3804.218
2024-05-16T21:00:00+00:00,65247.9,65480,65204.2,65429.1,4205.893
2024-05-16T22:00:00+00:00,65429,65457,65100,65389.2,4533.237
2024-05-16T23:00:00+00:00,65389.1,65391.3,65162.1,65217.7,4410.46
2024-05-17T00:00:00+00:00,65217.7,65479.7,65213.7,65478,5542.829
2024-05-17T01:00:00+00:00,65477.9,65478,65061.2,65311,6160.987
2024-05-17T02:00:00+00:00,65311.1,65430,65146.5,65351.5,4190.566
2024-05-17T03:00:00+00:00,65351.4,65850,65300.3,65545.2,11900.518
2024-05-17T04:00:00+00:00,65545.1,65600,65327.7,65422.7,5906.313
2024-05-17T05:00:00+00:00,65422.8,65675,65400,65674.9,4946.005
2024-05-17T06:00:00+00:00,65675,66143.4,65538.1,65918,10856.03
2024-05-17T07:00:00+00:00,65918,66478.5,65918,66350.6,19960.927
2024-05-17T08:00:00+00:00,66350.5,66449,66037.3,66115.3,8062.26
2024-05-17T09:00:00+00:00,66115.2,66370,66040,66324.1,5086.471
2024-05-17T10:00:00+00:00,66324.2,66500,66152.2,66464.9,6355.821
2024-05-17T11:00:00+00:00,66465,66550,66158,66182.7,6836.428
2024-05-17T12:00:00+00:00,66182.6,66528.7,66071.2,66350.1,8833.915
2024-05-17T13:00:00+00:00,66350,66424.3,65773.8,65918.7,16206.636
2024-05-17T14:00:00+00:00,65918.7,66856.3,65885.2,66778,16412.722
2024-05-17T15:00:00+00:00,66777.9,67400.6,66520.6,67170,35437.093
2024-05-17T16:00:00+00:00,67169.9,67277.8,66871,66898.5,9641.848
2024-05-17T17:00:00+00:00,66898.4,66966.6,66632.3,66677.4,8499.756
2024-05-17T18:00:00+00:00,66677.4,66816.9,66158.4,66785.7,16107.501
2024-05-17T19:00:00+00:00,66785.7,67036.9,66618.4,67007.5,8156.597
2024-05-17T20:00:00+00:00,67007.5,67011.5,66726.1,66855.1,3800.062
2024-05-17T21:00:00+00:00,66855.1,66885,66703,66779.1,1990.973
2024-05-17T22:00:00+00:00,66779.1,66779.7,66636,66745.7,2321.773
2024-05-17T23:00:00+00:00,66745.7,67027.7,66663.3,66980,3849.888
2024-05-18T00:00:00+00:00,66980,67059.8,66696.1,66865.7,5678.764
2024-05-18T01:00:00+00:00,66865.7,67007.5,66728.5,66943.5,3383.174
2024-05-18T02:00:00+00:00,66943.5,67048.5,66770.9,66875.4,3521.299
2024-05-18T03:00:00+00:00,66875.4,66979.5,66825.9,66918.9,2404.698
2024-05-18T04:00:00+00:00,66919,66970,66763,66859.3,2350.813
2024-05-18T05:00:00+00:00,66859.3,66860.1,66774.7,66826.2,1740.097
2024-05-18T06:00:00+00:00,66826.2,66926.3,66700.1,66897.7,3020.237
2024-05-18T07:00:00+00:00,66897.7,67233.6,66799,66854.1,8732.15
2024-05-18T08:00:00+00:00,66854.1,67060,66808.4,66990,2959.279
2024-05-18T09:00:00+00:00,66990,67120.3,66968.2,67103.4,3311.045
2024-05-18T10:00:00+00:00,67103.4,67281.1,67010.2,67183.3,7662.253
2024-05-18T11:00:00+00:00,67183.3,67340.5,67070.1,67152.4,5696.28
2024-05-18T12:00:00+00:00,67152.5,67198.7,66858.1,66916.9,4976.47
2024-05-18T13:00:00+00:00,66917.1,67045,66750,66831.4,7170.058
2024-05-18T14:00:00+00:00,66831.4,67018.2,66503.2,66757.5,9642.198
2024-05-18T15:00:00+00:00,66757.6,66857.1,66533,66781.4,5979.02
2024-05-18T16:00:00+00:00,66781.3,66965,66682.6,66856.8,4794.986
2024-05-18T17:00:00+00:00,66856.9,66950,66711,66826.8,2903.199
2024-05-18T18:00:00+00:00,66826.9,66880,66738.9,66761.2,1546.849
2024-05-18T19:00:00+00:00,66761.2,66922,66734,66881.7,1340.33
2024-05-18T20:00:00+00:00,66881.8,66997.6,66843.3,66934,2001.494
2024-05-18T21:00:00+00:00,66934,66959,66761.1,66869.8,1604.344
2024-05-18T22:00:00+00:00,66869.8,66966,66786.2,66890,1723.527
2024-05-18T23:00:00+00:00,66890,67035.1,66881.2,66884.9,2788.984
2024-05-19T00:00:00+00:00,66884.9,66960.5,66810,66882.9,1726.469
2024-05-19T01:00:00+00:00,66883,66952.8,66854.3,66894,1193.524
2024-05-19T02:00:00+00:00,66894,67198.4,66893.9,67174.5,4285.238
2024-05-19T03:00:00+00:00,67174.6,67279,67052.2,67133,5266.164
2024-05-19T04:00:00+00:00,67133.1,67158.8,66951.9,67120,2573.096
2024-05-19T05:00:00+00:00,67119.9,67143.7,67049,67069.5,1630.204
2024-05-19T06:00:00+00:00,67069.5,67125,66895,66994.1,2895.882
2024-05-19T07:00:00+00:00,66994.2,67313.8,66947.5,67295,6551.235
2024-05-19T08:00:00+00:00,67295.1,67320.8,67063,67124.3,3595.846
2024-05-19T09:00:00+00:00,67124.2,67160.8,66950,67146.9,4665.029
2024-05-19T10:00:00+00:00,67146.9,67750,67086,67246.9,20192.022
2024-05-19T11:00:00+00:00,67247,67368,66921.9,67303.3,13112.332
2024-05-19T12:00:00+00:00,67303.4,67303.4,66750,66799,10415.097
2024-05-19T13:00:00+00:00,66798.9,67149.9,66619.4,67010.5,10038.562
2024-05-19T14:00:00+00:00,67010.5,67119.8,66812.2,66895.9,4578.498
2024-05-19T15:00:00+00:00,66896,66968.1,66700.2,66863,4603.025
2024-05-19T16:00:00+00:00,66863,66964.7,66505.6,66639.9,8102.859
2024-05-19T17:00:00+00:00,66639.8,66817.2,66501.1,66693.7,5364.686
2024-05-19T18:00:00+00:00,66693.6,66741,66494.9,66567.5,3864.5
2024-05-19T19:00:00+00:00,66567.4,66624,65835.8,66002.9,19144.586
2024-05-19T20:00:00+00:00,66002.9,66279.3,65971,66134,4179.462
2024-05-19T21:00:00+00:00,66134,66324.2,65958.2,66253.3,3479.533
2024-05-19T22:00:00+00:00,66253.3,66438,66216.5,66322.8,3947.985
2024-05-19T23:00:00+00:00,66322.8,66322.8,66180,66239.4,2764.516
2024-05-20T00:00:00+00:00,66239.4,66463,66116.7,66428.9,4631.191
2024-05-20T01:00:00+00:00,66428.9,66550,66010,66494,7912.322
2024-05-20T02:00:00+00:00,66494,66748,66466.5,66635.9,5838.299
2024-05-20T03:00:00+00:00,66636,66737.1,66531,66643.1,3724.246
2024-05-20T04:00:00+00:00,66643,67128,66591.2,67100,10754.954
2024-05-20T05:00:00+00:00,67100,67270,67017,67107.5,7690.311
2024-05-20T06:00:00+00:00,67107.5,67133.8,66236.9,66372.5,12323.676
2024-05-20T07:00:00+00:00,66372.5,66878,66314.7,66788.9,10788.557
2024-05-20T08:00:00+00:00,66788.9,67038.7,66720.9,66734.6,6267.493
2024-05-20T09:00:00+00:00,66734.7,66988.9,66730,66865.7,3145.384
2024-05-20T10:00:00+00:00,66865.7,67341.4,66835.1,67072.8,12525.502
2024-05-20T11:00:00+00:00,67072.7,67278.4,66868.6,66974,6822.769
2024-05-20T12:00:00+00:00,66974,67063,66760,66903.5,6595.706
2024-05-20T13:00:00+00:00,66903.5,67157.4,66730,67063.8,10362.087
2024-05-20T14:00:00+00:00,67063.9,67078.8,66716.3,66963,7967.246
2024-05-20T15:00:00+00:00,66963,67499.9,66862.1,67382.1,15685.356
2024-05-20T16:00:00+00:00,67382.1,68248,67344.9,68164.4,36634.924
2024-05-20T17:00:00+00:00,68164.4,68599,68001.3,68294.7,22206.698
2024-05-20T18:00:00+00:00,68294.6,68749.4,68247.9,68681.8,13257.306
2024-05-20T19:00:00+00:00,68681.8,70120,68550.6,69996.4,57594.981
2024-05-20T20:00:00+00:00,69996.5,70473.3,69161.4,69490,32225.823
2024-05-20T21:00:00+00:00,69490,69740,68900,69692.9,16807.52
2024-05-20T22:00:00+00:00,69693,69953.3,69502.6,69577.6,11186.427
2024-05-20T23:00:00+00:00,69577.6,71674.6,69569.2,71466.5,43079.3
2024-05-21T00:00:00+00:00,71466.5,72132.8,71136,71347.2,26841.153
2024-05-21T01:00:00+00:00,71347.2,71379.8,70740.8,71124.8,17975.702
2024-05-21T02:00:00+00:00,71124.8,71467.9,70920,71307.9,11863.409
2024-05-21T03:00:00+00:00,71307.9,71436,71150.4,71323.8,6708.949
2024-05-21T04:00:00+00:00,71323.7,71332.6,70858.4,70955.9,6507.871
2024-05-21T05:00:00+00:00,70955.9,71261.5,70876,71236.8,6578.816
2024-05-21T06:00:00+00:00,71236.7,71462,71136,71249.3,6730.163
2024-05-21T07:00:00+00:00,71249.4,71280.3,70921.2,70926.4,5876.641
2024-05-21T08:00:00+00:00,70926.3,71131.9,70900.2,70970.5,5766.668
2024-05-21T09:00:00+00:00,70970.6,71136,70927,71037.3,4672.377
2024-05-21T10:00:00+00:00,71037.2,71342.6,71007,71109.3,7367.942
2024-05-21T11:00:00+00:00,71109.4,71498.6,71020.9,71163,12235.785
2024-05-21T12:00:00+00:00,71163,71487.6,71080,71388,13878.591
2024-05-21T13:00:00+00:00,71387.9,71388,70563,70622.9,24101.485
2024-05-21T14:00:00+00:00,70622.9,70965.8,70222,70247,19940.306
2024-05-21T15:00:00+00:00,70247,70547.3,69722,69874.9,17297.457
2024-05-21T16:00:00+00:00,69874.8,70300,69722.2,69722.2,15259.832
2024-05-21T17:00:00+00:00,69722.2,70043.4,69608.5,69914.2,10598.557
2024-05-21T18:00:00+00:00,69914.3,70005.8,69544.9,69886,6731.118
2024-05-21T19:00:00+00:00,69886,69988,69165.6,69317.7,13628.804
2024-05-21T20:00:00+00:00,69319.2,69800,69269.1,69750,5323.651
2024-05-21T21:00:00+00:00,69749.9,69846.3,69473.4,69751.7,3731.69
2024-05-21T22:00:00+00:00,69751.7,70238.8,69744.1,70238.8,8721.314
2024-05-21T23:00:00+00:00,70238.7,70393.2,70107.1,70168.8,5336.046
2024-05-22T00:00:00+00:00,70168.7,70307.9,70068.4,70133.5,5369.077
2024-05-22T01:00:00+00:00,70133.5,70235.4,70022.4,70200,2910.644
2024-05-22T02:00:00+00:00,70200,70423.2,69951,70042,6819.701
2024-05-22T03:00:00+00:00,70042,70096.8,69868.1,70002,4490.914
2024-05-22T04:00:00+00:00,70001.9,70050.1,69242,69647.6,12547.383
2024-05-22T05:00:00+00:00,69647.7,69973.7,69566.7,69956.4,6736.295
2024-05-22T06:00:00+00:00,69956.5,70137.7,69850,69925,4848.942
2024-05-22T07:00:00+00:00,69925,69958.7,69632,69759.6,5832.185
2024-05-22T08:00:00+00:00,69759.6,70269,69680,70049,7105.05
2024-05-22T09:00:00+00:00,70049,70135.8,69883,70030.3,4135.833
2024-05-22T10:00:00+00:00,70030.3,70283.3,69980,70226.7,4396.258
2024-05-22T11:00:00+00:00,70226.7,70321.8,69760.4,69770.3,6076.29
2024-05-22T12:00:00+00:00,69770.3,70136,69546.1,69685.2,10623.79
2024-05-22T13:00:00+00:00,69685.3,69930.4,69466.7,69626,11958.496
2024-05-22T14:00:00+00:00,69626.1,70226.1,69474.9,70144.8,16200.042
2024-05-22T15:00:00+00:00,70144.7,70642.8,69955.1,70485.7,14103.885
2024-05-22T16:00:00+00:00,70485.7,70715.4,70226.3,70269.4,8809.617
2024-05-22T17:00:00+00:00,70269.4,70485,69700,69891,11173.801
2024-05-22T18:00:00+00:00,69890.2,69940.4,69241.5,69617.2,16138.354
2024-05-22T19:00:00+00:00,69617.1,69849,69477,69668,5499.675
2024-05-22T20:00:00+00:00,69668,69999,69412.4,69475.6,7176.42
2024-05-22T21:00:00+00:00,69475.6,69724.3,68736.8,69532.3,11621.209
2024-05-22T22:00:00+00:00,69532.4,69590,69085.4,69191.8,6008.49
2024-05-22T23:00:00+00:00,69191.8,69285.1,69066,69219.1,3578.143
2024-05-23T00:00:00+00:00,69219.2,69670.1,69219.1,69546,6041.731
2024-05-23T01:00:00+00:00,69546,69664.5,69300,69527.1,3755.659
2024-05-23T02:00:00+00:00,69527.1,69611.7,69400,69548.6,2759.296
2024-05-23T03:00:00+00:00,69548.9,69572,69336.6,69483.2,3593.033
2024-05-23T04:00:00+00:00,69483.2,69624.5,69443.5,69589.4,2679.69
2024-05-23T05:00:00+00:00,69589.3,69599,69371.6,69508.6,3162.117
2024-05-23T06:00:00+00:00,69508.7,69719.5,69408.2,69591.8,4292.345
2024-05-23T07:00:00+00:00,69591.7,69900,69484.6,69770.6,6360.466
2024-05-23T08:00:00+00:00,69770.6,69896.4,69617.9,69734,5273.719
2024-05-23T09:00:00+00:00,69734,69880,69616.8,69687.6,5101.7
2024-05-23T10:00:00+00:00,69687.7,69848.1,69561.8,69588.1,3756.384
2024-05-23T11:00:00+00:00,69588.1,70100,69586,70019.5,10195.134
2024-05-23T12:00:00+00:00,70019.4,70133.3,69002,69461.1,15744.447
2024-05-23T13:00:00+00:00,69461.1,69595.5,67800,68062.8,49800.98
2024-05-23T14:00:00+00:00,68062.8,68380.4,67612.8,67797.6,34387.172
2024-05-23T15:00:00+00:00,67797.5,68333,67751.4,68103,14399.074
2024-05-23T16:00:00+00:00,68102.9,68199,67822,67858.9,7744.016
2024-05-23T17:00:00+00:00,67858.9,68158.7,67635.7,67672.6,8253.854
2024-05-23T18:00:00+00:00,67672.6,67714,66763.9,67428.6,28750.9
2024-05-23T19:00:00+00:00,67428.5,67730,67147.1,67239,9985.77
2024-05-23T20:00:00+00:00,67239.1,67978.8,66156.6,67831.5,30049.777
2024-05-23T21:00:00+00:00,67831.4,68388,67150.1,68019.1,30998.065
2024-05-23T22:00:00+00:00,68019.2,68024.5,67561,67710.5,6686.294
2024-05-23T23:00:00+00:00,67710.5,68030.8,67506.7,67999.9,6321.999
2024-05-24T00:00:00+00:00,67999.9,68035,67651.7,67871.2,6158.285
2024-05-24T01:00:00+00:00,67871.3,67877.9,67674.9,67761.3,2898.977
2024-05-24T02:00:00+00:00,67761.3,68029.2,67655,68001.6,3915.273
2024-05-24T03:00:00+00:00,68001.7,68042.9,67833.3,67905.8,5256.567
2024-05-24T04:00:00+00:00,67905.8,67944.2,67668.6,67737.4,5337.685
2024-05-24T05:00:00+00:00,67737.4,67737.4,67093.1,67318.4,11043.419
2024-05-24T06:00:00+00:00,67318.3,67617.3,66850,66911,11725.526
2024-05-24T07:00:00+00:00,66910.8,67347.1,66850.1,67191.2,8617.976
2024-05-24T08:00:00+00:00,67191.2,67242.8,66639,67206.5,10719.06
2024-05-24T09:00:00+00:00,67206.6,67474,67059.1,67397.8,7002.709
2024-05-24T10:00:00+00:00,67397.8,67540.5,67329.4,67381.4,4646.767
2024-05-24T11:00:00+00:00,67381.3,67494,67300.6,67383.4,3586.377
2024-05-24T12:00:00+00:00,67383.3,67620.9,67366.6,67525.7,4625.161
2024-05-24T13:00:00+00:00,67525.7,67639,66952.6,67105.7,8618.396
2024-05-24T14:00:00+00:00,67105.7,68050,67018.8,67885.1,17838.455
2024-05-24T15:00:00+00:00,67885.1,68445,67885.1,68340.2,16879.264
2024-05-24T16:00:00+00:00,68340.3,68500,67950,68399.9,9641.523
2024-05-24T17:00:00+00:00,68400,68950,68399.9,68927.8,12085.975
2024-05-24T18:00:00+00:00,68927.9,69242.6,68852.7,68982,13642.103
2024-05-24T19:00:00+00:00,68982,69273.5,68701,69127.4,7320.55
2024-05-24T20:00:00+00:00,69127.3,69222.2,68850,68850.1,5334.58
2024-05-24T21:00:00+00:00,68850,69015.3,68805,68896,2730.663
2024-05-24T22:00:00+00:00,68896.1,68896.1,68692.9,68809.2,2852.584
2024-05-24T23:00:00+00:00,68809.2,68809.2,68535.6,68584.1,4203.207
2024-05-25T00:00:00+00:00,68584,68711.1,68523.7,68554.9,3065.546
2024-05-25T01:00:00+00:00,68555,68729.2,68554.9,68622,2927.152
2024-05-25T02:00:00+00:00,68622.1,68849,68621.2,68830.8,3474.217
2024-05-25T03:00:00+00:00,68830.9,68935.7,68666.6,68772.5,3554.144
2024-05-25T04:00:00+00:00,68772.6,68850.8,68701.7,68807,2366.062
2024-05-25T05:00:00+00:00,68807.1,68843.6,68723,68744.1,1656.887
2024-05-25T06:00:00+00:00,68744.1,68773.9,68633.1,68687.3,2118.968
2024-05-25T07:00:00+00:00,68687.4,68854.7,68657.3,68775,1984.362
2024-05-25T08:00:00+00:00,68775.1,69086.1,68767,68899.6,4378.064
2024-05-25T09:00:00+00:00,68899.7,69185,68865.5,69117.9,4135.36
2024-05-25T10:00:00+00:00,69118,69492.1,69040.8,69397.6,6360.262
2024-05-25T11:00:00+00:00,69397.7,69622.8,69112.4,69112.5,10552.535
2024-05-25T12:00:00+00:00,69112.4,69323.9,69031.4,69141.1,6380.907
2024-05-25T13:00:00+00:00,69141,69256.9,68888,69038.3,6726.315
2024-05-25T14:00:00+00:00,69038.3,69095,68965,69031.7,3595.291
2024-05-25T15:00:00+00:00,69031.7,69227.8,68844.1,68949.1,4646.141
2024-05-25T16:00:00+00:00,68949,69071,68870.6,68955.6,4302.168
2024-05-25T17:00:00+00:00,68955.5,69127.1,68933.4,69075.3,1691.052
2024-05-25T18:00:00+00:00,69075.3,69265.5,69075.3,69223.7,2674.612
2024-05-25T19:00:00+00:00,69223.8,69287.6,69118,69167,1390.336
2024-05-25T20:00:00+00:00,69166.9,69240.4,69080,69120.1,1202.583
2024-05-25T21:00:00+00:00,69120,69198.8,69061.5,69167.1,1238.499
2024-05-25T22:00:00+00:00,69167.1,69189.3,69064.2,69150.1,1182.153
2024-05-25T23:00:00+00:00,69150.2,69394.6,69150.1,69314.4,3509.989
2024-05-26T00:00:00+00:00,69314.5,69339.6,69170,69176.5,1555.966
2024-05-26T01:00:00+00:00,69176.6,69281.3,69170,69180.6,1244.59
2024-05-26T02:00:00+00:00,69180.5,69206.7,68830,68925.1,5072.626
2024-05-26T03:00:00+00:00,68925.1,69157.2,68893.9,69093.2,2371.075
2024-05-26T04:00:00+00:00,69093.2,69093.2,68950,68993.5,1218.382
2024-05-26T05:00:00+00:00,68993.6,69161.1,68934,69161,1890.703
2024-05-26T06:00:00+00:00,69161.1,69218.2,69061.1,69126.1,1847.693
2024-05-26T07:00:00+00:00,69126,69468.9,69114.5,69359.2,4856.849
2024-05-26T08:00:00+00:00,69359.2,69590.3,69080,69182.2,6794.294
2024-05-26T09:00:00+00:00,69182.3,69273.2,68980.6,69106.7,3881.902
2024-05-26T10:00:00+00:00,69106.7,69245.8,69100.4,69235.6,2382.956
2024-05-26T11:00:00+00:00,69235.5,69254.3,69082.5,69160.3,2850.103
2024-05-26T12:00:00+00:00,69160.3,69171.3,68954.6,69001.8,3517.989
2024-05-26T13:00:00+00:00,69001.9,69167.6,68963,69161.8,3069.839
2024-05-26T14:00:00+00:00,69161.8,69333,69053.2,69303.9,4161.202
2024-05-26T15:00:00+00:00,69303.9,69425.2,68678.5,68864.6,11193.095
2024-05-26T16:00:00+00:00,68864.7,68987.9,68697.2,68815.3,6282.01
2024-05-26T17:00:00+00:00,68815.2,68926.8,68750.5,68796.4,1929.106
2024-05-26T18:00:00+00:00,68796.4,68865.5,68733.5,68820,1534.031
2024-05-26T19:00:00+00:00,68820,68941.4,68819.9,68925.4,1441.754
2024-05-26T20:00:00+00:00,68925.5,68937.5,68725.9,68732,1623.398
2024-05-26T21:00:00+00:00,68732.1,68732.1,68155,68543.7,7124.454
2024-05-26T22:00:00+00:00,68543.6,68720,68482.4,68568.2,2808.584
2024-05-26T23:00:00+00:00,68568.1,68591.6,68355,68524.3,3417.223
2024-05-27T00:00:00+00:00,68524.4,68851.6,68490.1,68851.5,3239.001
2024-05-27T01:00:00+00:00,68851.6,69331.6,68759.4,69090.6,7200.104
2024-05-27T02:00:00+00:00,69090.7,69300,69030,69131.1,4985.248
2024-05-27T03:00:00+00:00,69131,69233.5,68850.6,68900.6,3903.307
2024-05-27T04:00:00+00:00,68900.5,68935.1,68770,68783.4,3955.835
2024-05-27T05:00:00+00:00,68783.3,68810,68327.3,68545,7025.64
2024-05-27T06:00:00+00:00,68545,68642.5,68410,68425.4,3409.566
2024-05-27T07:00:00+00:00,68425.3,68742.8,68359.4,68661.1,4651.483
2024-05-27T08:00:00+00:00,68661,68958.6,68550,68647,6881.119
2024-05-27T09:00:00+00:00,68647,68687.5,68451.2,68615.9,4587.958
2024-05-27T10:00:00+00:00,68615.9,68629.1,68437.1,68600,2959.028
2024-05-27T11:00:00+00:00,68600.1,68710,68268.7,68462.9,5011.622
2024-05-27T12:00:00+00:00,68463,68677.6,68401.2,68654.8,4233.858
2024-05-27T13:00:00+00:00,68654.8,69084,68622,68951.7,9849.46
2024-05-27T14:00:00+00:00,68951.7,69550,68860,69548.6,12327.341
2024-05-27T15:00:00+00:00,69548.5,70584.9,69548.5,70421.5,28724.017
2024-05-27T16:00:00+00:00,70421.4,70750,70218.9,70224.8,14018.662
2024-05-27T17:00:00+00:00,70224.8,70417.5,70085.4,70238.5,5827.972
2024-05-27T18:00:00+00:00,70238.5,70316,69926.5,70044.6,5029.901
2024-05-27T19:00:00+00:00,70044.7,70183,69100,69298,14800.476
2024-05-27T20:00:00+00:00,69297.9,69774.3,69211.8,69699.3,6869.659
2024-05-27T21:00:00+00:00,69699.3,69950,69630,69835.7,2877.362
2024-05-27T22:00:00+00:00,69835.7,69846.3,69588.3,69631.2,3025.422
2024-05-27T23:00:00+00:00,69631.2,69631.2,69344,69461.6,4897.315
2024-05-28T00:00:00+00:00,69461.5,69505,69123.7,69407.2,7039.886
2024-05-28T01:00:00+00:00,69407.2,69628,68542.2,68640.8,15723.247
2024-05-28T02:00:00+00:00,68640.7,68869.2,68429.1,68700.1,12268.351
2024-05-28T03:00:00+00:00,68700.1,68765,67760,68070,19513.118
2024-05-28T04:00:00+00:00,68070,68153.8,67500,67809.1,11912.627
2024-05-28T05:00:00+00:00,67809,68082.6,67673.4,68076.2,7062.391
2024-05-28T06:00:00+00:00,68076.2,68122,67800.1,67995.2,4924.445
2024-05-28T07:00:00+00:00,67995.1,68052.4,67690,67712,5923.208
2024-05-28T08:00:00+00:00,67712.1,68282.8,67602.8,68174,9411.681
2024-05-28T09:00:00+00:00,68174,68554.1,68044.3,68357,9529.351
2024-05-28T10:00:00+00:00,68357,68921.6,68281.2,68607.3,12741.275
2024-05-28T11:00:00+00:00,68607.3,68703.8,68282.4,68411.3,8608.889
2024-05-28T12:00:00+00:00,68411.3,68583.7,68165,68232.9,6931.434
2024-05-28T13:00:00+00:00,68232.9,68510,67676.1,67821.9,14496.764
2024-05-28T14:00:00+00:00,67822,68274.7,67550,67997.6,16216.701
2024-05-28T15:00:00+00:00,67997.6,68490,67755.9,68399.7,9337.398
2024-05-28T16:00:00+00:00,68399.8,68486.4,67731.2,67748.7,9012.253
2024-05-28T17:00:00+00:00,67748.8,68197,67700,67812.4,6318.573
2024-05-28T18:00:00+00:00,67812.4,68036.9,67273,67915.9,13797.362
2024-05-28T19:00:00+00:00,67915.9,68657,67902.1,68466.5,12459.276
2024-05-28T20:00:00+00:00,68466.4,68593.7,68162.2,68369,4635.577
2024-05-28T21:00:00+00:00,68368.9,68600.5,68291.5,68434.8,2781.812
2024-05-28T22:00:00+00:00,68434.7,68710,68419.4,68650.6,4035.214
2024-05-28T23:00:00+00:00,68651.2,68659.8,68378.7,68440.5,3157.607
2024-05-29T00:00:00+00:00,68440.4,68648,68302.8,68533.2,3547.064
2024-05-29T01:00:00+00:00,68533.1,68765.5,68341.3,68604.2,4315.602
2024-05-29T02:00:00+00:00,68604.2,68983,68479.2,68721.2,6626.914
2024-05-29T03:00:00+00:00,68721.2,68920,68710.4,68862.1,4078.322
2024-05-29T04:00:00+00:00,68862,68976.4,68777.6,68884.1,4373.628
2024-05-29T05:00:00+00:00,68884.1,68884.1,68604.5,68630,3712.944
2024-05-29T06:00:00+00:00,68630.1,68709.4,68506,68552.5,3243.35
2024-05-29T07:00:00+00:00,68552.5,68583.1,67975.5,67993.6,10403.013
2024-05-29T08:00:00+00:00,67993.7,68046.1,67631,67913.6,11149.109
2024-05-29T09:00:00+00:00,67913.6,68085.2,67722.8,67951.2,6278.113
2024-05-29T10:00:00+00:00,67951.2,68076,67841.6,68040.9,4061.789
2024-05-29T11:00:00+00:00,68041,68050,67766.3,67816.9,4269.921
2024-05-29T12:00:00+00:00,67816.8,68075.1,67618,67944.3,9834.65
2024-05-29T13:00:00+00:00,67944.3,68330.6,67620.3,67921.6,18050.281
2024-05-29T14:00:00+00:00,67921.5,68007.6,67549.4,67670.4,9065.115
2024-05-29T15:00:00+00:00,67670.4,67910.1,67321.7,67421,14126.123
2024-05-29T16:00:00+00:00,67421,67767.3,67129,67596.1,12808.56
2024-05-29T17:00:00+00:00,67594.8,67735.4,67369.1,67658.6,4774.629
2024-05-29T18:00:00+00:00,67658.6,67670,67258.7,67444.4,4264.893
2024-05-29T19:00:00+00:00,67444.5,67790,67263.8,67315.9,4690.797
2024-05-29T20:00:00+00:00,67316,67547.1,67179.4,67516.3,4079.864
2024-05-29T21:00:00+00:00,67516.3,67860.5,67362.9,67737,4914.747
2024-05-29T22:00:00+00:00,67737,67882.2,67639.4,67720.6,2842.41
2024-05-29T23:00:00+00:00,67720.6,67775.3,67606.6,67686.7,2724.761
2024-05-30T00:00:00+00:00,67686.8,67877,67580,67619.1,3017.704
2024-05-30T01:00:00+00:00,67619,67913.6,67501.7,67842.6,4224.292
2024-05-30T02:00:00+00:00,67842.5,68250,67824.6,67980,7550.66
2024-05-30T03:00:00+00:00,67980.1,68221.5,67952,68156,3271.693
2024-05-30T04:00:00+00:00,68156,68479,68014.7,68214.3,7057.196
2024-05-30T05:00:00+00:00,68214.3,68238.4,67995,68180,3983.334
2024-05-30T06:00:00+00:00,68180,68227.3,67763.4,67879.2,9274.985
2024-05-30T07:00:00+00:00,67879.2,68092.6,67555,67627.8,9663.186
2024-05-30T08:00:00+00:00,67627.9,67817.4,67167,67723.3,17457.405
2024-05-30T09:00:00+00:00,67723.2,67808.3,67505.8,67789,5623.212
2024-05-30T10:00:00+00:00,67789,68042.6,67578.1,67975.7,5433.059
2024-05-30T11:00:00+00:00,67975.8,68154.1,67855.7,67855.7,5464.929
2024-05-30T12:00:00+00:00,67855.8,68380,67792.4,68182.5,11403.76
2024-05-30T13:00:00+00:00,68182.6,68733.9,68083.1,68654.6,12764.932
2024-05-30T14:00:00+00:00,68654.6,68869.9,68284.7,68394.7,13804.313
2024-05-30T15:00:00+00:00,68394,68658.3,68170,68566.4,9302.218
2024-05-30T16:00:00+00:00,68566.4,68746.1,68412,68723.2,4971.864
2024-05-30T17:00:00+00:00,68723.2,69568.9,68703.9,69366.5,19635.28
2024-05-30T18:00:00+00:00,69366.5,69479.8,69131.6,69418.8,8158.43
2024-05-30T19:00:00+00:00,69418.7,69420.2,68464.9,68705,12571.405
2024-05-30T20:00:00+00:00,68705,68712,68068.8,68525.6,11383.873
2024-05-30T21:00:00+00:00,68525.5,68588,68368.1,68462.6,3166.786
2024-05-30T22:00:00+00:00,68462.6,68491,68273.6,68356.1,2652.13
2024-05-30T23:00:00+00:00,68356.2,68574,68284,68402.5,2737.253
2024-05-31T00:00:00+00:00,68402.6,68516.4,68316,68512.2,2852.615
2024-05-31T01:00:00+00:00,68512.2,68670,68343.7,68480,5369.236
2024-05-31T02:00:00+00:00,68480,68782,68465,68580.9,5442.276
2024-05-31T03:00:00+00:00,68580.9,68674.9,68521.5,68574,2344.142
2024-05-31T04:00:00+00:00,68574,68694,68515.1,68558.6,2403.275
2024-05-31T05:00:00+00:00,68558.6,68562.6,68330,68487.9,3806.508
2024-05-31T06:00:00+00:00,68487.9,68515.9,68248.8,68313.6,3305.591
2024-05-31T07:00:00+00:00,68313.6,68467.9,68124,68226.1,5577.975
2024-05-31T08:00:00+00:00,68226.2,68360,68164.9,68176.1,3812.939
2024-05-31T09:00:00+00:00,68176.1,68234.6,67908.4,67983.5,6897.367
2024-05-31T10:00:00+00:00,67983.5,68375,67967,68371.1,6843.13
2024-05-31T11:00:00+00:00,68371.1,68500,68315,68387.8,5730.705
2024-05-31T12:00:00+00:00,68387.9,69080,68351.1,68672.5,17972.834
2024-05-31T13:00:00+00:00,68672.6,68868.9,68056.4,68118.8,18308.351
2024-05-31T14:00:00+00:00,68118.9,68118.9,67288.8,67538.5,27034.727
2024-05-31T15:00:00+00:00,67538.5,67588.2,67234,67252.7,11594.737
2024-05-31T16:00:00+00:00,67252.6,67401,66700.5,67242,25561.208
2024-05-31T17:00:00+00:00,67242.1,67501,67193.6,67380.7,7747.716
2024-05-31T18:00:00+00:00,67380.6,67496.1,67209,67456.1,4870.913
2024-05-31T19:00:00+00:00,67456.2,68059.4,67388.2,67719.9,12522.881
2024-05-31T20:00:00+00:00,67720,67834.4,67633.1,67755,3592.345
2024-05-31T21:00:00+00:00,67755,67763,67557.7,67602.3,2543.573
2024-05-31T22:00:00+00:00,67602.5,67708.8,67529.8,67537.3,1783.136
2024-05-31T23:00:00+00:00,67537.2,67643,67259.7,67577.9,7833.572
2024-06-01T00:00:00+00:00,67577.9,67729.9,67535.4,67690,3025.451
2024-06-01T01:00:00+00:00,67690.1,67742.1,67480,67600,3219.815
2024-06-01T02:00:00+00:00,67600,67788.9,67584.4,67762.4,2110.726
2024-06-01T03:00:00+00:00,67762.5,67800.7,67660.8,67749.9,2847.863
2024-06-01T04:00:00+00:00,67750,67808.3,67692.3,67719.6,1613.873
2024-06-01T05:00:00+00:00,67719.6,67857.5,67635,67730.7,2165.402
2024-06-01T06:00:00+00:00,67730.6,67775.9,67645,67734.8,1559.982
2024-06-01T07:00:00+00:00,67734.9,67808.3,67608.6,67677.9,2819.501
2024-06-01T08:00:00+00:00,67677.8,67794.2,67649.8,67753.4,2228.437
2024-06-01T09:00:00+00:00,67753.4,67800,67678.4,67753.8,1513.4
2024-06-01T10:00:00+00:00,67753.8,67797,67670,67670,1552.743
2024-06-01T11:00:00+00:00,67670.1,67742.1,67670.1,67704,1149.633
2024-06-01T12:00:00+00:00,67704,67936,67681.4,67757.2,3026.6
2024-06-01T13:00:00+00:00,67757.2,67884.8,67752,67760,2381.087
2024-06-01T14:00:00+00:00,67760,67920,67716,67841.1,2448.014
2024-06-01T15:00:00+00:00,67841.2,67854.7,67692.8,67728.2,2118.296
2024-06-01T16:00:00+00:00,67728.2,67767.5,67644,67740,2035.679
2024-06-01T17:00:00+00:00,67739.9,67867.3,67590,67809.1,5031.532
2024-06-01T18:00:00+00:00,67809.1,67850.7,67750.8,67782.5,1303.183
2024-06-01T19:00:00+00:00,67782.5,67824,67713.1,67779.7,959.459
2024-06-01T20:00:00+00:00,67779.7,67836.9,67740,67836.8,945.31
2024-06-01T21:00:00+00:00,67836.9,67852,67736,67787.6,1192.645
2024-06-01T22:00:00+00:00,67787.7,67921.3,67729.6,67798.3,1711.826
2024-06-01T23:00:00+00:00,67798.4,67860,67756.2,67799.2,1982.601
2024-06-02T00:00:00+00:00,67799.2,67951.7,67776.1,67922.8,1943.122
2024-06-02T01:00:00+00:00,67922.7,67940,67728.4,67790,2105.346
2024-06-02T02:00:00+00:00,67790,67845.3,67661.9,67764.2,1941.809
2024-06-02T03:00:00+00:00,67764.3,67847.4,67754.5,67826.1,1235.097
2024-06-02T04:00:00+00:00,67826,67889.8,67771.9,67889.8,1058.025
2024-06-02T05:00:00+00:00,67889.8,67910,67746.2,67746.3,1514.88
2024-06-02T06:00:00+00:00,67746.3,67872.3,67738,67865.1,978.611
2024-06-02T07:00:00+00:00,67865.1,67873.2,67742.9,67743,1409.786
2024-06-02T08:00:00+00:00,67743,67852.7,67696.9,67790,1980.705
2024-06-02T09:00:00+00:00,67789.9,67807,67436.6,67573.9,5611.971
2024-06-02T10:00:00+00:00,67574,67629.9,67410,67577.4,3403.045
2024-06-02T11:00:00+00:00,67577.4,68367.9,67529.5,68284.1,12009.679
2024-06-02T12:00:00+00:00,68284,68350,67883.6,67979.4,10741.424
2024-06-02T13:00:00+00:00,67979.4,68268,67824.1,68200,5373.805
2024-06-02T14:00:00+00:00,68200,68545.9,68109.3,68295.5,10956.055
2024-06-02T15:00:00+00:00,68295.4,68342.2,68055,68189.8,3318.655
2024-06-02T16:00:00+00:00,68189.8,68252,68025.2,68145.8,2517.339
2024-06-02T17:00:00+00:00,68145.8,68153.4,67876.3,67921.8,5210.915
2024-06-02T18:00:00+00:00,67921.8,67921.9,67506.2,67751.2,11193.428
2024-06-02T19:00:00+00:00,67751.2,67839.9,67296.3,67765.3,9028.398
2024-06-02T20:00:00+00:00,67765.4,67874,67606.4,67874,2579.966
2024-06-02T21:00:00+00:00,67874,67953.3,67789.1,67848.7,2261.514
2024-06-02T22:00:00+00:00,67848.7,68031.3,67845.5,67977.8,2113.905
2024-06-02T23:00:00+00:00,67977.8,68038.7,67801,67805.9,1707.238
2024-06-03T00:00:00+00:00,67805.9,67923.5,67642.6,67863.6,4130.538
2024-06-03T01:00:00+00:00,67863.6,68628.6,67855.2,68521.5,11397.795
2024-06-03T02:00:00+00:00,68521.5,68848,68441.1,68460.4,10554.076
2024-06-03T03:00:00+00:00,68460.4,68576,68247.9,68435.9,5707.721
2024-06-03T04:00:00+00:00,68435.9,68650,68333.3,68553.5,4201.36
2024-06-03T05:00:00+00:00,68553.5,68826,68491.1,68746.8,5369.865
2024-06-03T06:00:00+00:00,68746.8,69255,68669.8,69101.4,16902.643
2024-06-03T07:00:00+00:00,69101.4,69236.9,68845.2,68949.9,9116.034
2024-06-03T08:00:00+00:00,68950,69385,68950,69177.4,8928.742
2024-06-03T09:00:00+00:00,69177.4,69235.9,68951.4,69050,4113.505
2024-06-03T10:00:00+00:00,69050.1,69231.9,68912.4,68958,4691.724
2024-06-03T11:00:00+00:00,68958,69300,68872.1,69125.5,6108.993
2024-06-03T12:00:00+00:00,69125.5,69831.6,69125.5,69792.7,16332.944
2024-06-03T13:00:00+00:00,69792.6,70372.9,69562.5,69830.1,21708.558
2024-06-03T14:00:00+00:00,69830.1,70133,68554.7,68820.1,34594.367
2024-06-03T15:00:00+00:00,68820,69650,68800.6,69650,17213.112
2024-06-03T16:00:00+00:00,69650,69752,68932.2,69122.2,13441.302
2024-06-03T17:00:00+00:00,69122.2,69440,68838,69309.9,6615.019
2024-06-03T18:00:00+00:00,69309.9,69495.7,69203.1,69338.5,5277.608
2024-06-03T19:00:00+00:00,69338.5,69343.8,69066.7,69257.2,4449.991
2024-06-03T20:00:00+00:00,69257.2,69553.8,69150.2,69150.2,4864.395
2024-06-03T21:00:00+00:00,69150,69243.9,68945.2,69129.1,4260.801
2024-06-03T22:00:00+00:00,69129.1,69184.8,68850,69088.2,4140.901
2024-06-03T23:00:00+00:00,69088.3,69102.8,68764,68851.4,3554.936
2024-06-04T00:00:00+00:00,68851.3,69135.3,68659,69041.1,6647.528
2024-06-04T01:00:00+00:00,69041.1,69260.8,68936.1,69259.9,4061.601
2024-06-04T02:00:00+00:00,69259.9,69350,69120.8,69176,3029.887
2024-06-04T03:00:00+00:00,69175.9,69408.2,69152.6,69199.1,2967.631
2024-06-04T04:00:00+00:00,69199.1,69318.4,69082.8,69097.2,4093.312
2024-06-04T05:00:00+00:00,69097.2,69200.1,68949.6,68995.4,3583.706
2024-06-04T06:00:00+00:00,68995.3,69088,68787.2,68939.9,7667.749
2024-06-04T07:00:00+00:00,68939.9,69122.5,68930,69054.7,3292.767
2024-06-04T08:00:00+00:00,69054.6,69246.7,68855.2,68873.7,5688.325
2024-06-04T09:00:00+00:00,68873.7,68931.2,68595.5,68752.5,9321.701
2024-06-04T10:00:00+00:00,68752.5,69000,68735.3,68930.1,4690.842
2024-06-04T11:00:00+00:00,68930.1,69080,68868.4,68992.8,3874.278
2024-06-04T12:00:00+00:00,68992.8,69209,68882.4,68989.5,5892.035
2024-06-04T13:00:00+00:00,68989.5,69876,68989,69566.6,19796.468
2024-06-04T14:00:00+00:00,69566.7,70200,69352.3,69691.9,29971.188
2024-06-04T15:00:00+00:00,69691.9,70560.3,69496.2,70492,22895.86
2024-06-04T16:00:00+00:00,70492.1,71066.8,70445,70858,26654.356
2024-06-04T17:00:00+00:00,70858.1,70893,70405.4,70606.3,11457.305
2024-06-04T18:00:00+00:00,70606.3,71146.4,70606.2,70740.7,11514.943
2024-06-04T19:00:00+00:00,70740.7,70783.2,70117.8,70459,12729.621
2024-06-04T20:00:00+00:00,70459.1,70600,70207.2,70444.5,5019.302
2024-06-04T21:00:00+00:00,70444.5,70665.3,70380.5,70650,2905.688
2024-06-04T22:00:00+00:00,70650,70776.3,70535.8,70608.9,4749.774
2024-06-04T23:00:00+00:00,70608.9,70663.8,70442.1,70580,3594.149
2024-06-05T00:00:00+00:00,70580,70954.1,70462.8,70820.1,7593.081
2024-06-05T01:00:00+00:00,70820.2,71389.8,70685.9,71020.7,11466.934
2024-06-05T02:00:00+00:00,71020.7,71216,70700,70892.1,7824.993
2024-06-05T03:00:00+00:00,70892.2,71057,70819.1,70994,5420.481
2024-06-05T04:00:00+00:00,70994,71327.9,70875.9,71220.2,7955.595
2024-06-05T05:00:00+00:00,71220.2,71245,70922,71038.4,5061.003
2024-06-05T06:00:00+00:00,71038.4,71199.3,70872.4,71163.4,7091.922
2024-06-05T07:00:00+00:00,71163.4,71430,71071.3,71244.1,9042.589
2024-06-05T08:00:00+00:00,71244,71282.2,70923,70972,5466.131
2024-06-05T09:00:00+00:00,70971.9,71078.8,70860,70947.9,5000.43
2024-06-05T10:00:00+00:00,70948,70965,70766.4,70840.7,4968.193
2024-06-05T11:00:00+00:00,70840.8,71156,70737.4,71008.4,6001.621
2024-06-05T12:00:00+00:00,71008.4,71178.9,70686.1,70992.4,11073.644
2024-06-05T13:00:00+00:00,70992.3,71224.7,70632,70773.1,11901.035
2024-06-05T14:00:00+00:00,70773.1,71111,70423.6,70907.4,17736.2
2024-06-05T15:00:00+00:00,70907.4,71792,70802.6,71625.1,24186.164
2024-06-05T16:00:00+00:00,71625.2,71824.4,71302.6,71355.8,12183.773
2024-06-05T17:00:00+00:00,71355.9,71754.6,71280,71660,7299.615
2024-06-05T18:00:00+00:00,71660,71792.7,70940,71134.5,13306.297
2024-06-05T19:00:00+00:00,71134.5,71434,70909.2,71314.8,7857.808
2024-06-05T20:00:00+00:00,71314.8,71390.5,71186.4,71228.6,3621.68
2024-06-05T21:00:00+00:00,71228.6,71249.5,71071.5,71177.2,2621.688
2024-06-05T22:00:00+00:00,71177.2,71316,71123.4,71180,2020.068
2024-06-05T23:00:00+00:00,71180,71341,70711.3,71133.3,7291.089
2024-06-06T00:00:00+00:00,71133.3,71220.8,70982.6,71051.1,3343.699
2024-06-06T01:00:00+00:00,71051,71227.5,70922.5,71167.7,3345.406
2024-06-06T02:00:00+00:00,71167.6,71280,71133.5,71196,2517.909
2024-06-06T03:00:00+00:00,71196,71233.5,71050.6,71087.8,1994.685
2024-06-06T04:00:00+00:00,71087.7,71144,70950.2,71093.7,3194.435
2024-06-06T05:00:00+00:00,71093.6,71129.2,70850,70945.7,4441.033
2024-06-06T06:00:00+00:00,70945.8,71099.3,70850,70934.4,5334.461
2024-06-06T07:00:00+00:00,70934.4,71128.4,70895.2,71077.3,3781.912
2024-06-06T08:00:00+00:00,71077.2,71095.1,70912.9,70949.7,2874.754
2024-06-06T09:00:00+00:00,70949.7,71207.2,70949.7,71026.3,3764.023
2024-06-06T10:00:00+00:00,71026.4,71060,70940,71047.3,2700.587
2024-06-06T11:00:00+00:00,71047.4,71259.8,70978.3,71219.2,4597.764
2024-06-06T12:00:00+00:00,71219.3,71500,71088.7,71230,12076.424
2024-06-06T13:00:00+00:00,71230.1,71600,71025.1,71163.5,14208.645
2024-06-06T14:00:00+00:00,71163.5,71604.5,71055,71514.4,14259.947
2024-06-06T15:00:00+00:00,71514.4,71714.8,71279.9,71334.3,10857.269
2024-06-06T16:00:00+00:00,71334.3,71421.6,70855,70977.6,15074.38
2024-06-06T17:00:00+00:00,70977.5,71263,70825,71137.8,8600.18
2024-06-06T18:00:00+00:00,71137.9,71200,70900,71119.6,3546.007
2024-06-06T19:00:00+00:00,71119.6,71128.4,70489.2,70526.1,12127.663
2024-06-06T20:00:00+00:00,70526,70790,70101.9,70767.9,15957.046
2024-06-06T21:00:00+00:00,70768,70900,70701.3,70784.6,3470.663
2024-06-06T22:00:00+00:00,70784.6,70938.1,70700,70938,3237.52
2024-06-06T23:00:00+00:00,70938.1,70988,70783.1,70830,3177.152
2024-06-07T00:00:00+00:00,70830,70930,70773,70925.6,2670.506
2024-06-07T01:00:00+00:00,70925.6,70948.2,70706.5,70870,4042.975
2024-06-07T02:00:00+00:00,70869.9,70913.8,70700,70869.5,3426.786
2024-06-07T03:00:00+00:00,70869.4,71063.8,70776,71032.9,3855.677
2024-06-07T04:00:00+00:00,71032.8,71298.5,71029,71251.3,7845.863
2024-06-07T05:00:00+00:00,71251.4,71476,71196.1,71324,8101.255
2024-06-07T06:00:00+00:00,71324,71385.6,71188.5,71298.5,3503.01
2024-06-07T07:00:00+00:00,71298.5,71356,71106,71147.9,5518.141
2024-06-07T08:00:00+00:00,71147.9,71241.9,71085,71161.4,4032.669
2024-06-07T09:00:00+00:00,71161.5,71351,71100,71332.5,3568.525
2024-06-07T10:00:00+00:00,71332.4,71475,71233,71404.9,4578.306
2024-06-07T11:00:00+00:00,71404.9,71773.3,71331.1,71750,9942.125
2024-06-07T12:00:00+00:00,71749.9,72144,70668,71274,64432.515
2024-06-07T13:00:00+00:00,71274,71699,71105.8,71576.8,15720.904
2024-06-07T14:00:00+00:00,71576.7,71595.6,71205.9,71466,9022.547
2024-06-07T15:00:00+00:00,71466.1,71466.1,70903.1,71150,11646.764
2024-06-07T16:00:00+00:00,71150.1,71254.7,70812.1,70921.3,8231.623
2024-06-07T17:00:00+00:00,70921.3,70921.3,69820,69834,26283.947
2024-06-07T18:00:00+00:00,69834,69924.8,68405,69186.5,66782.45
2024-06-07T19:00:00+00:00,69186.6,69485.2,68829,69287.2,17221.849
2024-06-07T20:00:00+00:00,69287.2,69357,69000.4,69338.1,8277.314
2024-06-07T21:00:00+00:00,69338.1,69416.1,69230,69279.8,3565.485
2024-06-07T22:00:00+00:00,69279.7,69663.4,69213.1,69537.9,4528.354
2024-06-07T23:00:00+00:00,69537.9,69538,69347.1,69377,2612.78
2024-06-08T00:00:00+00:00,69377,69517.3,69314.2,69430.9,3162.931
2024-06-08T01:00:00+00:00,69430.8,69506.2,69322.2,69497.9,3094.413
2024-06-08T02:00:00+00:00,69498,69498,69416.1,69456.2,1619.225
2024-06-08T03:00:00+00:00,69456.3,69550,69450.1,69454.6,3222.559
2024-06-08T04:00:00+00:00,69454.6,69495.9,69300,69343.4,2984.627
2024-06-08T05:00:00+00:00,69343.4,69374.1,69257.9,69342.8,2881.119
2024-06-08T06:00:00+00:00,69342.9,69445.1,69315.7,69362.6,1976.13
2024-06-08T07:00:00+00:00,69362.5,69612.5,69362.5,69612.5,4156.055
2024-06-08T08:00:00+00:00,69612.5,69613.6,69414.5,69473.5,2658.207
2024-06-08T09:00:00+00:00,69473.5,69537,69410.6,69488,1829.896
2024-06-08T10:00:00+00:00,69488,69536.9,69390.5,69498.7,2113.878
2024-06-08T11:00:00+00:00,69498.7,69557,69351.8,69404.5,3416.756
2024-06-08T12:00:00+00:00,69404.5,69478,69292.1,69390.6,4255.16
2024-06-08T13:00:00+00:00,69390.6,69477,69192.3,69466.9,6073.981
2024-06-08T14:00:00+00:00,69467,69506.4,69340,69499.9,3970.315
2024-06-08T15:00:00+00:00,69499.9,69540,69452.9,69462.1,2785.077
2024-06-08T16:00:00+00:00,69462,69512.5,69334.5,69428.7,3597.652
2024-06-08T17:00:00+00:00,69428.6,69514,69372.1,69485.5,2090.239
2024-06-08T18:00:00+00:00,69485.5,69523.6,69460.2,69482,1518.373
2024-06-08T19:00:00+00:00,69482,69533,69446.9,69486.6,1290.815
2024-06-08T20:00:00+00:00,69486.6,69514,69351,69400.1,1813.744
2024-06-08T21:00:00+00:00,69400,69468.1,69345.7,69432.1,1582.637
2024-06-08T22:00:00+00:00,69432,69449.4,69325,69370,1825.353
2024-06-08T23:00:00+00:00,69370,69380.7,69326.8,69346.5,1820.715
2024-06-09T00:00:00+00:00,69346.6,69377.9,69280,69314.5,2286.269
2024-06-09T01:00:00+00:00,69314.5,69386.5,69267.7,69315,1552.936
2024-06-09T02:00:00+00:00,69315.1,69342.2,69200,69208.8,3036.3
2024-06-09T03:00:00+00:00,69208.9,69334.5,69160,69300.9,2443.744
2024-06-09T04:00:00+00:00,69300.9,69350,69273.1,69339.9,1296.955
2024-06-09T05:00:00+00:00,69340,69412.5,69263,69325.1,1703.879
2024-06-09T06:00:00+00:00,69325,69434.9,69319,69418.6,1521.233
2024-06-09T07:00:00+00:00,69418.7,69461.9,69310.2,69331.9,1810.388
2024-06-09T08:00:00+00:00,69331.9,69393.5,69314.8,69385,1124.807
2024-06-09T09:00:00+00:00,69385,69443.5,69367.7,69402.1,1438.018
2024-06-09T10:00:00+00:00,69402.1,69415.5,69360.2,69381.8,1242.782
2024-06-09T11:00:00+00:00,69381.9,69432,69352.9,69400.6,1254.748
2024-06-09T12:00:00+00:00,69400.6,69797,69385,69734.7,7609.525
2024-06-09T13:00:00+00:00,69734.8,69821.1,69287.5,69482.2,11522.05
2024-06-09T14:00:00+00:00,69482.2,69570.9,69284.8,69513,5183.122
2024-06-09T15:00:00+00:00,69513,69608.3,69452.6,69530.1,3537.49
2024-06-09T16:00:00+00:00,69530.1,69661.9,69517,69642.2,2350.475
2024-06-09T17:00:00+00:00,69642.2,69739.2,69587,69684.8,2414.121
2024-06-09T18:00:00+00:00,69684.7,69879,69625.6,69767,4499.713
2024-06-09T19:00:00+00:00,69767,69879,69677,69742.6,3368.288
2024-06-09T20:00:00+00:00,69742.5,69765.1,69606.4,69706.8,1888.263
2024-06-09T21:00:00+00:00,69706.7,69862,69624.1,69774.1,1994.79
2024-06-09T22:00:00+00:00,69774.2,69816.4,69641.9,69666,1584.497
2024-06-09T23:00:00+00:00,69665.9,69718.4,69610.1,69667.1,1359.707
2024-06-10T00:00:00+00:00,69667.1,69684.9,69450.1,69600.1,3499.447
2024-06-10T01:00:00+00:00,69600,69710.5,69544.1,69645.1,2425.376
2024-06-10T02:00:00+00:00,69645,69833,69622.9,69745.7,3250.536
2024-06-10T03:00:00+00:00,69745.6,69797.4,69587.6,69637.3,2107.567
2024-06-10T04:00:00+00:00,69637.4,69712.1,69550,69702.7,2598.437
2024-06-10T05:00:00+00:00,69702.7,69702.7,69544.7,69595.1,2042.45
2024-06-10T06:00:00+00:00,69595.2,69639,69300,69459.1,6181.768
2024-06-10T07:00:00+00:00,69459.1,69532.2,69265,69325.3,5792.262
2024-06-10T08:00:00+00:00,69325.3,69530,69310.7,69422.5,4648.885
2024-06-10T09:00:00+00:00,69422.6,69508.6,69201.2,69471.6,7051.584
2024-06-10T10:00:00+00:00,69471.6,69505.8,69382.1,69472.2,2556.584
2024-06-10T11:00:00+00:00,69472.2,69592.6,69366.6,69506.7,2962.473
2024-06-10T12:00:00+00:00,69506.6,69555.1,69351.4,69401.9,3485.558
2024-06-10T13:00:00+00:00,69401.9,69548.7,69255.1,69444,8326.388
2024-06-10T14:00:00+00:00,69443.9,69700,69323,69699.9,7363.126
2024-06-10T15:00:00+00:00,69700,70222.7,69633.1,70090.9,19726.925
2024-06-10T16:00:00+00:00,70090.9,70134,69731,69998.9,9926.667
2024-06-10T17:00:00+00:00,69998.9,70101.8,69781.3,70071.1,4006.045
2024-06-10T18:00:00+00:00,70071,70166.1,69754.8,69883.6,6071.284
2024-06-10T19:00:00+00:00,69883.7,69883.7,69420,69524.2,8828.942
2024-06-10T20:00:00+00:00,69524.3,69734.5,69360.4,69650.7,7158.827
2024-06-10T21:00:00+00:00,69650.6,69729.2,69557.5,69616.2,1819.477
2024-06-10T22:00:00+00:00,69616.3,69635.1,69451.4,69536.2,2484.547
2024-06-10T23:00:00+00:00,69536.3,69598.6,69418.1,69558.7,3066.449
2024-06-11T00:00:00+00:00,69558.8,69600,69450,69454.6,3301.981
2024-06-11T01:00:00+00:00,69454.6,69566.5,68479.4,68741.4,17137.138
2024-06-11T02:00:00+00:00,68741.4,68996.9,67881.9,68285.8,33301.328
2024-06-11T03:00:00+00:00,68285.9,68515.4,68189,68472.3,9231.694
2024-06-11T04:00:00+00:00,68472.2,68472.2,67606.2,68040,21653.075
2024-06-11T05:00:00+00:00,68040.1,68080.3,67670.1,67930.4,9094.521
2024-06-11T06:00:00+00:00,67930.3,68007.4,67300,67720,14258.78
2024-06-11T07:00:00+00:00,67719.9,67872,67531.8,67582,9391.05
2024-06-11T08:00:00+00:00,67582.1,67666,67300,67537.4,10390.449
2024-06-11T09:00:00+00:00,67537.3,67690.8,66888,67104.9,22201.948
2024-06-11T10:00:00+00:00,67104.9,67308.3,66689.5,66981.7,17079.61
2024-06-11T11:00:00+00:00,66981.8,67148.9,66778.5,66919.6,10578.271
2024-06-11T12:00:00+00:00,66919.6,67199,66793,67043.3,10331.141
2024-06-11T13:00:00+00:00,67043.2,67288,66523.3,66832.9,18859.257
2024-06-11T14:00:00+00:00,66833,67117,66795.5,66859.3,9102.526
2024-06-11T15:00:00+00:00,66859.2,67089.9,66000,66266,31473.547
2024-06-11T16:00:00+00:00,66266,66759.6,66177.9,66506.7,14185.944
2024-06-11T17:00:00+00:00,66506.7,66823.9,66184,66785.2,10026.298
2024-06-11T18:00:00+00:00,66785.2,67240,66670,67130.3,12048.41
2024-06-11T19:00:00+00:00,67130.2,67591.3,67066,67420.6,10983.654
2024-06-11T20:00:00+00:00,67420.5,67514.5,67180.4,67300,5385.527
2024-06-11T21:00:00+00:00,67299.9,67411.6,67206.3,67411.6,1994.879
2024-06-11T22:00:00+00:00,67411.6,67585.6,67313,67368.1,3396.859
2024-06-11T23:00:00+00:00,67368.1,67605,67302.8,67320.7,6577.055
2024-06-12T00:00:00+00:00,67320.6,67448,67200,67218.6,4135.957
2024-06-12T01:00:00+00:00,67218.6,67261.7,66920,67187.8,6810.44
2024-06-12T02:00:00+00:00,67187.8,67624.2,67138.8,67412,7920.991
2024-06-12T03:00:00+00:00,67412.1,67505.6,67325.4,67413,2597.893
2024-06-12T04:00:00+00:00,67413,67621,67386.1,67490,5988.165
2024-06-12T05:00:00+00:00,67490,67511.8,67200,67257.6,4341.476
2024-06-12T06:00:00+00:00,67257.7,67396,67257.6,67278.6,2734.491
2024-06-12T07:00:00+00:00,67278.6,67492.9,67242.2,67449.4,2800.686
2024-06-12T08:00:00+00:00,67449.5,67544,67372.4,67399.5,2791.39
2024-06-12T09:00:00+00:00,67399.5,67829.5,67346.6,67760.1,7923.846
2024-06-12T10:00:00+00:00,67760.2,68065.3,67760.2,67997.9,11908.211
2024-06-12T11:00:00+00:00,67997.9,68018.2,67718.1,67789.9,4929.937
2024-06-12T12:00:00+00:00,67790,69488,67740.9,69340.1,52967.485
2024-06-12T13:00:00+00:00,69340.1,69668.6,69079,69324.9,24637.446
2024-06-12T14:00:00+00:00,69325,69987.9,69290.4,69960,19651.893
2024-06-12T15:00:00+00:00,69959.9,70028,69538.2,69738,12303.538
2024-06-12T16:00:00+00:00,69738,69787.5,69280,69613.4,10855.019
2024-06-12T17:00:00+00:00,69613.5,69864.2,69486.7,69804,6981.431
2024-06-12T18:00:00+00:00,69804,69810.2,68580.2,68837.2,54857.468
2024-06-12T19:00:00+00:00,68837.1,69222,67215.2,67523.2,50318.297
2024-06-12T20:00:00+00:00,67523.1,68297.3,67409.8,68101.7,15290.283
2024-06-12T21:00:00+00:00,68101.6,68692.6,68100.6,68531.7,8304.827
2024-06-12T22:00:00+00:00,68531.8,68553.6,68275.6,68349.2,5400.561
2024-06-12T23:00:00+00:00,68349.2,68362.3,68123,68270.3,3466.729
2024-06-13T00:00:00+00:00,68270.3,68400,68002.5,68331,5029.496
2024-06-13T01:00:00+00:00,68331.1,68370.4,67888,67980.2,4743.021
2024-06-13T02:00:00+00:00,67980.3,68188,67688,67742.6,8409.31
2024-06-13T03:00:00+00:00,67742.5,67856,66957,67471.1,20295.035
2024-06-13T04:00:00+00:00,67471.1,67709.2,67322.9,67327.9,8219.121
2024-06-13T05:00:00+00:00,67327.9,67685.6,67322.9,67600,4221.336
2024-06-13T06:00:00+00:00,67599.9,67613.4,67300,67512.5,3853.615
2024-06-13T07:00:00+00:00,67512.5,67728.4,67400,67724.9,4478.777
2024-06-13T08:00:00+00:00,67724.9,67749.2,67498.4,67568.3,4567.555
2024-06-13T09:00:00+00:00,67568.3,67573.6,67170.4,67426.7,8085.503
2024-06-13T10:00:00+00:00,67426.7,67964.1,67226.5,67810.6,10977.656
2024-06-13T11:00:00+00:00,67810.6,67963.8,67635.6,67744.6,8715.6
2024-06-13T12:00:00+00:00,67744.6,68607.7,67437.4,67738.5,31485.639
2024-06-13T13:00:00+00:00,67738.5,68260,67500.1,67580.5,18496.465
2024-06-13T14:00:00+00:00,67580.5,67742.1,67140,67358.7,21606.22
2024-06-13T15:00:00+00:00,67358.7,67537.6,66337,66464.4,32498.868
2024-06-13T16:00:00+00:00,66464.3,67038,66251.1,66983.8,20221.94
2024-06-13T17:00:00+00:00,66983.7,67080.5,66645,66920.1,8544.943
2024-06-13T18:00:00+00:00,66920,66982.2,66694.3,66870.3,5866.732
2024-06-13T19:00:00+00:00,66870.3,66895,66597.2,66620.8,4719.091
2024-06-13T20:00:00+00:00,66620.9,66835.9,66533.1,66725.5,4177.28
2024-06-13T21:00:00+00:00,66725.5,66985.2,66691.9,66983.4,3377.465
2024-06-13T22:00:00+00:00,66983.3,66991.1,66845.4,66895.4,2651.159
2024-06-13T23:00:00+00:00,66895.5,66921.4,66675,66786.9,3113.634
2024-06-14T00:00:00+00:00,66786.8,66904,66608.9,66729.1,4788.76
2024-06-14T01:00:00+00:00,66729.1,66838,66471.3,66809.5,6718.011
2024-06-14T02:00:00+00:00,66809.5,67038,66715,66951.6,5903.888
2024-06-14T03:00:00+00:00,66951.6,66982.3,66672.9,66749.7,3700.296
2024-06-14T04:00:00+00:00,66749.8,66835.3,66714.7,66719.7,2078.197
2024-06-14T05:00:00+00:00,66719.7,67228.2,66710.8,67058,8794.577
2024-06-14T06:00:00+00:00,67058,67126.7,66872,66958.3,6198.282
2024-06-14T07:00:00+00:00,66958.3,67097.9,66890.1,66906.2,3137.214
2024-06-14T08:00:00+00:00,66906.3,67250,66859.1,67140.3,5554.153
2024-06-14T09:00:00+00:00,67140.3,67145.4,66890.9,66915.2,5089.063
2024-06-14T10:00:00+00:00,66915.1,67015.6,66819.7,66866.2,3761.966
2024-06-14T11:00:00+00:00,66866.2,67105,66755.8,67034.2,5669.321
2024-06-14T12:00:00+00:00,67034.1,67287.9,66965.1,67074.1,8189.12
2024-06-14T13:00:00+00:00,67074.1,67366.5,66950,67066.1,8448.237
2024-06-14T14:00:00+00:00,67066.1,67106.3,66555.6,66980,19238.13
2024-06-14T15:00:00+00:00,66980,67066.3,66334.5,66380,17051.997
2024-06-14T16:00:00+00:00,66380,66522,65200,65286.2,56791.839
2024-06-14T17:00:00+00:00,65286.1,65747.7,65052.4,65401,17153.63
2024-06-14T18:00:00+00:00,65400.1,65525,65072.6,65510.7,10661.553
2024-06-14T19:00:00+00:00,65510.7,65694.3,65287.2,65514.9,6280.359
2024-06-14T20:00:00+00:00,65514.9,65973.5,65471.6,65756.9,8209.158
2024-06-14T21:00:00+00:00,65756.9,66648.8,65716.7,66179.9,16976.849
2024-06-14T22:00:00+00:00,66179.9,66241.8,65882.5,66011,6687.434
2024-06-14T23:00:00+00:00,66011.1,66075,65907,66039.7,2329.197
2024-06-15T00:00:00+00:00,66039.7,66276,65979.6,66176.8,4145.564
2024-06-15T01:00:00+00:00,66176.8,66280,66060,66069,2647.683
2024-06-15T02:00:00+00:00,66068.9,66247,66042.1,66205.9,1847.012
2024-06-15T03:00:00+00:00,66205.9,66267.6,66178.8,66266,1863.894
2024-06-15T04:00:00+00:00,66265.9,66363.6,66193.2,66241.7,4064.207
2024-06-15T05:00:00+00:00,66241.6,66388,66211.2,66224.8,2907.382
2024-06-15T06:00:00+00:00,66224.7,66421.5,66132.2,66171.6,4792.748
2024-06-15T07:00:00+00:00,66171.6,66202.3,66060,66082.6,4255.213
2024-06-15T08:00:00+00:00,66082.5,66224.4,66082.5,66222.8,2627.002
2024-06-15T09:00:00+00:00,66222.8,66272.4,66054.2,66220.7,3602.178
2024-06-15T10:00:00+00:00,66220.7,66300,66188,66283.9,2033.399
2024-06-15T11:00:00+00:00,66283.9,66334.8,66250.6,66305.2,2769.268
2024-06-15T12:00:00+00:00,66305.2,66349.8,66204.9,66333,3220.254
2024-06-15T13:00:00+00:00,66333.1,66339.5,66222.4,66291.9,1697.679
2024-06-15T14:00:00+00:00,66291.9,66296.3,66157.5,66212.7,2593.459
2024-06-15T15:00:00+00:00,66212.7,66482.6,66203.7,66311.9,5418.561
2024-06-15T16:00:00+00:00,66311.8,66360.8,66166,66175.9,2683.292
2024-06-15T17:00:00+00:00,66175.9,66294.3,66115.2,66239.5,2759.403
2024-06-15T18:00:00+00:00,66239.5,66239.5,66128.4,66139.9,2080.793
2024-06-15T19:00:00+00:00,66139.9,66197.8,66057,66144.2,2213.604
2024-06-15T20:00:00+00:00,66144.1,66168.6,65801,66035.3,6981.787
2024-06-15T21:00:00+00:00,66035.2,66144.6,66028.4,66114.8,1171.991
2024-06-15T22:00:00+00:00,66114.8,66192.9,66036,66192.9,1619.874
2024-06-15T23:00:00+00:00,66192.8,66282.5,66192.8,66213.7,2427.508
2024-06-16T00:00:00+00:00,66213.7,66256.9,66150.3,66157.3,2077.363
2024-06-16T01:00:00+00:00,66157.3,66207.8,66093.9,66163.1,1925.236
2024-06-16T02:00:00+00:00,66163.1,66166.9,66094.3,66132,1539.193
2024-06-16T03:00:00+00:00,66132.1,66156.4,66054.1,66129.6,1665.723
2024-06-16T04:00:00+00:00,66129.6,66195.2,66012.1,66150,2442.095
2024-06-16T05:00:00+00:00,66150,66252,66149.9,66251.9,1797.176
2024-06-16T06:00:00+00:00,66252,66350,66162.8,66303.2,3003.275
2024-06-16T07:00:00+00:00,66303.1,66342.5,66233.2,66249.4,1886.253
2024-06-16T08:00:00+00:00,66249.3,66330.2,66225,66261.8,2381.811
2024-06-16T09:00:00+00:00,66261.8,66421.2,66169.4,66392.3,3981.078
2024-06-16T10:00:00+00:00,66392.2,66780,66350.5,66696.1,9712.92
2024-06-16T11:00:00+00:00,66696.2,66719.3,66413.5,66471.4,5290.213
2024-06-16T12:00:00+00:00,66471.4,66635.6,66455.6,66577,3015.407
2024-06-16T13:00:00+00:00,66577.1,66747.6,66532.2,66744.3,4666.164
2024-06-16T14:00:00+00:00,66744.2,66778.1,66475.2,66501.5,5865.088
2024-06-16T15:00:00+00:00,66501.5,66712.7,66489.9,66690.4,2823.29
2024-06-16T16:00:00+00:00,66690.4,66733.3,66529.2,66572.4,2915.133
2024-06-16T17:00:00+00:00,66572.4,66654.6,66497.4,66563,3232.997
2024-06-16T18:00:00+00:00,66563,66650,66550,66574,1614.05
2024-06-16T19:00:00+00:00,66574,66636.2,66496,66542.5,1722.719
2024-06-16T20:00:00+00:00,66542.4,66596,66432.9,66503.8,2575.648
2024-06-16T21:00:00+00:00,66503.8,66524.6,66440,66510.6,1585.417
2024-06-16T22:00:00+00:00,66510.6,66960.3,66510.6,66731.9,10217.656
2024-06-16T23:00:00+00:00,66731.9,66816,66607.3,66653.6,2425.646
2024-06-17T00:00:00+00:00,66653.5,66915.4,66518,66565.5,5740.193
2024-06-17T01:00:00+00:00,66565.5,66599.5,66248,66452.1,9418.59
2024-06-17T02:00:00+00:00,66451.8,66460.5,66132.8,66324.4,6212.799
2024-06-17T03:00:00+00:00,66324.4,66415,66116,66200,5170.342
2024-06-17T04:00:00+00:00,66199.9,66426.7,66147.2,66426.7,4506.011
2024-06-17T05:00:00+00:00,66426.7,66548.9,66262.6,66334.2,5120.182
2024-06-17T06:00:00+00:00,66334.3,66372,66052.8,66107.7,6547.646
2024-06-17T07:00:00+00:00,66107.6,66348.6,65907.5,66147.3,9289.27
2024-06-17T08:00:00+00:00,66147.3,66295.8,65955,66172.7,7686.416
2024-06-17T09:00:00+00:00,66172.7,66232,65581.6,65696.3,12157.822
2024-06-17T10:00:00+00:00,65696.3,65937.9,65511.6,65863,14276.739
2024-06-17T11:00:00+00:00,65863,66035.8,65769.4,65791.8,4738.917
2024-06-17T12:00:00+00:00,65791.9,65813.2,65501.6,65608,6331.597
2024-06-17T13:00:00+00:00,65607.9,65790,65165,65180.7,17289.287
2024-06-17T14:00:00+00:00,65180.6,65769.1,65094.9,65444.8,15388.869
2024-06-17T15:00:00+00:00,65444.8,65718.6,65237.5,65341.9,11585.694
2024-06-17T16:00:00+00:00,65341.8,66054.5,65130,65866,20750.578
2024-06-17T17:00:00+00:00,65865.9,66606,65865.9,66587.2,18948.939
2024-06-17T18:00:00+00:00,66587.2,67280.6,66525.2,67067.7,28565.617
2024-06-17T19:00:00+00:00,67067.8,67089.1,66526.6,66661.4,11458.856
2024-06-17T20:00:00+00:00,66661.4,66746.2,66122.3,66376,14150.996
2024-06-17T21:00:00+00:00,66376,66697,66280.4,66550,4381.088
2024-06-17T22:00:00+00:00,66550,66686.3,66455.2,66632.4,3495.412
2024-06-17T23:00:00+00:00,66632.4,66694.4,66358.3,66472.1,5208.927
2024-06-18T00:00:00+00:00,66472.1,66558.9,65431,65730.1,17244.498
2024-06-18T01:00:00+00:00,65730.1,65945.1,64566,65103.8,41093.188
2024-06-18T02:00:00+00:00,65103.7,65654,64565,65432.5,24205.514
2024-06-18T03:00:00+00:00,65432.5,65548.8,65233.8,65474.9,7257.747
2024-06-18T04:00:00+00:00,65474.9,65748.3,65314.6,65535.6,7462.865
2024-06-18T05:00:00+00:00,65535.6,65831.1,65519.4,65570.7,7401.769
2024-06-18T06:00:00+00:00,65570.8,65698.1,65344.6,65469.9,10735.137
2024-06-18T07:00:00+00:00,65469.9,65780,65460.7,65646.4,5147.146
2024-06-18T08:00:00+00:00,65646.3,65724.6,65562,65700,2960.868
2024-06-18T09:00:00+00:00,65700,65700,65424.1,65455.4,3634.088
2024-06-18T10:00:00+00:00,65455.5,65581,65321.5,65404.2,5548.364
2024-06-18T11:00:00+00:00,65404.2,65464.1,65080.9,65339.2,12482.218
2024-06-18T12:00:00+00:00,65339.2,65410.1,64966,65215,16408.406
2024-06-18T13:00:00+00:00,65214.9,65246.2,64608,64820.6,27950.499
2024-06-18T14:00:00+00:00,64820.7,65382,64300,64614.5,39699.602
2024-06-18T15:00:00+00:00,64614.5,64909.7,64212,64676.8,24591.154
2024-06-18T16:00:00+00:00,64676.7,64833.5,64306.8,64671.3,11033.862
2024-06-18T17:00:00+00:00,64671.3,64887.4,64365,64586.2,11915.212
2024-06-18T18:00:00+00:00,64586.6,64844,64288,64659.6,8078.342
2024-06-18T19:00:00+00:00,64659.6,64716.5,64009.8,64400,17232.559
2024-06-18T20:00:00+00:00,64399.7,65044.7,64168.9,64908.2,14194.331
2024-06-18T21:00:00+00:00,64908.2,65279.9,64771.6,65199.8,8837.719
2024-06-18T22:00:00+00:00,65199.9,65281.6,65023.4,65250.9,4705.963
2024-06-18T23:00:00+00:00,65250.9,65250.9,65035.6,65150,5738.343
2024-06-19T00:00:00+00:00,65149.9,65215,64834.6,65114,9012.548
2024-06-19T01:00:00+00:00,65114,65490,64777.1,65007.9,15852.621
2024-06-19T02:00:00+00:00,65008,65468.7,64978.2,65303,6926.759
2024-06-19T03:00:00+00:00,65303,65596.9,65243.4,65377.1,6157.678
2024-06-19T04:00:00+00:00,65377,65711.9,65318.8,65416,9171.292
2024-06-19T05:00:00+00:00,65416.1,65529.5,65287.6,65376.4,5025.008
2024-06-19T06:00:00+00:00,65376.4,65572.1,65363.2,65568.7,3513.221
2024-06-19T07:00:00+00:00,65568.7,65625.4,65143,65295,8090.397
2024-06-19T08:00:00+00:00,65294.9,65323,65075.2,65158,5904.474
2024-06-19T09:00:00+00:00,65158.1,65277.1,65035.7,65270.7,4369.449
2024-06-19T10:00:00+00:00,65270.7,65489.9,65101,65489.9,5590.003
2024-06-19T11:00:00+00:00,65489.9,65519.6,64955.9,65181.9,13048.359
2024-06-19T12:00:00+00:00,65182,65279.9,65000.1,65156.6,5542.557
2024-06-19T13:00:00+00:00,65156.7,65200,65022,65057.9,3654.026
2024-06-19T14:00:00+00:00,65058,65110,64802.3,64918.1,9172.906
2024-06-19T15:00:00+00:00,64918.1,65092.5,64708.2,64895,8712.993
2024-06-19T16:00:00+00:00,64895,65067,64765.2,64900,4737.793
2024-06-19T17:00:00+00:00,64900.1,65269.5,64864,65056.7,5167.407
2024-06-19T18:00:00+00:00,65056.8,65132.6,64929.8,64941.2,2897.762
2024-06-19T19:00:00+00:00,64941.2,64963.8,64757.2,64851.3,4517.444
2024-06-19T20:00:00+00:00,64851.4,64902.6,64600,64850.5,5384.909
2024-06-19T21:00:00+00:00,64850.4,65060.4,64809.5,64973,3107.467
2024-06-19T22:00:00+00:00,64973,65023,64801,64802.9,2154.089
2024-06-19T23:00:00+00:00,64802.9,64971.7,64766.8,64933.6,2321.507
2024-06-20T00:00:00+00:00,64933.6,65070.8,64804.7,65064.4,4628.021
2024-06-20T01:00:00+00:00,65064.5,65378,65006.1,65134.9,8289.673
2024-06-20T02:00:00+00:00,65135,65212,64927,65171.5,5059.386
2024-06-20T03:00:00+00:00,65171.5,65220,65055.7,65156,1952.633
2024-06-20T04:00:00+00:00,65156,65322,65051.7,65278.5,4776.891
2024-06-20T05:00:00+00:00,65278.5,65599,65220.1,65488.1,7250.003
2024-06-20T06:00:00+00:00,65488,65618,65350.4,65438.1,6886.172
2024-06-20T07:00:00+00:00,65438.2,65977,65438.1,65831.4,15740.198
2024-06-20T08:00:00+00:00,65831.3,65892,65579.2,65668.2,5774.847
2024-06-20T09:00:00+00:00,65668.3,65731.7,65552.6,65697.2,3395.463
2024-06-20T10:00:00+00:00,65697.2,66290,65618.8,66192.6,9844.294
2024-06-20T11:00:00+00:00,66192.1,66467,66080.7,66150,18243.922
2024-06-20T12:00:00+00:00,66150,66289.4,65840,65959.9,16140.859
2024-06-20T13:00:00+00:00,65960,65974.9,65100,65118.8,32011.874
2024-06-20T14:00:00+00:00,65118.8,65169.2,64625.2,64933.3,24215.079
2024-06-20T15:00:00+00:00,64933.3,65108.2,64756.3,64794.4,10302.612
2024-06-20T16:00:00+00:00,64794.3,64929.7,64526,64863.9,17393.197
2024-06-20T17:00:00+00:00,64863.8,65011.8,64661.7,64948,6800.43
2024-06-20T18:00:00+00:00,64948,65198.5,64905.5,65088.1,5896.696
2024-06-20T19:00:00+00:00,65088.2,65093.2,64810,65032.9,7125.726
2024-06-20T20:00:00+00:00,65032.9,65160.8,64963.8,65078.9,3147.372
2024-06-20T21:00:00+00:00,65078.8,65164.1,65001.6,65012.3,1609.22
2024-06-20T22:00:00+00:00,65012.4,65125.1,64936.1,64966.1,1888.607
2024-06-20T23:00:00+00:00,64966.1,65036.5,64831,64854,2581.501
2024-06-21T00:00:00+00:00,64854,64921.4,64600.1,64810.4,6188.138
2024-06-21T01:00:00+00:00,64810.3,64993.9,64633.6,64953,4539.035
2024-06-21T02:00:00+00:00,64953,65055.5,64686.5,64760.4,4075.207
2024-06-21T03:00:00+00:00,64760.4,64809.5,64306.5,64473.4,8274.975
2024-06-21T04:00:00+00:00,64473.4,64650,64300,64648.1,7839.585
2024-06-21T05:00:00+00:00,64648.1,64664.9,64480,64641.8,3320.097
2024-06-21T06:00:00+00:00,64641.7,64712.2,64535.5,64606,3126.43
2024-06-21T07:00:00+00:00,64605.9,64715.9,64167.1,64179.4,8717.994
2024-06-21T08:00:00+00:00,64179.5,64350,63485,63613.6,25093.788
2024-06-21T09:00:00+00:00,63613.6,64287.3,63529.6,64078.7,18173.909
2024-06-21T10:00:00+00:00,64078.6,64153.8,63781.2,63870,6983.926
2024-06-21T11:00:00+00:00,63870,64035,63650.1,63745.5,6896.736
2024-06-21T12:00:00+00:00,63745.1,63910.7,63500,63806.2,10947.608
2024-06-21T13:00:00+00:00,63806.2,63860,63361.2,63594.2,16213.637
2024-06-21T14:00:00+00:00,63594.1,64342.1,63424.1,64192.6,16845.312
2024-06-21T15:00:00+00:00,64192.5,64315,63420,63716.9,16355.935
2024-06-21T16:00:00+00:00,63717,63822.3,63538.9,63642.5,7010.193
2024-06-21T17:00:00+00:00,63642.5,63878,63444.6,63651.7,9560.249
2024-06-21T18:00:00+00:00,63651.8,64171.6,63630,64148.8,7121.076
2024-06-21T19:00:00+00:00,64148.8,64243.7,63925,64207.5,5861.152
2024-06-21T20:00:00+00:00,64207.6,64448.9,64080.2,64183.1,7119.051
2024-06-21T21:00:00+00:00,64183.1,64191,63801,64065.1,5480.876
2024-06-21T22:00:00+00:00,64065.2,64183.7,64057.9,64133.6,2047.121
2024-06-21T23:00:00+00:00,64133.5,64208.9,64041.5,64124,2317.571
2024-06-22T00:00:00+00:00,64124.1,64162.6,63915.8,64034.2,2871.626
2024-06-22T01:00:00+00:00,64034.3,64207.2,64021.2,64124.2,2055.773
2024-06-22T02:00:00+00:00,64124.2,64315.2,64124.2,64274.3,3835.389
2024-06-22T03:00:00+00:00,64274.3,64300,64236.8,64297.2,1558.158
2024-06-22T04:00:00+00:00,64297.2,64336.5,64218.8,64329.7,1542.999
2024-06-22T05:00:00+00:00,64329.7,64394.5,64229.8,64392.8,2770.726
2024-06-22T06:00:00+00:00,64392.9,64490,64318,64394.1,4425.482
2024-06-22T07:00:00+00:00,64394.1,64520,64290,64490.1,4781.026
2024-06-22T08:00:00+00:00,64490,64512,64257,64268.7,5996.807
2024-06-22T09:00:00+00:00,64268.6,64315,64184.8,64304.3,3703.264
2024-06-22T10:00:00+00:00,64304.3,64349.3,64250.6,64290,2166.742
2024-06-22T11:00:00+00:00,64290,64295,64216.4,64245,1805.155
2024-06-22T12:00:00+00:00,64244.9,64314.3,64244.9,64270.6,1634.704
2024-06-22T13:00:00+00:00,64270.5,64284.8,64224.8,64261.6,1459.91
2024-06-22T14:00:00+00:00,64261.6,64390.3,64230.8,64265.6,2564.514
2024-06-22T15:00:00+00:00,64265.6,64286.4,64222,64283.4,1541.348
2024-06-22T16:00:00+00:00,64283.3,64340.6,64249.7,64295.4,1723.054
2024-06-22T17:00:00+00:00,64295.4,64326.8,64226.5,64229.4,1344.143
2024-06-22T18:00:00+00:00,64229.4,64301.1,64225.4,64239.1,857.843
2024-06-22T19:00:00+00:00,64239.2,64273.9,64200.2,64270.9,1064.512
2024-06-22T20:00:00+00:00,64270.9,64282,64215.9,64256.5,912.27
2024-06-22T21:00:00+00:00,64256.5,64304.9,64236,64300.1,817.97
2024-06-22T22:00:00+00:00,64300,64300.1,64241,64286.6,697.404
2024-06-22T23:00:00+00:00,64286.7,64307,64238.4,64240,1725.043
2024-06-23T00:00:00+00:00,64240.1,64499.3,64240,64456.2,2822.631
2024-06-23T01:00:00+00:00,64456.1,64500,64294.2,64443.9,3462.1
2024-06-23T02:00:00+00:00,64444,64480,64334.6,64480,1797.487
2024-06-23T03:00:00+00:00,64479.9,64490,64386.1,64389,1212.456
2024-06-23T04:00:00+00:00,64389,64405.2,64347.6,64353.6,1460.42
2024-06-23T05:00:00+00:00,64353.6,64395,64311.9,64344,1066.411
2024-06-23T06:00:00+00:00,64344.1,64385.6,64344,64352.4,851.074
2024-06-23T07:00:00+00:00,64352.5,64409,64341.3,64390,1167.948
2024-06-23T08:00:00+00:00,64390,64414,64349.9,64359.7,835.248
2024-06-23T09:00:00+00:00,64359.7,64403.5,64359.6,64387.9,1307.218
2024-06-23T10:00:00+00:00,64388,64388,64257,64275,2788.201
2024-06-23T11:00:00+00:00,64275,64310.7,64211.7,64310.7,2156.214
2024-06-23T12:00:00+00:00,64310.7,64353.3,64282.6,64350,1209.283
2024-06-23T13:00:00+00:00,64350,64409.1,64218.3,64273.9,2445.875
2024-06-23T14:00:00+00:00,64274,64283.2,64111.3,64166.5,4642.806
2024-06-23T15:00:00+00:00,64166.5,64180.8,64034.2,64071.8,4176.688
2024-06-23T16:00:00+00:00,64071.8,64156.9,63888,63900.1,4462.622
2024-06-23T17:00:00+00:00,63900.1,64159,63898.7,64094.6,3840.592
2024-06-23T18:00:00+00:00,64094.7,64133.9,64039.4,64090.4,1070.614
2024-06-23T19:00:00+00:00,64090.4,64166.4,64070,64128.7,1048.436
2024-06-23T20:00:00+00:00,64128.7,64132.7,63600,63724.5,6837.595
2024-06-23T21:00:00+00:00,63724.5,63832.6,63508,63818.9,6395.693
2024-06-23T22:00:00+00:00,63819,63819,63600.1,63630.9,3244.233
2024-06-23T23:00:00+00:00,63630.9,63673,63137.9,63194.9,11750.448
2024-06-24T00:00:00+00:00,63194.9,63306.7,62882,63056.1,17142.732
2024-06-24T01:00:00+00:00,63056,63320.2,62885,63290.7,9457.888
2024-06-24T02:00:00+00:00,63290.7,63357,62638,62865.1,9798.697
2024-06-24T03:00:00+00:00,62865,63065.2,62750,62840.1,6634.299
2024-06-24T04:00:00+00:00,62840,62931.7,62626,62821.3,8084.675
2024-06-24T05:00:00+00:00,62821.3,62866.2,62243.1,62296.4,19637.721
2024-06-24T06:00:00+00:00,62296.4,62415.3,62125.4,62385.9,10799.874
2024-06-24T07:00:00+00:00,62385.8,62576.3,62158.4,62433.6,10937.755
2024-06-24T08:00:00+00:00,62433.6,62955.3,62302.6,62710.6,17439.633
2024-06-24T09:00:00+00:00,62710.5,62850,60500,61370,62922.64
2024-06-24T10:00:00+00:00,61370.1,61550,61100,61142.4,15924.596
2024-06-24T11:00:00+00:00,61142.4,61358.1,60811.5,61257.3,14633.099
2024-06-24T12:00:00+00:00,61257.3,61487.5,61091.8,61194.8,10366.894
2024-06-24T13:00:00+00:00,61194.9,61630.8,60906.8,61542,15362.267
2024-06-24T14:00:00+00:00,61542.1,61677,61069,61282.3,12610.063
2024-06-24T15:00:00+00:00,61283.3,61339.6,60650,60823.2,14149.469
2024-06-24T16:00:00+00:00,60823.3,61018.6,59960,60144.5,38875.334
2024-06-24T17:00:00+00:00,60144.5,60537.5,59807,60232.2,34811.718
2024-06-24T18:00:00+00:00,60232.5,60482.3,59700,60388.3,20219.957
2024-06-24T19:00:00+00:00,60388.4,60460,59001,59294.7,26906.03
2024-06-24T20:00:00+00:00,59292.8,59646.4,58218,59491.9,39407.605
2024-06-24T21:00:00+00:00,59491.9,60081.6,59380.9,60081.6,14138.203
2024-06-24T22:00:00+00:00,60081.5,60256,59954.3,60028.2,8665.764
2024-06-24T23:00:00+00:00,60028.3,60431.8,59971.3,60273.6,6976.271
2024-06-25T00:00:00+00:00,60273.5,60628,60230.5,60386.7,7118.465
2024-06-25T01:00:00+00:00,60386.7,60488.4,60249.3,60470.3,4557.369
2024-06-25T02:00:00+00:00,60470.3,60700,60380.7,60644,7126.843
2024-06-25T03:00:00+00:00,60644,61566,60595.8,61271.1,23167.178
2024-06-25T04:00:00+00:00,61271.1,61392.5,61130,61347,7949.352
2024-06-25T05:00:00+00:00,61346.9,61390.5,60918.7,60998.9,7649.017
2024-06-25T06:00:00+00:00,60997.7,61157.7,60935.2,61116.9,5523.901
2024-06-25T07:00:00+00:00,61117,61232,60600.5,60660.8,12062.999
2024-06-25T08:00:00+00:00,60660.9,60890.9,60641.2,60841.5,6203.749
2024-06-25T09:00:00+00:00,60841.5,61587.4,60811.1,61445.1,14414.117
2024-06-25T10:00:00+00:00,61445.2,61450.7,61153.6,61292.7,7943.906
2024-06-25T11:00:00+00:00,61292.8,61470.6,61105.3,61170.7,6114.103
2024-06-25T12:00:00+00:00,61170.7,61259.6,60941.9,61034.2,7953.179
2024-06-25T13:00:00+00:00,61034.1,61414.8,60991.1,61179,10241.384
2024-06-25T14:00:00+00:00,61179,62145.5,61127.9,61730.6,33196.569
2024-06-25T15:00:00+00:00,61730.6,61943,61284,61776,25311.977
2024-06-25T16:00:00+00:00,61775.9,61908.8,61328,61358.6,10821.335
2024-06-25T17:00:00+00:00,61358.6,61754.7,61289.6,61344.2,11485.858
2024-06-25T18:00:00+00:00,61344.3,62239.9,61100,62132.4,28418.849
2024-06-25T19:00:00+00:00,62132.4,62448.1,61787,61957.9,13086.415
2024-06-25T20:00:00+00:00,61957.1,62060,61855.2,61897,3523.222
2024-06-25T21:00:00+00:00,61897,62011.6,61785.7,61900.3,2452.95
2024-06-25T22:00:00+00:00,61900.2,62141.4,61831.2,61885.7,3825.087
2024-06-25T23:00:00+00:00,61885.7,61925.4,61641.4,61777.8,4499.493
2024-06-26T00:00:00+00:00,61777.9,61819,61605.7,61739.4,2978.11
2024-06-26T01:00:00+00:00,61739.4,62169.5,61694.5,62065.2,6574.87
2024-06-26T02:00:00+00:00,62065.3,62465.1,61971.9,62000,9184.025
2024-06-26T03:00:00+00:00,62000.1,62054,61824.4,61910.4,3998.963
2024-06-26T04:00:00+00:00,61910.4,61969.2,61686.6,61686.7,4834.709
2024-06-26T05:00:00+00:00,61686.7,61774.6,61533.3,61537.9,6379.305
2024-06-26T06:00:00+00:00,61537.8,61664,61500.6,61565.8,4008.419
2024-06-26T07:00:00+00:00,61565.8,61783.2,61510,61705.3,4513.645
2024-06-26T08:00:00+00:00,61705.3,61741.3,61349.3,61458.4,6321.956
2024-06-26T09:00:00+00:00,61458.3,61507,61300.5,61365.3,5621.76
2024-06-26T10:00:00+00:00,61365.3,61406.8,61150,61254.6,8130.473
2024-06-26T11:00:00+00:00,61254.6,61565.6,61254.6,61427.2,6815.077
2024-06-26T12:00:00+00:00,61427.3,61581.5,61316.1,61404.6,4087.947
2024-06-26T13:00:00+00:00,61404.5,61800,61356.2,61740,9311.825
2024-06-26T14:00:00+00:00,61739.9,61959.4,61523,61700.1,10550.347
2024-06-26T15:00:00+00:00,61700,61742.5,61140.2,61453.2,14226.668
2024-06-26T16:00:00+00:00,61453.3,61532.5,61122.6,61249.1,8508.301
2024-06-26T17:00:00+00:00,61249,61351.5,60830,61227.7,19349.93
2024-06-26T18:00:00+00:00,61227.8,61237.9,60886.6,60894.7,6169.454
2024-06-26T19:00:00+00:00,60894.7,61152.2,60700,60991,13263.024
2024-06-26T20:00:00+00:00,60990.9,61144.7,60696,60987.2,7137.054
2024-06-26T21:00:00+00:00,60987.2,61072.8,60906,61056,2651.751
2024-06-26T22:00:00+00:00,61056,61056.1,60766.1,60916.9,3316.391
2024-06-26T23:00:00+00:00,60917,60965.6,60770.5,60860.1,2667.176
2024-06-27T00:00:00+00:00,60860.1,61047.2,60752.2,60974.9,4562.303
2024-06-27T01:00:00+00:00,60974.9,61142.2,60872.6,61047.2,3473.107
2024-06-27T02:00:00+00:00,61047.3,61088,60841.9,61020,3531.384
2024-06-27T03:00:00+00:00,61020,61327.9,60929,61027.1,4646.637
2024-06-27T04:00:00+00:00,61027,61191.4,61000.4,61097,2963.328
2024-06-27T05:00:00+00:00,61097,61143.7,60786,60790.1,3964.962
2024-06-27T06:00:00+00:00,60790.2,60847,60605,60736.7,6530.968
2024-06-27T07:00:00+00:00,60736.7,60903.2,60703.6,60786.4,3425.202
2024-06-27T08:00:00+00:00,60786.4,60861.3,60730,60861.3,2524.761
2024-06-27T09:00:00+00:00,60861.3,61347.8,60812.6,61276.4,8219.612
2024-06-27T10:00:00+00:00,61276.4,61500,61106.2,61106.2,9577.668
2024-06-27T11:00:00+00:00,61106.2,61314.2,61090.9,61188.5,3859.528
2024-06-27T12:00:00+00:00,61188.5,61657.9,61137.7,61342.9,14908.205
2024-06-27T13:00:00+00:00,61342.9,61998.9,61307,61981.4,19652.67
2024-06-27T14:00:00+00:00,61981.5,62379.7,61679,61719.8,22952.848
2024-06-27T15:00:00+00:00,61721.2,61843.6,61514.2,61570.5,10477.105
2024-06-27T16:00:00+00:00,61570.6,61819.1,61518.3,61701.1,7453.333
2024-06-27T17:00:00+00:00,61701,61997.2,61665,61820.1,5842.63
2024-06-27T18:00:00+00:00,61820,61916.5,61720.4,61867.7,4170.145
2024-06-27T19:00:00+00:00,61867.7,61876.5,61396.4,61445.9,6723.394
2024-06-27T20:00:00+00:00,61445.9,61570,61340,61482.4,4428.978
2024-06-27T21:00:00+00:00,61482.4,61580.2,61461.5,61530.1,1598.683
2024-06-27T22:00:00+00:00,61530.1,61666.2,61506.1,61631.6,2010.321
2024-06-27T23:00:00+00:00,61631.5,61696.1,61592.1,61682,2674.71
2024-06-28T00:00:00+00:00,61682.1,61707,61458.1,61536.9,4788.921
2024-06-28T01:00:00+00:00,61536.8,62204,61473.6,62061.1,11125.385
2024-06-28T02:00:00+00:00,62061.2,62115.2,61555,61702.2,7679.093
2024-06-28T03:00:00+00:00,61702.7,61889.9,61614.2,61803,3527.321
2024-06-28T04:00:00+00:00,61803,61812.9,61500.1,61718.9,4800.841
2024-06-28T05:00:00+00:00,61718.9,61719,61467.4,61578.1,4441.251
2024-06-28T06:00:00+00:00,61578.1,61650,61483.3,61605.3,3137.589
2024-06-28T07:00:00+00:00,61605.3,61605.3,61186.4,61317.9,8598.906
2024-06-28T08:00:00+00:00,61318,61459.5,61181.9,61456.5,6003.398
2024-06-28T09:00:00+00:00,61456.4,61580,61352.6,61530.2,4703.41
2024-06-28T10:00:00+00:00,61530.2,61579.7,61417.9,61524.9,4249.385
2024-06-28T11:00:00+00:00,61524.9,61779,61457,61671.5,6296.559
2024-06-28T12:00:00+00:00,61671.5,61868.1,61230.8,61367,21064.502
2024-06-28T13:00:00+00:00,61367,61832,61200,61279.9,17320.819
2024-06-28T14:00:00+00:00,61279.9,61490.1,60762,60909,20870.364
2024-06-28T15:00:00+00:00,60909.1,61179.4,60721.2,61039.9,10340.783
2024-06-28T16:00:00+00:00,61039.9,61106,60610.7,60926.9,11212.753
2024-06-28T17:00:00+00:00,60926.9,61072.3,60694.1,60812.3,6224.094
2024-06-28T18:00:00+00:00,60812.4,60868.1,60651.2,60823.8,4008.882
2024-06-28T19:00:00+00:00,60823.8,60845,60077.2,60132.2,19235.518
2024-06-28T20:00:00+00:00,60132.2,60366.8,60038,60248.1,7446.848
2024-06-28T21:00:00+00:00,60248,60409.9,60143.4,60365.4,3223.826
2024-06-28T22:00:00+00:00,60365.4,60427.5,60292.8,60378.1,3085.541
2024-06-28T23:00:00+00:00,60378,60465,60357.8,60429.8,2122.136
2024-06-29T00:00:00+00:00,60429.8,60820,60400.1,60768.9,11734.432
2024-06-29T01:00:00+00:00,60768.8,61023,60750.5,60900.6,6671.022
2024-06-29T02:00:00+00:00,60900.6,60977,60705,60765.3,4585.016
2024-06-29T03:00:00+00:00,60765.3,60816.9,60714,60760.1,2201.662
2024-06-29T04:00:00+00:00,60760,60802.5,60706.5,60775.2,2120.666
2024-06-29T05:00:00+00:00,60775.2,60788.7,60720.4,60756.1,1405.852
2024-06-29T06:00:00+00:00,60756,60864,60736.1,60838,1818.856
2024-06-29T07:00:00+00:00,60838,61128.1,60822,61049.8,7066.73
2024-06-29T08:00:00+00:00,61049.8,61073.3,60911,60973.2,3401.39
2024-06-29T09:00:00+00:00,60973.2,60999.8,60895.5,60970.8,2279.408
2024-06-29T10:00:00+00:00,60970.8,61039,60904.1,60990.3,2176.878
2024-06-29T11:00:00+00:00,60990.3,61232,60915.8,61111,7982.372
2024-06-29T12:00:00+00:00,61110.9,61172.3,60991,61049.9,3353.804
2024-06-29T13:00:00+00:00,61049.9,61188.6,61014,61101.2,2677.305
2024-06-29T14:00:00+00:00,61101.2,61168.9,60961.5,61019.6,3831.729
2024-06-29T15:00:00+00:00,61019.6,61111.5,60951.1,61107.9,2503.434
2024-06-29T16:00:00+00:00,61107.8,61130,60918.6,61009,2887.084
2024-06-29T17:00:00+00:00,61008.9,61059.8,60935,61034.8,1425.301
2024-06-29T18:00:00+00:00,61034.8,61068,60985.3,61055.5,1105.877
2024-06-29T19:00:00+00:00,61055.5,61090.8,60926.1,61056.5,1563.001
2024-06-29T20:00:00+00:00,61056.4,61096.8,60963.6,61044.6,1558.071
2024-06-29T21:00:00+00:00,61044.7,61097,60934.5,61048.1,1816.011
2024-06-29T22:00:00+00:00,61048.2,61060,60883.1,60971.8,2307.313
2024-06-29T23:00:00+00:00,60971.8,61060,60932.7,60982.4,1207.075
2024-06-30T00:00:00+00:00,60982.5,61081.4,60911.4,61016.3,2301.817
2024-06-30T01:00:00+00:00,61016.3,61047,60920,60958.7,2180.343
2024-06-30T02:00:00+00:00,60958.8,60958.8,60750.6,60831.6,4645.167
2024-06-30T03:00:00+00:00,60831.6,60943.6,60777.5,60898.2,2272.758
2024-06-30T04:00:00+00:00,60898.2,60900.7,60756,60770.2,1963.545
2024-06-30T05:00:00+00:00,60770.1,60815.3,60705,60788.7,2286.507
2024-06-30T06:00:00+00:00,60788.7,61045,60766,61045,2545.53
2024-06-30T07:00:00+00:00,61044.9,61798.2,61033.7,61533.6,23234.288
2024-06-30T08:00:00+00:00,61533.6,61609,61400,61550.5,5769.403
2024-06-30T09:00:00+00:00,61550.6,61720,61500,61520,5497.085
2024-06-30T10:00:00+00:00,61520,61639.1,61500,61540.1,3182.806
2024-06-30T11:00:00+00:00,61540.2,61680.2,61515.3,61555.6,3477.118
2024-06-30T12:00:00+00:00,61555.6,61660.1,61325,61494.6,6094.605
2024-06-30T13:00:00+00:00,61494.6,61750,61445,61711,6992.878
2024-06-30T14:00:00+00:00,61711,61871.8,61517.3,61581.7,8765.391
2024-06-30T15:00:00+00:00,61581.8,61786.9,61581.7,61722.4,3589.374
2024-06-30T16:00:00+00:00,61722.5,61754.1,61579.3,61600,2419.611
2024-06-30T17:00:00+00:00,61600,61869.1,61600,61697.7,6272.585
2024-06-30T18:00:00+00:00,61697.7,62099.5,61664.9,62057.4,7252.277
2024-06-30T19:00:00+00:00,62057.4,62100,61887,62016.8,5533.263
2024-06-30T20:00:00+00:00,62016.8,62399,61968.5,61981.6,10112.16
2024-06-30T21:00:00+00:00,61981.7,62010.7,61825.4,61931.6,3431.207
2024-06-30T22:00:00+00:00,61931.7,62955.3,61924.6,62894.9,19527.251
2024-06-30T23:00:00+00:00,62894.9,63058.4,62753.9,62766,8430.946
2024-07-01T00:00:00+00:00,62766.1,62935.2,62562,62924.6,7156.801
2024-07-01T01:00:00+00:00,62924.7,63730,62881.3,63631.9,24879.788
2024-07-01T02:00:00+00:00,63631.9,63800,63147.9,63427.1,13444.511
2024-07-01T03:00:00+00:00,63427.1,63510,63316.9,63416.4,4272.64
2024-07-01T04:00:00+00:00,63416.5,63453.7,63200,63262.9,4254.646
2024-07-01T05:00:00+00:00,63263,63440,63243.6,63410.4,3047.3
2024-07-01T06:00:00+00:00,63410.5,63440.6,63267.5,63381.7,2982.46
2024-07-01T07:00:00+00:00,63381.7,63419.1,63232.2,63265.5,3276.474
2024-07-01T08:00:00+00:00,63265.5,63302.7,62819,62910,10811.923
2024-07-01T09:00:00+00:00,62910.1,62988,62761.3,62920.2,5165.106
2024-07-01T10:00:00+00:00,62920.3,62970,62763,62841.9,3958.143
2024-07-01T11:00:00+00:00,62841.9,62853.8,62580,62657.9,6504.23
2024-07-01T12:00:00+00:00,62657.9,62890,62633,62868.4,6365.272
2024-07-01T13:00:00+00:00,62868.3,63074.5,62502.2,62676,15417.35
2024-07-01T14:00:00+00:00,62676,62935.6,62597.4,62809.6,9366.272
2024-07-01T15:00:00+00:00,62809.7,63182.5,62802.8,63119.9,8970.912
2024-07-01T16:00:00+00:00,63120,63344.2,62947.4,63105.2,10528.568
2024-07-01T17:00:00+00:00,63105.2,63687.9,63040,63683.5,12267.834
2024-07-01T18:00:00+00:00,63683.6,63849,63412.5,63640,13066.252
2024-07-01T19:00:00+00:00,63640,63640.1,63047.2,63207.6,10574.268
2024-07-01T20:00:00+00:00,63207.2,63421.6,63144.1,63274.9,4621.806
2024-07-01T21:00:00+00:00,63275,63275,63010.2,63113.6,3330.018
2024-07-01T22:00:00+00:00,63113.6,63147.4,62780,62961.7,6827.712
2024-07-01T23:00:00+00:00,62961.6,63027.9,62811,62883.6,2847.652
2024-07-02T00:00:00+00:00,62883.7,62975.3,62765.7,62912.7,3947.555
2024-07-02T01:00:00+00:00,62912.7,62955.7,62796.8,62914.6,2556.549
2024-07-02T02:00:00+00:00,62914.6,63107.3,62902.2,62983.8,3749.518
2024-07-02T03:00:00+00:00,62983.9,63284,62975,63115.7,4049.203
2024-07-02T04:00:00+00:00,63118,63227,63017.4,63018.5,2686.368
2024-07-02T05:00:00+00:00,63018.6,63085.7,62974.5,63010.2,2414.067
2024-07-02T06:00:00+00:00,63010.2,63037.7,62818,62859.4,4719.006
2024-07-02T07:00:00+00:00,62859.4,62864.6,62566,62617.9,9244.392
2024-07-02T08:00:00+00:00,62617.9,62750,62387,62666.1,11044.433
2024-07-02T09:00:00+00:00,62666.1,62791.1,62622,62651.8,4702.755
2024-07-02T10:00:00+00:00,62651.8,62793,62500,62715.6,6307.609
2024-07-02T11:00:00+00:00,62715.5,62861.1,62615.1,62823.3,4418.429
2024-07-02T12:00:00+00:00,62823.3,63050,62711.6,62871.9,6782.057
2024-07-02T13:00:00+00:00,62871.9,63167.4,62500,62625.3,13871.028
2024-07-02T14:00:00+00:00,62625.3,62728,61880,62032.7,33273.188
2024-07-02T15:00:00+00:00,62032.6,62148.7,61840,61945,9763.217
2024-07-02T16:00:00+00:00,61945,62024.7,61800,61922.8,9564.832
2024-07-02T17:00:00+00:00,61922.8,62160.9,61881.1,62144.2,4785.287
2024-07-02T18:00:00+00:00,62144.2,62361.2,62133.8,62313.9,7754.033
2024-07-02T19:00:00+00:00,62313.8,62362.8,61880.9,61944,7226.78
2024-07-02T20:00:00+00:00,61944,62085.2,61870.8,62006.3,2809.409
2024-07-02T21:00:00+00:00,62006.2,62094,61901.1,61952.6,2843.683
2024-07-02T22:00:00+00:00,61952.6,62117.2,61951,62084.5,2174.989
2024-07-02T23:00:00+00:00,62084.6,62176.4,62065.5,62123.6,2412.856
2024-07-03T00:00:00+00:00,62123.5,62278.2,62075.8,62075.9,3362.731
2024-07-03T01:00:00+00:00,62075.8,62215.3,61035,61617.9,17364.263
2024-07-03T02:00:00+00:00,61617.9,61618.3,61228.5,61357,13120.069
2024-07-03T03:00:00+00:00,61357.1,61365.4,60600,60983.5,21728.334
2024-07-03T04:00:00+00:00,60983.4,60983.5,60802,60867.6,6354.359
2024-07-03T05:00:00+00:00,60867.5,61117.7,60840.6,61114,6517.852
2024-07-03T06:00:00+00:00,61115,61179.4,60971.6,61004.1,5367.251
2024-07-03T07:00:00+00:00,61004.1,61024.5,60832.9,60859.9,4945.691
2024-07-03T08:00:00+00:00,60859.8,60987.3,60300,60496.1,15545.105
2024-07-03T09:00:00+00:00,60496.1,60678.9,60312.2,60601.1,12427.613
2024-07-03T10:00:00+00:00,60601.2,60620.5,59515.1,60379.8,39976.937
2024-07-03T11:00:00+00:00,60379.9,60486,60108,60384.9,13075.461
2024-07-03T12:00:00+00:00,60384.9,60390.4,59905.6,60032.3,15454.613
2024-07-03T13:00:00+00:00,60032.3,60635,59756.5,60589.1,21332.694
2024-07-03T14:00:00+00:00,60589.1,60700,60257.2,60286.8,12066.432
2024-07-03T15:00:00+00:00,60286.8,60448,59950,60176.1,17475.612
2024-07-03T16:00:00+00:00,60176.1,60653,60084.6,60495.8,12301.064
2024-07-03T17:00:00+00:00,60495.8,60518.5,60189.5,60372.3,5351.87
2024-07-03T18:00:00+00:00,60372.3,60443.7,60230.5,60246.7,4007.134
2024-07-03T19:00:00+00:00,60246.7,60246.7,59645.6,59661.2,16744.201
2024-07-03T20:00:00+00:00,59661.2,59872.6,59555,59595.9,10540.932
2024-07-03T21:00:00+00:00,59595.9,60339.9,59299.3,60235.5,13497.083
2024-07-03T22:00:00+00:00,60235.5,60359.8,60118.1,60311.1,3878.909
2024-07-03T23:00:00+00:00,60311.2,60361.7,60194,60208,2867.055
2024-07-04T00:00:00+00:00,60208,60475,60207.9,60417.9,5961.455
2024-07-04T01:00:00+00:00,60417.8,60500,58388,58561.7,47639.05
2024-07-04T02:00:00+00:00,58561.7,59092.6,57611,58953.7,37960.305
2024-07-04T03:00:00+00:00,58953.6,59138.3,58826.9,59092.4,7715.275
2024-07-04T04:00:00+00:00,59092.4,59131.7,58702.3,58953.1,8494.342
2024-07-04T05:00:00+00:00,58953.2,59026.5,58848.5,58885.4,5240.154
2024-07-04T06:00:00+00:00,58885.4,59073.3,58515.3,58780,12908.302
2024-07-04T07:00:00+00:00,58780,58844.7,58086.4,58214,19588.39
2024-07-04T08:00:00+00:00,58214,58484.5,57000,57674.1,38075.231
2024-07-04T09:00:00+00:00,57674.1,57857.7,56917.5,57725.9,33000.4
2024-07-04T10:00:00+00:00,57725.9,57938.4,57400,57929.6,14865.403
2024-07-04T11:00:00+00:00,57929.6,58088,57658.8,57748.4,11922.295
2024-07-04T12:00:00+00:00,57748.4,57748.4,57146,57234.4,17252.308
2024-07-04T13:00:00+00:00,57234.3,57485,56750,57402.1,45010.724
2024-07-04T14:00:00+00:00,57402.2,57525.7,56825.4,57433.9,21643.767
2024-07-04T15:00:00+00:00,57433.9,58350,57336.9,58137.6,26817.02
2024-07-04T16:00:00+00:00,58137.5,58400,57735.7,58288.4,14952.832
2024-07-04T17:00:00+00:00,58288.5,58378.6,58081.6,58230.4,7638.223
2024-07-04T18:00:00+00:00,58230.4,58363.6,57917,58152.1,9242.132
2024-07-04T19:00:00+00:00,58152.1,58653.4,58122.4,58267,10720.462
2024-07-04T20:00:00+00:00,58266.9,58346.1,58111.6,58346.1,4488.898
2024-07-04T21:00:00+00:00,58346,58644,58274.8,58485.9,4344.708
2024-07-04T22:00:00+00:00,58485.8,58800,57978.3,58031.8,10243.813
2024-07-04T23:00:00+00:00,58031.9,58103.9,56560,57045.9,29930.788
2024-07-05T00:00:00+00:00,57045.9,57533.4,56637.7,57363.4,40601.846
2024-07-05T01:00:00+00:00,57363.5,57426.6,56780.1,57150.9,18045.13
2024-07-05T02:00:00+00:00,57150.8,57228.9,55351,55756.4,49781.978
2024-07-05T03:00:00+00:00,55756.4,55961.6,54918.3,55214.6,55290.808
2024-07-05T04:00:00+00:00,55214.7,55350,53329.5,53923.2,62939.367
2024-07-05T05:00:00+00:00,53923.3,54772.5,53769.6,54771.9,24059.76
2024-07-05T06:00:00+00:00,54772,54780,53861.5,54274.9,25895.425
2024-07-05T07:00:00+00:00,54274.8,54432.9,53947.3,54389.4,15741.03
2024-07-05T08:00:00+00:00,54389.4,54437.7,54033.5,54065.9,12470.632
2024-07-05T09:00:00+00:00,54065.9,54719.1,53870.4,54505,19442.748
2024-07-05T10:00:00+00:00,54504.9,55348.8,54382.4,54963.5,25290.959
2024-07-05T11:00:00+00:00,54963.5,55629.7,54963.5,55458.9,21759.327
2024-07-05T12:00:00+00:00,55459,55919.1,54900,55037.2,32521.065
2024-07-05T13:00:00+00:00,55037.2,55847.3,54822.9,55801.9,25890.471
2024-07-05T14:00:00+00:00,55801.8,55862.3,55321.8,55730.6,15358.125
2024-07-05T15:00:00+00:00,55730.6,56663.5,55633.1,56637.5,32274.656
2024-07-05T16:00:00+00:00,56637.5,56900,56110.6,56425,29714.35
2024-07-05T17:00:00+00:00,56425,57000,56273,56422.4,18852.705
2024-07-05T18:00:00+00:00,56422.5,56712.1,55781.8,56521.5,27064.706
2024-07-05T19:00:00+00:00,56521.6,56730.7,56310.1,56446.2,7812.851
2024-07-05T20:00:00+00:00,56446.1,56505.1,56300,56327.3,4031.909
2024-07-05T21:00:00+00:00,56327.3,56778,56327.2,56491.7,3701.828
2024-07-05T22:00:00+00:00,56491.7,56715.6,56373,56600.1,4177.003
2024-07-05T23:00:00+00:00,56600.1,56847,56586,56604.9,4474.916
2024-07-06T00:00:00+00:00,56604.9,56975,56328.1,56582.3,14201.712
2024-07-06T01:00:00+00:00,56582.2,56591.9,56178.8,56195,7517.148
2024-07-06T02:00:00+00:00,56195,56481.8,56157.3,56412.2,5289.829
2024-07-06T03:00:00+00:00,56412.2,56500,56245,56388.3,3646.967
2024-07-06T04:00:00+00:00,56388.4,56398.8,56017,56040,5892.09
2024-07-06T05:00:00+00:00,56040.1,56480.8,56000,56342,11155.928
2024-07-06T06:00:00+00:00,56342.1,56549.7,56322.4,56388.2,4459.063
2024-07-06T07:00:00+00:00,56388.1,56660,56371,56571.1,5015.929
2024-07-06T08:00:00+00:00,56571.1,56628,56477,56530.8,3621.181
2024-07-06T09:00:00+00:00,56530.7,56749.7,56412.5,56739,4653.041
2024-07-06T10:00:00+00:00,56739,56850,56620,56750,6350.108
2024-07-06T11:00:00+00:00,56750,56774.5,56636.3,56713.2,3052.062
2024-07-06T12:00:00+00:00,56713.2,56763,56475.7,56725.7,4662.11
2024-07-06T13:00:00+00:00,56725.7,57344,56630,56963,12973.904
2024-07-06T14:00:00+00:00,56963,57107.7,56692.6,57032,9126.127
2024-07-06T15:00:00+00:00,57032,57420,56900.4,57285.4,12122.112
2024-07-06T16:00:00+00:00,57285.4,58089.9,57150,57830.2,24765.243
2024-07-06T17:00:00+00:00,57830.2,57999,57719.4,57932.3,5528.924
2024-07-06T18:00:00+00:00,57932.4,57995,57715,57755.9,4497.651
2024-07-06T19:00:00+00:00,57756,57906.8,57698.1,57834.8,3186.226
2024-07-06T20:00:00+00:00,57834.9,58211,57806.1,57944.1,6326.379
2024-07-06T21:00:00+00:00,57944.1,58249.4,57792.2,57844.5,5206.948
2024-07-06T22:00:00+00:00,57844.6,58097.3,57844.5,58086,2967.501
2024-07-06T23:00:00+00:00,58086.1,58472,58082.8,58216,12361.839
2024-07-07T00:00:00+00:00,58216,58276.9,57889.7,57910.1,7231.047
2024-07-07T01:00:00+00:00,57910.1,58300,57820,58099.5,8036.703
2024-07-07T02:00:00+00:00,58099.4,58443,58092.6,58338.8,9572.23
2024-07-07T03:00:00+00:00,58338.9,58341.6,57827.1,57943.9,14096.047
2024-07-07T04:00:00+00:00,57944,57990.3,57555,57580.7,12502.64
2024-07-07T05:00:00+00:00,57580.7,57786.3,57380.7,57631.5,9042.418
2024-07-07T06:00:00+00:00,57631.6,57773.4,57582.3,57626,3355.777
2024-07-07T07:00:00+00:00,57626.1,57678.5,57041.7,57344.4,12821.953
2024-07-07T08:00:00+00:00,57344.5,57641.1,57337.8,57624.8,6400.758
2024-07-07T09:00:00+00:00,57624.7,57718.7,57541,57710,4724.372
2024-07-07T10:00:00+00:00,57710.1,57899.9,57474.7,57485.2,7605.082
2024-07-07T11:00:00+00:00,57485.1,57528.2,57331.2,57436.9,4548.33
2024-07-07T12:00:00+00:00,57436.9,57600,57180.2,57322.6,5993.861
2024-07-07T13:00:00+00:00,57322.6,57344.1,56755.3,56846.1,16484.286
2024-07-07T14:00:00+00:00,56846.1,56919.9,56555.1,56746.1,12309.867
2024-07-07T15:00:00+00:00,56746.1,57045.8,56703,56806.2,7687.27
2024-07-07T16:00:00+00:00,56806.2,57150,56723,57090.1,6492.585
2024-07-07T17:00:00+00:00,57090.1,57272.7,56769.2,57218.8,7339.032
2024-07-07T18:00:00+00:00,57218.7,57372.2,57094.9,57144.8,5462.304
2024-07-07T19:00:00+00:00,57144.7,57180.8,57001.8,57133.9,2941.463
2024-07-07T20:00:00+00:00,57133.9,57301.8,57017.9,57250.1,2301.55
2024-07-07T21:00:00+00:00,57250.1,57267.9,56175.6,56565.8,17983.098
2024-07-07T22:00:00+00:00,56566,56769.8,56364.8,56366,8430.841
2024-07-07T23:00:00+00:00,56365.9,56506.8,55688,55830.9,16998.467
2024-07-08T00:00:00+00:00,55831,55999,55005,55068.9,26133.135
2024-07-08T01:00:00+00:00,55068.9,55090.7,54243.1,54930,37706.51
2024-07-08T02:00:00+00:00,54930,55425.9,54573.1,55362.3,21338.1
2024-07-08T03:00:00+00:00,55362.3,55469.6,54850,55136.6,12151.101
2024-07-08T04:00:00+00:00,55136.6,55625.5,54935.3,55476.9,10394.723
2024-07-08T05:00:00+00:00,55476.9,55694.1,55267.1,55455.9,9050.134
2024-07-08T06:00:00+00:00,55456,55878,55177.3,55611.2,13647.823
2024-07-08T07:00:00+00:00,55611.2,55841.2,55500.1,55828.4,7035.524
2024-07-08T08:00:00+00:00,55828.4,57876,55715.2,57767.8,59306.041
2024-07-08T09:00:00+00:00,57767.9,58200,57333.4,57498.6,28300.233
2024-07-08T10:00:00+00:00,57498.5,57700,56685,56800,20767.238
2024-07-08T11:00:00+00:00,56800,57333,56735,57137.3,16025
2024-07-08T12:00:00+00:00,57137.3,57629.3,56838.1,57132,15968.73
2024-07-08T13:00:00+00:00,57131.4,57423.4,56762.6,57217.9,16836.6
2024-07-08T14:00:00+00:00,57217.9,57280.5,54890,56169,70364.086
2024-07-08T15:00:00+00:00,56169,56765,55678.8,55736.8,27950.216
2024-07-08T16:00:00+00:00,55736.8,56098.6,55400.5,55789.8,17132.839
2024-07-08T17:00:00+00:00,55789.8,56365.1,55572.6,56262.5,11554.167
2024-07-08T18:00:00+00:00,56262.5,56550,56138.7,56264.7,8883.942
2024-07-08T19:00:00+00:00,56264.8,56529.2,56125.6,56462.3,6689.51
2024-07-08T20:00:00+00:00,56462.9,56556,56175.4,56242,5848.5
2024-07-08T21:00:00+00:00,56241.9,56800,56180.4,56622.3,8231.638
2024-07-08T22:00:00+00:00,56622.3,56955,56530,56663.5,9168.112
2024-07-08T23:00:00+00:00,56663.5,56845.8,56586.9,56686.4,3623.055
2024-07-09T00:00:00+00:00,56686.4,56747.2,56256.2,56507.6,9484.301
2024-07-09T01:00:00+00:00,56507.5,57260,56414.7,56534.5,16481.593
2024-07-09T02:00:00+00:00,56534.5,57350,56304.3,57237.8,12726.546
2024-07-09T03:00:00+00:00,57237.8,57248.8,56842,57139.5,7273.793
2024-07-09T04:00:00+00:00,57139.5,57340,57074,57260.4,6573.966
2024-07-09T05:00:00+00:00,57260.3,57423.6,57092.7,57261.8,6740.912
2024-07-09T06:00:00+00:00,57261.8,57744.8,57162.6,57448,10258.571
2024-07-09T07:00:00+00:00,57449.4,57528.9,57000,57102.5,12449.133
2024-07-09T08:00:00+00:00,57102.5,57899.9,57000,57599.7,22943.189
2024-07-09T09:00:00+00:00,57599.8,57671.4,57483.7,57563.4,5336.681
2024-07-09T10:00:00+00:00,57563.4,57650,57267.6,57409.7,8278.478
2024-07-09T11:00:00+00:00,57409.6,57529,57195.5,57407.1,5485.295
2024-07-09T12:00:00+00:00,57407.1,57549.1,57252,57327.1,7417.539
2024-07-09T13:00:00+00:00,57327,57392.2,56922.6,57313.4,14464.607
2024-07-09T14:00:00+00:00,57313.5,58159.6,57036.6,57040.3,34589.504
2024-07-09T15:00:00+00:00,57040.3,57479.6,56862.9,57445.3,17808.194
2024-07-09T16:00:00+00:00,57445.3,57848.5,57318.3,57663.1,12576.151
2024-07-09T17:00:00+00:00,57663,57780,57344.7,57497.1,5511.686
2024-07-09T18:00:00+00:00,57497,58290.6,57418.9,57888,17780.898
2024-07-09T19:00:00+00:00,57888,57912.2,57659.9,57837.7,5022.574
2024-07-09T20:00:00+00:00,57837.7,58081.8,57684.6,57911.9,5070.862
2024-07-09T21:00:00+00:00,57911.9,57968.7,57741,57782.9,2966.082
2024-07-09T22:00:00+00:00,57782.8,58256,57700.8,57915.1,6340.848
2024-07-09T23:00:00+00:00,57915.1,58098,57843,58023.2,3655.645
2024-07-10T00:00:00+00:00,58023.1,58023.2,57401,57468,9075.746
2024-07-10T01:00:00+00:00,57467.9,57983.7,57315.9,57775.4,8725.284
2024-07-10T02:00:00+00:00,57775.4,57899,57612.4,57868.7,3757.097
2024-07-10T03:00:00+00:00,57868.6,58190,57818.1,58157.7,5702.946
2024-07-10T04:00:00+00:00,58157.6,59429.7,58153.3,59323.9,39858.373
2024-07-10T05:00:00+00:00,59323.9,59449.6,58800,58951.5,13850.907
2024-07-10T06:00:00+00:00,58951.5,59297.8,58819,59212.6,8323.175
2024-07-10T07:00:00+00:00,59212.6,59258.4,58820,58948.1,7609.905
2024-07-10T08:00:00+00:00,58948,59013.9,58577,58735.2,10995.788
2024-07-10T09:00:00+00:00,58735.2,58753.2,58375,58474.6,11013.468
2024-07-10T10:00:00+00:00,58474.7,58702,58288,58633.2,10143.768
2024-07-10T11:00:00+00:00,58633.2,58700,58325,58469.4,6980.729
2024-07-10T12:00:00+00:00,58469.4,58544.5,57715,58127.8,23873.666
2024-07-10T13:00:00+00:00,58127.9,58265.2,57438.8,57718.7,21869.957
2024-07-10T14:00:00+00:00,57719.3,57866,57456.7,57686,10346.077
2024-07-10T15:00:00+00:00,57686,58004.5,57416.5,57658,12350.225
2024-07-10T16:00:00+00:00,57658.1,57995,57556.7,57675.2,9041.811
2024-07-10T17:00:00+00:00,57675.2,57731.8,57414,57608.3,6557.74
2024-07-10T18:00:00+00:00,57608.3,57768.8,57460.6,57606,4413.625
2024-07-10T19:00:00+00:00,57605,57605,57333,57374.1,6025.954
2024-07-10T20:00:00+00:00,57374.8,57534,57125,57391.1,9526.268
2024-07-10T21:00:00+00:00,57391.1,57532.7,57237.6,57411.1,3145.059
2024-07-10T22:00:00+00:00,57411.1,57834,57401.9,57688,6941.872
2024-07-10T23:00:00+00:00,57688,57860.8,57579.8,57707,4119.497
2024-07-11T00:00:00+00:00,57707,57707.5,57350,57608,5154.325
2024-07-11T01:00:00+00:00,57608,58378,57460,58260.9,14907.019
2024-07-11T02:00:00+00:00,58260.9,58380,57713,57846.2,8476.309
2024-07-11T03:00:00+00:00,57846.1,57937.4,57030,57540.5,14802.109
2024-07-11T04:00:00+00:00,57540.4,57768,57464.2,57755.7,5190.696
2024-07-11T05:00:00+00:00,57755.8,58074.8,57677.6,57967.1,7822.844
2024-07-11T06:00:00+00:00,57967.1,58083.2,57853.5,57976.7,4628.358
2024-07-11T07:00:00+00:00,57976.8,58288.6,57905.9,58168.1,8019.388
2024-07-11T08:00:00+00:00,58168.2,58320.2,58024,58145.5,5922.824
2024-07-11T09:00:00+00:00,58145.5,58365,58039.5,58265.7,8179.292
2024-07-11T10:00:00+00:00,58265.8,58489.8,58153.8,58445.9,8467.813
2024-07-11T11:00:00+00:00,58445.9,58887,58368,58754.1,17378.338
2024-07-11T12:00:00+00:00,58754,59780,58481.1,58798.4,51121.993
2024-07-11T13:00:00+00:00,58798.3,58955,58211,58544.2,26786.197
2024-07-11T14:00:00+00:00,58544.3,58651.5,57501.1,57764.8,32310.046
2024-07-11T15:00:00+00:00,57764.8,58089.9,57242,57382.8,20988.562
2024-07-11T16:00:00+00:00,57382.8,57719.1,57152,57618.5,13022.85
2024-07-11T17:00:00+00:00,57618.5,57912.6,57550.2,57778.3,6388.96
2024-07-11T18:00:00+00:00,57778.4,57969.6,57650,57814.7,5009.843
2024-07-11T19:00:00+00:00,57814.1,57830,57306.1,57354.7,6914.946
2024-07-11T20:00:00+00:00,57354.8,57569,57175,57528.4,6511.372
2024-07-11T21:00:00+00:00,57528.3,57593.2,57288,57434.9,2928.104
2024-07-11T22:00:00+00:00,57434.8,57519.5,57118,57314.9,6813.362
2024-07-11T23:00:00+00:00,57315,57371.7,57121,57315.5,5361.409
2024-07-12T00:00:00+00:00,57315.7,57554.4,57122.9,57147.7,8051.787
2024-07-12T01:00:00+00:00,57147.7,57327.7,56500.1,56919.9,20637.429
2024-07-12T02:00:00+00:00,56919.9,57397.6,56855.9,57306.7,9537.103
2024-07-12T03:00:00+00:00,57306.6,57346.4,56820.7,56887.6,6823.298
2024-07-12T04:00:00+00:00,56887.6,57045.4,56690,56988.2,6328.198
2024-07-12T05:00:00+00:00,56988.2,57088,56921.3,57003.6,4214.898
2024-07-12T06:00:00+00:00,57003.5,57378,56997.9,57188.1,7523.783
2024-07-12T07:00:00+00:00,57188,57286.3,56805,57071.4,9288.782
2024-07-12T08:00:00+00:00,57071.4,57325.2,57000,57304.7,10752.875
2024-07-12T09:00:00+00:00,57304.6,57305,56840,56933.7,6872.732
2024-07-12T10:00:00+00:00,56933.7,57174.2,56740.6,57152.1,7467.509
2024-07-12T11:00:00+00:00,57152.1,57261,57040.1,57188.8,5956.741
2024-07-12T12:00:00+00:00,57188.7,57461.8,57066,57354.1,17028.846
2024-07-12T13:00:00+00:00,57354,57978.7,57319.3,57816.2,19081.304
2024-07-12T14:00:00+00:00,57816.3,58000,57656.8,57799.9,10883.157
2024-07-12T15:00:00+00:00,57800,58255.4,57744.2,58188.9,12832.158
2024-07-12T16:00:00+00:00,58188.9,58400,57905.3,58089.8,11188.701
2024-07-12T17:00:00+00:00,58089.8,58300,57923,58138.4,6497.035
2024-07-12T18:00:00+00:00,58138.5,58500,58034.4,58271.2,11778.237
2024-07-12T19:00:00+00:00,58271.1,58339.3,57446.1,57546.1,20028.841
2024-07-12T20:00:00+00:00,57546.2,57622.9,57107.7,57508.4,14536.102
2024-07-12T21:00:00+00:00,57508.4,57655.7,57474.7,57567.3,2998.07
2024-07-12T22:00:00+00:00,57567,57864.7,57550.2,57759.2,4622.733
2024-07-12T23:00:00+00:00,57759.3,57887.6,57684.6,57870,3170.297
2024-07-13T00:00:00+00:00,57870,57915.6,57730.2,57813.7,3199.843
2024-07-13T01:00:00+00:00,57813.6,57948,57775.7,57861.7,2834.439
2024-07-13T02:00:00+00:00,57861.7,57928.9,57731.9,57909.5,2501.209
2024-07-13T03:00:00+00:00,57909.4,57962.8,57760,57792.4,3070.062
2024-07-13T04:00:00+00:00,57792.5,57834.3,57744.9,57755.1,1967.34
2024-07-13T05:00:00+00:00,57755,58139.7,57728.6,58046.7,5940.063
2024-07-13T06:00:00+00:00,58046.7,58195.7,57972.7,58010.4,3952.91
2024-07-13T07:00:00+00:00,58010.3,58140,57990,58140,2603.037
2024-07-13T08:00:00+00:00,58140,58191.1,57917.9,57929.9,2811.825
2024-07-13T09:00:00+00:00,57929.9,58900,57882.3,58654.1,16925.414
2024-07-13T10:00:00+00:00,58654.1,58733.1,58320,58410.4,9957.936
2024-07-13T11:00:00+00:00,58410.5,58581.6,58352.4,58513.9,5154.325
2024-07-13T12:00:00+00:00,58514,58873.1,58408.1,58742.6,10180.809
2024-07-13T13:00:00+00:00,58742.6,58807.2,58555,58588.2,6233.477
2024-07-13T14:00:00+00:00,58588.1,58783.8,58450,58780.3,5748.607
2024-07-13T15:00:00+00:00,58780.3,58842.7,58650.7,58808.5,7995.734
2024-07-13T16:00:00+00:00,58808.5,58950,58569.2,58593.9,10175.215
2024-07-13T17:00:00+00:00,58593.8,58686.3,58538.9,58686.3,2480.553
2024-07-13T18:00:00+00:00,58686.3,58786,58545,58615.6,3084.675
2024-07-13T19:00:00+00:00,58615.6,58719.1,58572,58596.6,1769.828
2024-07-13T20:00:00+00:00,58596.7,58658.3,58550,58570.9,2075.884
2024-07-13T21:00:00+00:00,58571,58677.7,58551,58668.5,1273.528
2024-07-13T22:00:00+00:00,58668.5,59574.8,58254.5,59449.5,24090.049
2024-07-13T23:00:00+00:00,59449.6,59850,59100,59174,21857.56
2024-07-14T00:00:00+00:00,59173.9,59766.2,59164,59719.7,11580.011
2024-07-14T01:00:00+00:00,59719.7,59816.5,59400,59679.7,8822.126
2024-07-14T02:00:00+00:00,59679.8,59726,59254,59332.1,6666.218
2024-07-14T03:00:00+00:00,59332.1,59553.4,59313.6,59435,4809.746
2024-07-14T04:00:00+00:00,59435,60088,59387.4,59926.1,16640.617
2024-07-14T05:00:00+00:00,59926.1,60299,59770.4,60231.4,15795.803
2024-07-14T06:00:00+00:00,60231.5,60292.9,59761,59849.9,8608.904
2024-07-14T07:00:00+00:00,59849.9,60104.4,59795,60031.3,5604.179
2024-07-14T08:00:00+00:00,60031.2,60397.2,60031.2,60169,9220.685
2024-07-14T09:00:00+00:00,60168.8,60337.4,60090.9,60161.9,5287.025
2024-07-14T10:00:00+00:00,60161.9,60210.6,59879.3,59900.7,6963.267
2024-07-14T11:00:00+00:00,59900.7,60094.3,59880.8,60079,5467.177
2024-07-14T12:00:00+00:00,60079,60085,59555.5,59566.3,13772.717
2024-07-14T13:00:00+00:00,59566.3,59754,59556.8,59669.2,6200.067
2024-07-14T14:00:00+00:00,59669.3,60220,59438,59988.5,12029.985
2024-07-14T15:00:00+00:00,59988.4,60125.4,59843.1,60053.3,6861.387
2024-07-14T16:00:00+00:00,60053.3,60090.5,59858,60076.8,3606.963
2024-07-14T17:00:00+00:00,60076.8,60154.6,59883.7,59976.3,3522.111
2024-07-14T18:00:00+00:00,59976.2,60051.6,59902,59999.9,1749.251
2024-07-14T19:00:00+00:00,60000,60000,59868,59886.3,1391.887
2024-07-14T20:00:00+00:00,59886.3,60380,59850,60058.6,6244.724
2024-07-14T21:00:00+00:00,60058.6,61412.4,59987.4,61260.1,26381.798
2024-07-14T22:00:00+00:00,61260.1,61364.9,60725.9,60831.6,12086.257
2024-07-14T23:00:00+00:00,60831.6,61145,60673.6,60766,8747.978
2024-07-15T00:00:00+00:00,60766,61294.5,60622.6,61186.8,10490.273
2024-07-15T01:00:00+00:00,61186.7,61788.7,61149,61373.1,19781.121
2024-07-15T02:00:00+00:00,61373.1,62599,61272.6,62451.6,33496.318
2024-07-15T03:00:00+00:00,62451.6,62777,62294,62617.3,15773.702
2024-07-15T04:00:00+00:00,62617.3,62823.6,62400,62575,12113.108
2024-07-15T05:00:00+00:00,62575,62950,62499.9,62769.1,12892.083
2024-07-15T06:00:00+00:00,62769.2,62980.1,62672.5,62838.9,9683.356
2024-07-15T07:00:00+00:00,62839,63075.8,62716.7,62816,10006.849
2024-07-15T08:00:00+00:00,62816.1,63239.2,62766.6,62847.5,14072.8
2024-07-15T09:00:00+00:00,62847.4,62880,62526.6,62609.3,14337.966
2024-07-15T10:00:00+00:00,62610,62788.3,62373,62518.8,7532.278
2024-07-15T11:00:00+00:00,62518.8,62586.8,62266,62431.9,8469.762
2024-07-15T12:00:00+00:00,62432,62777.4,62419.5,62586.1,8396.623
2024-07-15T13:00:00+00:00,62586.2,62962.5,62449.7,62877.7,15445.045
2024-07-15T14:00:00+00:00,62877.6,63195.5,62700.4,63180.9,15376.077
2024-07-15T15:00:00+00:00,63180.8,63299.8,62825.8,62985.9,17338.275
2024-07-15T16:00:00+00:00,62986,63580,62812.8,63369.6,21641.121
2024-07-15T17:00:00+00:00,63369.7,63698,63041.5,63045.1,18904.785
2024-07-15T18:00:00+00:00,63045.2,63589,62951.6,63462,10651.978
2024-07-15T19:00:00+00:00,63462,63777,63150,63309.9,19261.918
2024-07-15T20:00:00+00:00,63309.9,63746.8,63216.2,63694.6,7349.88
2024-07-15T21:00:00+00:00,63694.7,63757,63462.3,63499.2,4103.24
2024-07-15T22:00:00+00:00,63499.2,64776.7,63463.8,64309,30916.281
2024-07-15T23:00:00+00:00,64309,64870.7,64185.6,64680.6,14187.342
2024-07-16T00:00:00+00:00,64680.6,64936.1,64405,64580.6,14090.426
2024-07-16T01:00:00+00:00,64580.6,64832.9,64437.8,64811.9,6534.863
2024-07-16T02:00:00+00:00,64811.9,64819.1,64507,64783.6,7048.083
2024-07-16T03:00:00+00:00,64783.5,64840.7,64580,64725.1,5469.813
2024-07-16T04:00:00+00:00,64725.1,64988.8,64439.4,64465.5,11864.183
2024-07-16T05:00:00+00:00,64465.6,64532.9,63444,63632,29398.119
2024-07-16T06:00:00+00:00,63631.9,63861,62764.1,62880.2,23507.472
2024-07-16T07:00:00+00:00,62880.2,63303.6,62672.4,62881.8,21535.725
2024-07-16T08:00:00+00:00,62881.8,63064,62350,62799.2,20345.668
2024-07-16T09:00:00+00:00,62799.1,63225,62651.2,63152.2,15051.708
2024-07-16T10:00:00+00:00,63152.2,63642.5,63054.3,63404.3,15498.608
2024-07-16T11:00:00+00:00,63404.3,63839,63104.2,63719.8,15962.765
2024-07-16T12:00:00+00:00,63719.8,64258.6,63565.5,63714.1,18514.222
2024-07-16T13:00:00+00:00,63714.1,64066.8,63361.1,63391.1,16642.453
2024-07-16T14:00:00+00:00,63390.5,63879,63031.5,63806.3,20485.862
2024-07-16T15:00:00+00:00,63806.3,64942,63764.8,64833.9,29906.506
2024-07-16T16:00:00+00:00,64833.9,65177,64169.5,64469.6,32590.539
2024-07-16T17:00:00+00:00,64469.7,64614,64070.4,64509.9,9512.217
2024-07-16T18:00:00+00:00,64509.9,64873.5,64363.7,64759.2,8437.511
2024-07-16T19:00:00+00:00,64759.2,65150,64545.1,65125.2,13125.747
2024-07-16T20:00:00+00:00,65125.2,65149,64578.4,64626.3,8187.547
2024-07-16T21:00:00+00:00,64626.4,64811.5,64440.1,64464.5,5461.46
2024-07-16T22:00:00+00:00,64464.4,64585.5,64058,64575.7,9685.597
2024-07-16T23:00:00+00:00,64575.7,65388,64574.4,65010,16401.522
2024-07-17T00:00:00+00:00,65010,65584.3,64885.3,65470.7,14770.207
2024-07-17T01:00:00+00:00,65470.7,66100,65399.1,65632.9,22688.209
2024-07-17T02:00:00+00:00,65632.9,65868.1,65500,65584,9859.905
2024-07-17T03:00:00+00:00,65584.1,65766.2,65348,65662.8,7197.844
2024-07-17T04:00:00+00:00,65662.8,65829.9,65507.3,65803.3,6417.453
2024-07-17T05:00:00+00:00,65803.4,65968.5,65568.5,65587.3,8191.209
2024-07-17T06:00:00+00:00,65587.3,65766.1,65438.4,65540.4,5875.417
2024-07-17T07:00:00+00:00,65540.3,65551.7,65167.6,65226.2,9935.672
2024-07-17T08:00:00+00:00,65226.2,65448,64769.6,65145.4,17609.764
2024-07-17T09:00:00+00:00,65145.4,65479.5,65051.5,65299.9,7268.215
2024-07-17T10:00:00+00:00,65300,65330.6,65068.5,65097.7,5541.204
2024-07-17T11:00:00+00:00,65097.7,65125.6,64531,64700,18009.804
2024-07-17T12:00:00+00:00,64699.9,64981.2,64543.9,64704.1,11266.696
2024-07-17T13:00:00+00:00,64704.2,65300,64489.5,65102.1,21337.617
2024-07-17T14:00:00+00:00,65102.1,65204.7,64627.2,64997.1,16722.05
2024-07-17T15:00:00+00:00,64997.2,65379.8,64591.6,64695.8,15015.516
2024-07-17T16:00:00+00:00,64696,64745.6,63823,64221.3,34981.707
2024-07-17T17:00:00+00:00,64221.3,64393.6,63900.1,64255.2,11437.038
2024-07-17T18:00:00+00:00,64255.2,64540.9,64183.4,64478,5253.488
2024-07-17T19:00:00+00:00,64477.9,64722.8,64414.3,64550.6,6184.224
2024-07-17T20:00:00+00:00,64550.7,64654.4,64464.3,64480.6,3279.274
2024-07-17T21:00:00+00:00,64480.6,64537.3,64020,64276.5,9010.705
2024-07-17T22:00:00+00:00,64276.6,64417.6,64074.6,64232,4653.073
2024-07-17T23:00:00+00:00,64232.1,64345.2,64050,64055.7,4150.102
2024-07-18T00:00:00+00:00,64055.8,64499.9,63871.2,64407,9226.444
2024-07-18T01:00:00+00:00,64406.9,64645.8,64330,64640.1,5356.008
2024-07-18T02:00:00+00:00,64640,65173.8,64210,64661.7,15875.098
2024-07-18T03:00:00+00:00,64661.7,64929,64585.2,64827.8,4962.72
2024-07-18T04:00:00+00:00,64827.9,64849.5,64502.2,64544.9,4638.613
2024-07-18T05:00:00+00:00,64544.9,64835,64355.1,64719.4,5845.067
2024-07-18T06:00:00+00:00,64719.5,65038.5,64676,64965.4,6319.163
2024-07-18T07:00:00+00:00,64965.4,65005.7,64623,64644.8,5297.95
2024-07-18T08:00:00+00:00,64644.8,64930.7,64604.2,64911.7,4912.952
2024-07-18T09:00:00+00:00,64911.7,64918.3,64690.5,64831.7,3986.983
2024-07-18T10:00:00+00:00,64831.6,64831.7,64464.8,64591.3,6150.472
2024-07-18T11:00:00+00:00,64591.4,64733.7,64413,64728.9,5605.368
2024-07-18T12:00:00+00:00,64729,64996.4,64695,64811.2,8973.522
2024-07-18T13:00:00+00:00,64811.2,65098.9,64468.6,64568.2,12845.135
2024-07-18T14:00:00+00:00,64568.3,64680,63668.3,63957.2,28358.896
2024-07-18T15:00:00+00:00,63957.2,63965.6,63359.1,63500.1,29163.939
2024-07-18T16:00:00+00:00,63500.1,63878.3,63272,63878.3,14865.57
2024-07-18T17:00:00+00:00,63878.3,63933.3,63464.5,63529.9,7950.057
2024-07-18T18:00:00+00:00,63529.9,63640,63300,63495.1,7404.582
2024-07-18T19:00:00+00:00,63495,63725.5,63206.4,63535.6,9902.594
2024-07-18T20:00:00+00:00,63535.5,63828,63413.1,63792.4,5172.105
2024-07-18T21:00:00+00:00,63792.5,63880,63717.9,63817.1,3431.6
2024-07-18T22:00:00+00:00,63817,64096.3,63681,64003.6,6886.462
2024-07-18T23:00:00+00:00,64003.5,64059.8,63914.4,63959.9,2516.857
2024-07-19T00:00:00+00:00,63960,63999.1,63519,63576.9,7501.007
2024-07-19T01:00:00+00:00,63577,63839,63266.2,63791.1,8292.584
2024-07-19T02:00:00+00:00,63791.2,63919,63611.5,63806,4530.626
2024-07-19T03:00:00+00:00,63805.9,64348.2,63790.4,64298,10447.11
2024-07-19T04:00:00+00:00,64297.9,64358,64111,64111,4717.432
2024-07-19T05:00:00+00:00,64111,64227.8,64057.6,64143.2,3679.405
2024-07-19T06:00:00+00:00,64143.1,64469.3,64111,64184.9,6738.862
2024-07-19T07:00:00+00:00,64184.8,64184.8,63565,63673.9,13053.16
2024-07-19T08:00:00+00:00,63673.9,63946.8,63371.4,63783.9,13139.166
2024-07-19T09:00:00+00:00,63783.8,64100,63613.3,63672,9833.569
2024-07-19T10:00:00+00:00,63671.9,64140,63624.1,63973.6,7953.412
2024-07-19T11:00:00+00:00,63973.7,64165.8,63905.3,64095.2,4468.859
2024-07-19T12:00:00+00:00,64095.6,64416,64016.1,64386.2,9473.036
2024-07-19T13:00:00+00:00,64386.2,65300,64010.1,65104,31143.434
2024-07-19T14:00:00+00:00,65105.1,65870,64968,65700.7,33922.134
2024-07-19T15:00:00+00:00,65700.8,65800,65232,65791.5,19436.043
2024-07-19T16:00:00+00:00,65791.5,66498,65784,66374,37192.902
2024-07-19T17:00:00+00:00,66374.1,66800,66205.3,66711.1,19963.694
2024-07-19T18:00:00+00:00,66711.2,66770.4,66382.7,66746.4,10276.045
2024-07-19T19:00:00+00:00,66746.4,67362.8,66746.3,67107.8,29137.861
2024-07-19T20:00:00+00:00,67107.8,67178.6,66850,66892.5,9611.461
2024-07-19T21:00:00+00:00,66892.4,67320.9,66848.1,66861.4,7847.215
2024-07-19T22:00:00+00:00,66861.5,66966.2,66623,66684.6,5156.49
2024-07-19T23:00:00+00:00,66684.5,66883.5,66590.9,66627.9,4344.298
2024-07-20T00:00:00+00:00,66627.9,66797,66228.2,66391,9954.362
2024-07-20T01:00:00+00:00,66391,66676.6,66159.1,66327.4,5726.321
2024-07-20T02:00:00+00:00,66327.5,66600,66288.1,66534.9,3262.968
2024-07-20T03:00:00+00:00,66534.9,66721.5,66512.3,66568.7,3430.645
2024-07-20T04:00:00+00:00,66568.7,66676.2,66438.1,66628.3,2855.595
2024-07-20T05:00:00+00:00,66628.3,66628.4,66401,66506.1,2606.02
2024-07-20T06:00:00+00:00,66506.1,66640.8,66470.3,66597.1,2157.484
2024-07-20T07:00:00+00:00,66597,66729,66489.6,66526.3,3687.938
2024-07-20T08:00:00+00:00,66526.4,66609.4,66422.9,66470.3,3170.241
2024-07-20T09:00:00+00:00,66470.4,66700,66436,66545.4,3157.851
2024-07-20T10:00:00+00:00,66545.3,66625,66450.7,66494.7,2839.963
2024-07-20T11:00:00+00:00,66494.7,66532.3,66440,66445.9,1954.722
2024-07-20T12:00:00+00:00,66446,66543.3,66436.3,66444.5,2069.511
2024-07-20T13:00:00+00:00,66444.5,66622.5,66241.4,66502.9,6881.464
2024-07-20T14:00:00+00:00,66503,66679,66470.2,66549.2,3636.301
2024-07-20T15:00:00+00:00,66549.1,66799.9,66549.1,66797,5040.554
2024-07-20T16:00:00+00:00,66797,67000,66632,66776.7,8692.325
2024-07-20T17:00:00+00:00,66776.6,67648.7,66727.8,67368.8,21308.809
2024-07-20T18:00:00+00:00,67368.8,67547.8,67180,67429.1,6051.778
2024-07-20T19:00:00+00:00,67429.2,67478.6,67100,67195,5185.757
2024-07-20T20:00:00+00:00,67195,67412.4,67182.3,67311.7,2762.793
2024-07-20T21:00:00+00:00,67311.6,67316.4,66737.7,67059.2,9012.811
2024-07-20T22:00:00+00:00,67059.3,67267.1,66799.8,67067.1,5871.488
2024-07-20T23:00:00+00:00,67067.1,67150,67044.5,67095.6,2246.705
2024-07-21T00:00:00+00:00,67095.6,67290.9,66918.4,67026.5,4123.081
2024-07-21T01:00:00+00:00,67026.5,67400,66997,67242.1,4210.716
2024-07-21T02:00:00+00:00,67242.2,67360,67226.4,67242.8,2129.973
2024-07-21T03:00:00+00:00,67242.9,67346.1,67112.3,67145.8,2645.185
2024-07-21T04:00:00+00:00,67145.8,67194.3,66961.5,67010.5,2969.592
2024-07-21T05:00:00+00:00,67010.5,67073.2,66855.1,67015.4,3812.176
2024-07-21T06:00:00+00:00,67015.4,67060,66574.2,66690,7714.779
2024-07-21T07:00:00+00:00,66690,66796.9,66560,66670,3890.782
2024-07-21T08:00:00+00:00,66669.9,66864.6,66645.6,66760.3,3351.188
2024-07-21T09:00:00+00:00,66760.3,66994.7,66722.1,66944.1,3239.79
2024-07-21T10:00:00+00:00,66944.1,67040.4,66767.3,66767.3,2858.232
2024-07-21T11:00:00+00:00,66767.3,66854.8,66713.9,66845.4,2113.545
2024-07-21T12:00:00+00:00,66845.4,66954.1,66800,66892.5,2384.989
2024-07-21T13:00:00+00:00,66892.5,66935,66571.3,66731.9,5493.307
2024-07-21T14:00:00+00:00,66731.9,67377.9,66642,67250.8,12214.725
2024-07-21T15:00:00+00:00,67250.9,67498,66941.8,67130.9,11184.577
2024-07-21T16:00:00+00:00,67130.9,67586.9,66905.8,67524.7,11897.098
2024-07-21T17:00:00+00:00,67524.6,67719.8,66399,66620.9,20827.354
2024-07-21T18:00:00+00:00,66620.9,67322,65750,66830,43746.951
2024-07-21T19:00:00+00:00,66830.1,67700,66752.3,67391.4,13291.761
2024-07-21T20:00:00+00:00,67391.5,68198.9,67239.9,67708.3,20860.466
2024-07-21T21:00:00+00:00,67708.2,68292.6,67522.8,68169.8,10030.25
2024-07-21T22:00:00+00:00,68169.8,68351.2,67902,67987.4,6978.312
2024-07-21T23:00:00+00:00,67987.5,68181,67858.4,68138,5259.543
2024-07-22T00:00:00+00:00,68138,68459.7,68001.4,68163.7,9081.867
2024-07-22T01:00:00+00:00,68163.7,68207.8,67700,67809.1,9147.284
2024-07-22T02:00:00+00:00,67809,68170,67710,68039.7,5587.046
2024-07-22T03:00:00+00:00,68039.7,68077,67796.2,67847.3,5540.903
2024-07-22T04:00:00+00:00,67847.3,67966,67710,67894.5,3975.83
2024-07-22T05:00:00+00:00,67894.6,67917.5,67467.7,67600,6510.136
2024-07-22T06:00:00+00:00,67600,67718.5,67100,67382,10509.363
2024-07-22T07:00:00+00:00,67382.1,67385.6,67158,67210.3,5812.297
2024-07-22T08:00:00+00:00,67210.4,67372.7,66999.2,67060.1,6687.353
2024-07-22T09:00:00+00:00,67060,67395,66904.2,67389.3,5700.055
2024-07-22T10:00:00+00:00,67389.4,67492.4,67265,67392.5,5012.166
2024-07-22T11:00:00+00:00,67392.4,67571.4,67260,67479.1,3438.73
2024-07-22T12:00:00+00:00,67479.1,67660,67327.5,67660,5475.225
2024-07-22T13:00:00+00:00,67660,67932.2,66952.8,67073.5,20267.768
2024-07-22T14:00:00+00:00,67073.5,67296.7,66577,66695.3,19702.858
2024-07-22T15:00:00+00:00,66695.3,67169.5,66538.6,67044.3,10658.58
2024-07-22T16:00:00+00:00,67044.3,67298.2,66784.1,67019.9,7687.15
2024-07-22T17:00:00+00:00,67019.9,67437,66978.6,67429.8,5571.067
2024-07-22T18:00:00+00:00,67429.9,67646.1,67297.7,67416.6,7655.056
2024-07-22T19:00:00+00:00,67416.7,68228.6,67340.4,68193.5,13608.11
2024-07-22T20:00:00+00:00,68193.6,68221.5,67785,68100,7388.849
2024-07-22T21:00:00+00:00,68099.9,68144,67613,67822.2,5302.688
2024-07-22T22:00:00+00:00,67822.2,67830,67459,67610,5521.744
2024-07-22T23:00:00+00:00,67609.9,67615.3,67202.1,67499.2,7149.266
2024-07-23T00:00:00+00:00,67499.2,67729.3,67414.6,67458.1,5591.701
2024-07-23T01:00:00+00:00,67458.1,67473.4,67175.6,67380.3,5611.51
2024-07-23T02:00:00+00:00,67380.2,67676.8,67203.1,67620,5765.83
2024-07-23T03:00:00+00:00,67620,67688,67401,67437.3,3166.321
2024-07-23T04:00:00+00:00,67437.3,67493.3,66908.3,66915,8945.606
2024-07-23T05:00:00+00:00,66915.1,66932.6,66285.6,66399.9,18246.714
2024-07-23T06:00:00+00:00,66400,66742.1,66351,66496.1,10938.717
2024-07-23T07:00:00+00:00,66496.2,66628.3,66216.1,66550,7627.814
2024-07-23T08:00:00+00:00,66549.9,66978.3,66485.3,66859.4,12394.284
2024-07-23T09:00:00+00:00,66859.4,67135.5,66728.4,66897,7737.609
2024-07-23T10:00:00+00:00,66897,66992.3,66773.1,66828.8,4429.31
2024-07-23T11:00:00+00:00,66828.9,66833.5,66413,66641,10115.524
2024-07-23T12:00:00+00:00,66641,66731.2,66345,66478.2,7977.192
2024-07-23T13:00:00+00:00,66478.1,66730.1,65921.7,66072,25301.358
2024-07-23T14:00:00+00:00,66072.8,67338,65958,67201.1,28493.864
2024-07-23T15:00:00+00:00,67200.1,67223.1,66290,66552.8,24416.223
2024-07-23T16:00:00+00:00,66552.8,66745.1,65800,65824.9,18859.417
2024-07-23T17:00:00+00:00,65825,66097.6,65713.2,65921,16843.664
2024-07-23T18:00:00+00:00,65921,66107.8,65756,65840.2,8440.945
2024-07-23T19:00:00+00:00,65840.2,66061,65416.5,65516.1,13614.51
2024-07-23T20:00:00+00:00,65516.2,65992.3,65453.4,65810.2,11409.324
2024-07-23T21:00:00+00:00,65810.2,66040,65754.5,65853.9,4166.54
2024-07-23T22:00:00+00:00,65854,66023,65758.4,65901.8,5479.882
2024-07-23T23:00:00+00:00,65901.8,66033.1,65758.2,65916.4,4856.821
2024-07-24T00:00:00+00:00,65916.3,66135.5,65750.9,65763.2,4831.152
2024-07-24T01:00:00+00:00,65763.1,66100,65591.7,65646.7,6881.579
2024-07-24T02:00:00+00:00,65646.7,65912.3,65450.8,65857.3,6378.989
2024-07-24T03:00:00+00:00,65857.3,66100,65765.3,66027.5,5138.153
2024-07-24T04:00:00+00:00,66027.4,66056,65756.9,65834,4196.722
2024-07-24T05:00:00+00:00,65834,65900.1,65577.5,65793.4,4970.077
2024-07-24T06:00:00+00:00,65793.5,65976.9,65740,65874.3,3705.265
2024-07-24T07:00:00+00:00,65874.2,66052.8,65844.4,66049,3654.942
2024-07-24T08:00:00+00:00,66049,66428.7,65974.9,66412.6,11490.135
2024-07-24T09:00:00+00:00,66412.5,66451.7,66269.7,66377.6,4827.337
2024-07-24T10:00:00+00:00,66377.5,66590,66327.5,66478.6,7138.606
2024-07-24T11:00:00+00:00,66478.6,66533,66309.9,66345.7,4908.53
2024-07-24T12:00:00+00:00,66345.7,66555,66153.9,66197.3,7235.012
2024-07-24T13:00:00+00:00,66197.4,66880,66179.6,66315.7,17858.781
2024-07-24T14:00:00+00:00,66315.7,67087.3,66257.2,66728.9,19531.902
2024-07-24T15:00:00+00:00,66728.9,66788.3,66066,66155.7,19388.129
2024-07-24T16:00:00+00:00,66155.8,66471.4,65950,66367.2,10975.937
2024-07-24T17:00:00+00:00,66367.2,66687.9,66290,66561.6,6951.145
2024-07-24T18:00:00+00:00,66560,66630,65681.3,65733.3,15186.923
2024-07-24T19:00:00+00:00,65733.4,66085.7,65537,65631.8,13172.688
2024-07-24T20:00:00+00:00,65631.8,66059.7,65627.7,66028,5451.964
2024-07-24T21:00:00+00:00,66027.9,66047.6,65040.5,65624,17668.505
2024-07-24T22:00:00+00:00,65624,65651.1,65220,65266.6,7459.471
2024-07-24T23:00:00+00:00,65266.6,65444,65066,65350.8,6077.477
2024-07-25T00:00:00+00:00,65350.7,65606.3,65249.7,65482.7,6159.301
2024-07-25T01:00:00+00:00,65482.7,65482.7,64200,64467.9,45766.873
2024-07-25T02:00:00+00:00,64467.9,64481.4,63916.2,64188,19905.642
2024-07-25T03:00:00+00:00,64188,64272.1,63823.3,64074,14397.12
2024-07-25T04:00:00+00:00,64073.9,64273,63800,64203.9,11416.23
2024-07-25T05:00:00+00:00,64203.8,64317.1,64103.1,64245,5531.151
2024-07-25T06:00:00+00:00,64244.9,64350,64067,64302.6,5932.246
2024-07-25T07:00:00+00:00,64302.5,64378,64051.2,64115.1,6254.938
2024-07-25T08:00:00+00:00,64115,64398.8,63857.2,64335.6,14261.706
2024-07-25T09:00:00+00:00,64335.5,64474.2,64200,64290.4,5916.43
2024-07-25T10:00:00+00:00,64291.1,64299.7,63951,64141.8,7350.372
2024-07-25T11:00:00+00:00,64141.9,64274.9,64073,64082.6,4703.53
2024-07-25T12:00:00+00:00,64082.6,64391.7,63900,64110.3,11827.172
2024-07-25T13:00:00+00:00,64110.3,64342.2,63710,64034,15924.043
2024-07-25T14:00:00+00:00,64034,64829.8,63456.7,64805.1,42716.133
2024-07-25T15:00:00+00:00,64805,64993.6,64510,64773.3,15400.316
2024-07-25T16:00:00+00:00,64773.3,65149.9,64605.8,64852.9,12535.984
2024-07-25T17:00:00+00:00,64853,65062.6,64738.3,65028.9,7902.957
2024-07-25T18:00:00+00:00,65028.8,65170,64357.5,64549.3,13257.803
2024-07-25T19:00:00+00:00,64549.2,64989.1,64373.2,64669.5,9552.894
2024-07-25T20:00:00+00:00,64669.5,65288,64390.8,65274.9,10288.01
2024-07-25T21:00:00+00:00,65275.7,65998.8,65191.5,65815,18849.004
2024-07-25T22:00:00+00:00,65815,66144,65609.8,65614.6,9081.066
2024-07-25T23:00:00+00:00,65614.6,65799.5,65603.6,65773,4754.52
2024-07-26T00:00:00+00:00,65773,66437.5,65688.2,66358.4,11017.501
2024-07-26T01:00:00+00:00,66358.4,66533,66191.8,66402.1,9353.708
2024-07-26T02:00:00+00:00,66402.1,67189.9,66362.2,66976.4,17318.958
2024-07-26T03:00:00+00:00,66976.4,67470.4,66894,67014,16631.876
2024-07-26T04:00:00+00:00,67014,67088.5,66861.2,67045.4,9053.769
2024-07-26T05:00:00+00:00,67045.4,67082.5,66839.5,66899.9,4901.01
2024-07-26T06:00:00+00:00,66899.9,67136.8,66849.9,67041.9,5547.702
2024-07-26T07:00:00+00:00,67041.9,67168.2,66865.8,66873.8,7878.603
2024-07-26T08:00:00+00:00,66873.7,67115,66873.7,67076.3,4590.99
2024-07-26T09:00:00+00:00,67076.3,67466,67056.6,67256.6,9147.737
2024-07-26T10:00:00+00:00,67256.7,67380.5,67126,67270.3,6625.734
2024-07-26T11:00:00+00:00,67270.4,67341.5,67115,67293.9,4672.259
2024-07-26T12:00:00+00:00,67293.9,67374.9,67050.4,67282.1,7241.794
2024-07-26T13:00:00+00:00,67282.2,67954.9,67139,67862.7,22824.383
2024-07-26T14:00:00+00:00,67862.7,67982.4,66865.7,67290.7,27557.549
2024-07-26T15:00:00+00:00,67290.5,67736.5,67247.2,67528,11809.45
2024-07-26T16:00:00+00:00,67527.9,67656.5,67319,67367.7,6011.354
2024-07-26T17:00:00+00:00,67367.6,67576.6,67277,67340.3,6158.612
2024-07-26T18:00:00+00:00,67340.4,67575.2,67306.3,67541.8,5166.987
2024-07-26T19:00:00+00:00,67541.7,68143,67511.3,67957.2,12820.752
2024-07-26T20:00:00+00:00,67957.2,67966.9,67365,67402.7,10252.407
2024-07-26T21:00:00+00:00,67402.7,68200,67395,67917.1,11059.394
2024-07-26T22:00:00+00:00,67917.1,68055.6,67822.8,67898.4,4692.831
2024-07-26T23:00:00+00:00,67899.8,67956.2,67810.3,67882.5,3049.166
2024-07-27T00:00:00+00:00,67882.5,67923,67768.2,67847.1,3527.022
2024-07-27T01:00:00+00:00,67847.1,67847.7,67588.3,67634.5,3353.672
2024-07-27T02:00:00+00:00,67634.4,68052.9,67628.2,67995.9,4075.868
2024-07-27T03:00:00+00:00,67995.8,68055.6,67740,67766.2,4225.88
2024-07-27T04:00:00+00:00,67766.2,67877.4,67752.1,67839.1,1872.983
2024-07-27T05:00:00+00:00,67839.1,67974.2,67836.8,67860.9,2682.21
2024-07-27T06:00:00+00:00,67860.9,68055.6,67857.1,68055.6,3043.671
2024-07-27T07:00:00+00:00,68055.5,68278.8,68004.3,68013.6,10115.545
2024-07-27T08:00:00+00:00,68013.5,68149.6,67864.8,67962.2,4248.926
2024-07-27T09:00:00+00:00,67962.1,68199,67918.6,68193.5,3428.955
2024-07-27T10:00:00+00:00,68193.5,68244.6,68050,68125.2,3625.864
2024-07-27T11:00:00+00:00,68125.3,68194.9,67975.2,68184.7,3248.486
2024-07-27T12:00:00+00:00,68184.7,68450,68162.9,68371,9458.665
2024-07-27T13:00:00+00:00,68371,69366,68364,69205.9,29667.234
2024-07-27T14:00:00+00:00,69205.9,69381.7,68760.8,68952.5,16510.252
2024-07-27T15:00:00+00:00,68952.4,69059.4,68549.3,68822,13494.136
2024-07-27T16:00:00+00:00,68821.9,68960.4,68614,68662.1,9038.34
2024-07-27T17:00:00+00:00,68662.2,68738.2,68400.4,68514.5,10271.789
2024-07-27T18:00:00+00:00,68514.4,68976.4,68470,68511.4,11707.485
2024-07-27T19:00:00+00:00,68511.4,68600,67538.4,68209.2,30380.106
2024-07-27T20:00:00+00:00,68209.3,68455.4,66624.5,67758.8,101322.789
2024-07-27T21:00:00+00:00,67758.7,69200,67559,68828.7,33559.614
2024-07-27T22:00:00+00:00,68828.8,68830.8,68517.7,68599.9,6782.231
2024-07-27T23:00:00+00:00,68600,68600,67744.2,67873.8,11340.924
2024-07-28T00:00:00+00:00,67873.7,68057.9,67222.7,67929.4,12552.348
2024-07-28T01:00:00+00:00,67929.4,68246.6,67880,68050,4546.404
2024-07-28T02:00:00+00:00,68050,68127.7,67934.4,68117.1,2922.69
2024-07-28T03:00:00+00:00,68117.1,68123.2,67910.9,67910.9,2231.681
2024-07-28T04:00:00+00:00,67910.9,68003.5,67300,67315.3,6968.386
2024-07-28T05:00:00+00:00,67315.2,67472.3,67037,67396.5,10415.721
2024-07-28T06:00:00+00:00,67396.4,67559.7,67350.1,67459.9,4359.373
2024-07-28T07:00:00+00:00,67459.8,67522,67277.7,67517.7,3406.362
2024-07-28T08:00:00+00:00,67517.6,67528.3,67178.9,67355.7,3386.762
2024-07-28T09:00:00+00:00,67355.7,67533,67293.9,67407.9,3697.764
2024-07-28T10:00:00+00:00,67407.8,67655,67361.7,67530.2,4450.382
2024-07-28T11:00:00+00:00,67530.2,67969.1,67525.3,67800,7455.908
2024-07-28T12:00:00+00:00,67800.1,68093.4,67709.5,67961.4,6306.303
2024-07-28T13:00:00+00:00,67961.5,68011.9,67824.5,67950.2,3978.311
2024-07-28T14:00:00+00:00,67950.2,67995.6,67611.3,67712.2,7596.227
2024-07-28T15:00:00+00:00,67712.2,67758.7,67527.4,67624.3,3816.352
2024-07-28T16:00:00+00:00,67624.2,67736.8,67588.4,67646.2,2422.088
2024-07-28T17:00:00+00:00,67646.1,67960,67646.1,67950.6,3554.578
2024-07-28T18:00:00+00:00,67950.6,68300,67900,68206.7,6614.84
2024-07-28T19:00:00+00:00,68206.6,68274.6,68053.5,68090,2950.553
2024-07-28T20:00:00+00:00,68090,68144.2,67924,67985.9,2335.81
2024-07-28T21:00:00+00:00,67986,68052.7,67771.6,68000,3326.587
2024-07-28T22:00:00+00:00,68000,68230,67910.4,67977.1,4585.006
2024-07-28T23:00:00+00:00,67977.1,68254.7,67920.5,68215.5,3033.499
2024-07-29T00:00:00+00:00,68215.5,69100,68130.1,68687.5,17359.552
2024-07-29T01:00:00+00:00,68687.4,68800,68299.1,68509.4,8503.16
2024-07-29T02:00:00+00:00,68509.4,69669,68500,69527.2,25051.966
2024-07-29T03:00:00+00:00,69527.1,69782.2,69273.9,69323.1,13541.874
2024-07-29T04:00:00+00:00,69323.1,69441,69240,69349.1,5361.994
2024-07-29T05:00:00+00:00,69349,69776.6,69349,69626.8,8558.609
2024-07-29T06:00:00+00:00,69626.8,69872.6,69510,69553.1,9055.165
2024-07-29T07:00:00+00:00,69553,69580,69412.2,69510.6,5464.793
2024-07-29T08:00:00+00:00,69510.5,69680.7,69345,69436,6076.411
2024-07-29T09:00:00+00:00,69436,69604.8,69403.9,69503.3,3868.268
2024-07-29T10:00:00+00:00,69503.3,69729.4,69362.9,69594.1,6203.136
2024-07-29T11:00:00+00:00,69594.1,69841.2,69549.8,69549.9,7126.569
2024-07-29T12:00:00+00:00,69549.8,69950,69373.4,69776,15379.521
2024-07-29T13:00:00+00:00,69776,70081,69051.4,69249.8,34846.574
2024-07-29T14:00:00+00:00,69249.9,69284.8,68034,68200.1,41137.246
2024-07-29T15:00:00+00:00,68200,68278.3,67650,68067.2,30882.922
2024-07-29T16:00:00+00:00,68067.3,68093.1,66747.1,66921,43509.344
2024-07-29T17:00:00+00:00,66920.9,67140,66365.8,66980.8,33636.74
2024-07-29T18:00:00+00:00,66980.7,67541.1,66899.2,67389.7,18913.05
2024-07-29T19:00:00+00:00,67389.8,67544.9,67209.6,67276.6,6824.655
2024-07-29T20:00:00+00:00,67276.7,67372.7,67125,67348.4,4550.724
2024-07-29T21:00:00+00:00,67348.4,67484.6,67000,67459.9,6348.223
2024-07-29T22:00:00+00:00,67460,67521,67100,67195.3,4703.555
2024-07-29T23:00:00+00:00,67195.3,67241.6,66547.1,66750,15633.767
2024-07-30T00:00:00+00:00,66750.1,66837.9,65820,66572,24355.475
2024-07-30T01:00:00+00:00,66571.9,66865.3,66022.8,66176.5,13221.982
2024-07-30T02:00:00+00:00,66176.5,66441.7,65910.6,66396.6,10667.095
2024-07-30T03:00:00+00:00,66396.6,66658.9,66350,66585.6,5743.726
2024-07-30T04:00:00+00:00,66585.7,66790.4,66502.5,66778.2,4317.804
2024-07-30T05:00:00+00:00,66778.2,66778.3,66288,66455.9,7810.524
2024-07-30T06:00:00+00:00,66455.9,66748.4,66432.8,66733.2,4165.184
2024-07-30T07:00:00+00:00,66733.2,66966.6,66733.1,66914,7459.885
2024-07-30T08:00:00+00:00,66914,66956.6,66683.4,66740,6032.575
2024-07-30T09:00:00+00:00,66739.9,66869,66404.1,66580,7093.283
2024-07-30T10:00:00+00:00,66580.1,66662.5,66358.9,66545.7,6928.566
2024-07-30T11:00:00+00:00,66545.7,66682.8,66452.5,66532.5,3393.47
2024-07-30T12:00:00+00:00,66532.6,66797,66200,66635.4,11610.528
2024-07-30T13:00:00+00:00,66635.4,66923.8,66302.7,66357.3,10617.83
2024-07-30T14:00:00+00:00,66357.3,66426.3,65600,65779.4,23581.41
2024-07-30T15:00:00+00:00,65779.3,66320.4,65500,66198,20218.77
2024-07-30T16:00:00+00:00,66198,66526.1,66120,66150.2,8097.586
2024-07-30T17:00:00+00:00,66150.2,66190,65656,65839.8,15950.058
2024-07-30T18:00:00+00:00,65839.8,66058.6,65549.1,65800.2,12904.572
2024-07-30T19:00:00+00:00,65800.1,65993.3,65501.1,65899.4,10796.593
2024-07-30T20:00:00+00:00,65900,66195,65254.5,66155.3,20347.512
2024-07-30T21:00:00+00:00,66155.2,66276.3,65905,66265,4409.07
2024-07-30T22:00:00+00:00,66264.9,66319,66040.2,66192,4096.995
2024-07-30T23:00:00+00:00,66191.9,66279.9,66093.4,66159.3,2730.551
2024-07-31T00:00:00+00:00,66159.3,66380,65825.9,66313.9,7285.744
2024-07-31T01:00:00+00:00,66314,66373.4,66066,66269.1,4355.04
2024-07-31T02:00:00+00:00,66269.1,66380,66036,66084.4,4559.39
2024-07-31T03:00:00+00:00,66084.5,66203.2,66006.3,66028.9,3778.385
2024-07-31T04:00:00+00:00,66028.1,66073.3,65459.4,65774.1,12128.912
2024-07-31T05:00:00+00:00,65774.1,66198.7,65550,66154.2,9543.399
2024-07-31T06:00:00+00:00,66153.9,66540.8,66088.5,66425.4,13269.79
2024-07-31T07:00:00+00:00,66425.5,66499.7,66185.3,66196.4,5943.893
2024-07-31T08:00:00+00:00,66196.4,66348,66010,66285.1,6148.489
2024-07-31T09:00:00+00:00,66285.2,66360.4,66127,66230,3468.47
2024-07-31T10:00:00+00:00,66230,66230.1,65906.7,65960.2,6342.838
2024-07-31T11:00:00+00:00,65960.2,66120,65930,66062.6,3194.178
2024-07-31T12:00:00+00:00,66062.7,66270,65954.3,66128.8,6206.567
2024-07-31T13:00:00+00:00,66128.8,66826.3,66102.1,66484.5,16128.854
2024-07-31T14:00:00+00:00,66484.6,66706.2,65939.7,66409.9,18364.358
2024-07-31T15:00:00+00:00,66410,66531.3,66289.4,66354.5,5571.175
2024-07-31T16:00:00+00:00,66354.4,66745.8,66260,66334.3,9282.251
2024-07-31T17:00:00+00:00,66334.3,66820,66267.4,66656.1,9811.358
2024-07-31T18:00:00+00:00,66656.1,66710.3,66107.4,66498.5,17883.749
2024-07-31T19:00:00+00:00,66498.5,66620,64894,65229.8,34096.556
2024-07-31T20:00:00+00:00,65228.1,65399,64504.5,64577.4,23917.254
2024-07-31T21:00:00+00:00,64577.4,65121.8,64500.4,64950,14476.457
2024-07-31T22:00:00+00:00,64950.1,65029.5,64600,64943.4,5652.231
2024-07-31T23:00:00+00:00,64943.3,64968.1,64600,64601.8,4980.108
2024-08-01T00:00:00+00:00,64601.8,64824.4,64320,64626.4,11766.814
2024-08-01T01:00:00+00:00,64624.7,64801.9,64083,64172.6,13276.961
2024-08-01T02:00:00+00:00,64172.7,64236.1,63863.3,64081,17296.032
2024-08-01T03:00:00+00:00,64081.1,64101.1,63722,63912.8,10737.165
2024-08-01T04:00:00+00:00,63912.7,64036.4,63600,63716.9,11973.073
2024-08-01T05:00:00+00:00,63717,64330.4,63559.5,64279.5,17724.338
2024-08-01T06:00:00+00:00,64279.5,64432.6,64100,64204.5,7952.429
2024-08-01T07:00:00+00:00,64204.4,64468.6,64194,64297.4,5613.711
2024-08-01T08:00:00+00:00,64297.5,64530,64280.1,64472.2,4761.653
2024-08-01T09:00:00+00:00,64472.2,64681.9,64435.1,64441.9,5845.793
2024-08-01T10:00:00+00:00,64441.9,64592.3,64280,64554.6,5307.174
2024-08-01T11:00:00+00:00,64554.4,64666,64431.5,64645.3,4599.628
2024-08-01T12:00:00+00:00,64645.2,64890,64605.1,64855.9,9636.548
2024-08-01T13:00:00+00:00,64855.9,64927.2,64430.9,64724.7,10200.123
2024-08-01T14:00:00+00:00,64724.6,64752.4,63911,63918.1,21540.744
2024-08-01T15:00:00+00:00,63918.1,63942.5,62646.7,62892.6,59798.958
2024-08-01T16:00:00+00:00,62892.6,63188,62650,62890.1,19219.782
2024-08-01T17:00:00+00:00,62890,63244,62271.2,63202.4,31609.064
2024-08-01T18:00:00+00:00,63202.5,63419.3,62800,62945,21497.562
2024-08-01T19:00:00+00:00,62945,63480,62927.1,63403,9462.371
2024-08-01T20:00:00+00:00,63403,64777,63312,64744.5,25920.508
2024-08-01T21:00:00+00:00,64744.6,65350,64615.3,64879.7,18926.935
2024-08-01T22:00:00+00:00,64879.8,65650,64854,65168,17382.089
2024-08-01T23:00:00+00:00,65168.1,65450,64962.5,65328.9,10605.135
2024-08-02T00:00:00+00:00,65329,65577,64871.3,64877.8,10301.899
2024-08-02T01:00:00+00:00,64877.8,64880,64537.4,64628.5,11782.086
2024-08-02T02:00:00+00:00,64628.4,64813.8,63630.6,64344.4,22150.775
2024-08-02T03:00:00+00:00,64344.5,64625.5,64224.2,64600.1,8393.407
2024-08-02T04:00:00+00:00,64600.1,64640,64421.5,64518.2,5305.797
2024-08-02T05:00:00+00:00,64518.3,64527.3,64055,64160.9,8682.156
2024-08-02T06:00:00+00:00,64161,64625,63800,64446.4,13006.387
2024-08-02T07:00:00+00:00,64446.5,64498,64102.1,64146,8157.649
2024-08-02T08:00:00+00:00,64146,64577,64026.5,64569.7,9371.113
2024-08-02T09:00:00+00:00,64569.8,64600,64399.4,64485.3,4762.085
2024-08-02T10:00:00+00:00,64485.4,64870,64343,64738.9,8101.678
2024-08-02T11:00:00+00:00,64738.9,64957.4,64630,64640,10890.776
2024-08-02T12:00:00+00:00,64640,64962.9,64086.3,64828.3,27848.063
2024-08-02T13:00:00+00:00,64828.2,65534.3,64538.1,65208.2,24979.359
2024-08-02T14:00:00+00:00,65208.2,65348.4,63088,63145.6,52368.144
2024-08-02T15:00:00+00:00,63145.6,63600,62350,63393.5,56821.312
2024-08-02T16:00:00+00:00,63393.5,63600,62943.6,63289.9,19680.843
2024-08-02T17:00:00+00:00,63290,63439,63038.5,63075.4,9349.953
2024-08-02T18:00:00+00:00,63075.4,63203.2,62748,62875.5,11452.835
2024-08-02T19:00:00+00:00,62875.1,62965,62478,62619.7,16762.695
2024-08-02T20:00:00+00:00,62619.6,63181,62010,62600,27396.637
2024-08-02T21:00:00+00:00,62600,62715,61255,61966.6,27625.059
2024-08-02T22:00:00+00:00,61966.6,62227.9,61200.2,61377.9,14259.55
2024-08-02T23:00:00+00:00,61377.8,61761.4,61285.7,61483.7,12178.162
2024-08-03T00:00:00+00:00,61483.7,61700,60882.4,61117.5,15316.661
2024-08-03T01:00:00+00:00,61117.5,61366.8,60473.3,61313.9,28488.202
2024-08-03T02:00:00+00:00,61313.9,61586,61182.2,61417.4,9714.287
2024-08-03T03:00:00+00:00,61417.5,61956.4,61280,61862.2,12206.195
2024-08-03T04:00:00+00:00,61862.2,61945,61380.8,61544.2,7435.168
2024-08-03T05:00:00+00:00,61544.1,61696.7,61482.6,61673.9,3670.939
2024-08-03T06:00:00+00:00,61673.8,61825.5,61638.3,61804,3713.836
2024-08-03T07:00:00+00:00,61803.9,61876.4,61589.6,61636,4406.608
2024-08-03T08:00:00+00:00,61636,61721.7,61450,61606,5590.111
2024-08-03T09:00:00+00:00,61606,61722.2,61420.2,61707.6,4645.439
2024-08-03T10:00:00+00:00,61707.6,61865.4,61636.9,61787.4,4407.347
2024-08-03T11:00:00+00:00,61787.3,61986.3,61753.7,61884.8,5110.473
2024-08-03T12:00:00+00:00,61884.7,62166,61811.5,61969,8786.202
2024-08-03T13:00:00+00:00,61969.1,62013,61821.9,61982.7,5502.694
2024-08-03T14:00:00+00:00,61982.8,62145,61868.1,61959.9,5313.337
2024-08-03T15:00:00+00:00,61960,62065.1,60800,60857.7,23147.796
2024-08-03T16:00:00+00:00,60857.8,61262.5,60366,60892.7,45847.281
2024-08-03T17:00:00+00:00,60892.6,60999.1,60425,60553.1,15084.089
2024-08-03T18:00:00+00:00,60553,60824.8,60090,60224.9,17818.628
2024-08-03T19:00:00+00:00,60225,60621,59888,60216.7,21812.582
2024-08-03T20:00:00+00:00,60216.8,60690,60132.8,60374.9,10646.005
2024-08-03T21:00:00+00:00,60374.9,60842.2,59800,60631.3,17116.72
2024-08-03T22:00:00+00:00,60631.4,60747.1,60345.4,60610.8,6372.046
2024-08-03T23:00:00+00:00,60610.7,60809.2,60363.6,60684.6,8317.31
2024-08-04T00:00:00+00:00,60684.5,60800,60571.2,60726.4,3906.36
2024-08-04T01:00:00+00:00,60726.4,60753.5,60290.9,60715,5643.803
2024-08-04T02:00:00+00:00,60715,61089.5,60686,60856.4,8508.172
2024-08-04T03:00:00+00:00,60856.3,60883.5,60654.6,60705.3,4981.907
2024-08-04T04:00:00+00:00,60705.3,60773,60523.9,60540.5,3876.585
2024-08-04T05:00:00+00:00,60540.6,60915.1,60519.5,60762,4013.338
2024-08-04T06:00:00+00:00,60762.1,60840,60681,60789,2121.585
2024-08-04T07:00:00+00:00,60788.9,60801.4,60228,60346,8237.018
2024-08-04T08:00:00+00:00,60344.6,60649.9,60080.5,60544.6,8546.104
2024-08-04T09:00:00+00:00,60544.6,60710.7,60481,60678.8,3813.214
2024-08-04T10:00:00+00:00,60678.8,60818.3,60501.4,60788.1,5878.682
2024-08-04T11:00:00+00:00,60788.2,60986.2,60745.1,60880.1,7595.958
2024-08-04T12:00:00+00:00,60880.1,61064.6,60771.8,61032,5855.721
2024-08-04T13:00:00+00:00,61032,61057.1,60800.1,60800.1,3974.319
2024-08-04T14:00:00+00:00,60800.2,60854.9,59255.8,59564,43357.034
2024-08-04T15:00:00+00:00,59564,59579.9,58926.1,59070,27844.334
2024-08-04T16:00:00+00:00,59069.9,59295,58591.9,58647.2,26116.138
2024-08-04T17:00:00+00:00,58647.3,58735.4,57040,57844.4,62970.67
2024-08-04T18:00:00+00:00,57842.1,58906.2,57719.5,58734.6,28600.667
2024-08-04T19:00:00+00:00,58734.6,59475,58503.2,59234,23343.342
2024-08-04T20:00:00+00:00,59233.9,59569.2,58824,59126.9,12930.789
2024-08-04T21:00:00+00:00,59126.9,59138,58332.5,58443.9,10884.188
2024-08-04T22:00:00+00:00,58444,59115.5,58362,58694.1,14377.242
2024-08-04T23:00:00+00:00,58694,58739.8,57975.4,58144.5,12135.245
2024-08-05T00:00:00+00:00,58144.5,58286.9,55650,56143.9,71955.577
2024-08-05T01:00:00+00:00,56141.9,56273.7,52222,54389.5,148957.737
2024-08-05T02:00:00+00:00,54389.6,54686.6,53568.2,54669.3,47458.172
2024-08-05T03:00:00+00:00,54669.3,54687.4,53750.1,53864.1,27580.158
2024-08-05T04:00:00+00:00,53864,54538,53355,53505.1,27206.987
2024-08-05T05:00:00+00:00,53505.2,53843.6,52222,52696.4,67459.06
2024-08-05T06:00:00+00:00,52696.5,52953,48888,51562.1,139486.245
2024-08-05T07:00:00+00:00,51562,53064.7,51327.5,52645.6,51426.846
2024-08-05T08:00:00+00:00,52645.6,53200,52250,52727.7,36124.329
2024-08-05T09:00:00+00:00,52727.8,52912.8,51725.5,52637.8,26784.434
2024-08-05T10:00:00+00:00,52637.7,52637.7,50647.7,51364.1,57583.69
2024-08-05T11:00:00+00:00,51364.1,51886.8,50590.1,51316.8,49737.087
2024-08-05T12:00:00+00:00,51316.7,51530,49501,49790,71915.422
2024-08-05T13:00:00+00:00,49788.4,52554.6,49570.3,51927.7,98730.618
2024-08-05T14:00:00+00:00,51927.7,54489.5,51922.9,54028.3,94487.427
2024-08-05T15:00:00+00:00,54028.3,54952.3,53485.9,54289.8,48573.595
2024-08-05T16:00:00+00:00,54289.7,55523,54010.3,54016.1,46065.578
2024-08-05T17:00:00+00:00,54016.2,55050,53730,54676.2,31064.812
2024-08-05T18:00:00+00:00,54676.2,54691,52945.1,53082.6,27779.467
2024-08-05T19:00:00+00:00,53082.6,53585,52520.4,53450.4,36809.706
2024-08-05T20:00:00+00:00,53450.3,54385,53439.9,54370.4,24769.4
2024-08-05T21:00:00+00:00,54370.3,55192.2,54241.1,54344.9,18560.017
2024-08-05T22:00:00+00:00,54344.9,54948.8,54167.1,54672.6,14910.105
2024-08-05T23:00:00+00:00,54672.7,55062,53853.6,54003.1,16555.556
2024-08-06T00:00:00+00:00,54003.5,56066.3,53925.3,56010.1,34313.105
2024-08-06T01:00:00+00:00,56010.1,56254.8,55405,55690,21483.053
2024-08-06T02:00:00+00:00,55689.9,56037.6,55594.9,55809.4,10855.298
2024-08-06T03:00:00+00:00,55808,55862,55437,55638.1,8439.159
2024-08-06T04:00:00+00:00,55638.1,55736,55220,55470,10530.8
2024-08-06T05:00:00+00:00,55470,55975,55230,55910,11507.91
2024-08-06T06:00:00+00:00,55909.9,56029.7,55498.3,55759.2,12502.521
2024-08-06T07:00:00+00:00,55759.2,56152,55413.3,55979.1,11834.271
2024-08-06T08:00:00+00:00,55979,56090,54570.2,54969.9,27559.613
2024-08-06T09:00:00+00:00,54970,55303.3,54531.6,55185,18886.118
2024-08-06T10:00:00+00:00,55185,55422.9,54854.2,55039.9,12010.276
2024-08-06T11:00:00+00:00,55039.9,55377,54840.7,55188,11408.424
2024-08-06T12:00:00+00:00,55188,55443.2,54659.2,54752.6,16058.317
2024-08-06T13:00:00+00:00,54752.6,55413.2,54288,55180.1,34508.962
2024-08-06T14:00:00+00:00,55180.2,56599,55116.6,56095.6,55133.049
2024-08-06T15:00:00+00:00,56095.5,56400,55704,56370,20850.172
2024-08-06T16:00:00+00:00,56370,56877.4,56205.1,56743.7,23564.714
2024-08-06T17:00:00+00:00,56743.7,56900,56449,56456,15016.966
2024-08-06T18:00:00+00:00,56455,56999.9,56313.5,56693.9,18222.588
2024-08-06T19:00:00+00:00,56693.9,56848.2,56264,56737,11477.098
2024-08-06T20:00:00+00:00,56737,56833.6,56159.6,56512,13614.58
2024-08-06T21:00:00+00:00,56511.9,56602.8,56074.4,56429,6902.524
2024-08-06T22:00:00+00:00,56429,56919.8,55919,56175.5,19790.02
2024-08-06T23:00:00+00:00,56175.4,56393.9,55792,55991.2,9483.901
2024-08-07T00:00:00+00:00,55991.3,56355.5,55516.3,56251.2,16716.642
2024-08-07T01:00:00+00:00,56251.2,57000,55756.9,56935.2,18980.423
2024-08-07T02:00:00+00:00,56935.2,57249,56456.4,56730,22947.725
2024-08-07T03:00:00+00:00,56730.1,56950,56549.5,56826.8,7009.864
2024-08-07T04:00:00+00:00,56826.9,57215.5,56710,57018,10494.775
2024-08-07T05:00:00+00:00,57018,57219.4,56666.3,56765.9,10622.093
2024-08-07T06:00:00+00:00,56766,56968,56660.7,56809.5,6322.696
2024-08-07T07:00:00+00:00,56809.5,57063.9,56510,56898.7,8952.537
2024-08-07T08:00:00+00:00,56898.8,57460,56838,57320.5,14965.059
2024-08-07T09:00:00+00:00,57320.5,57648.7,57142,57319.4,19085.098
2024-08-07T10:00:00+00:00,57319.4,57699,57225.6,57300.4,9597.618
2024-08-07T11:00:00+00:00,57300.4,57352.4,56843.6,56938,14307.919
2024-08-07T12:00:00+00:00,56938,57306.1,56780.9,57261,14391.188
2024-08-07T13:00:00+00:00,57261,57454,56673,56800.9,19845.173
2024-08-07T14:00:00+00:00,56800.9,56975.6,55620.5,56060.1,40900.292
2024-08-07T15:00:00+00:00,56060.1,56379,55755,56067.5,17561.383
2024-08-07T16:00:00+00:00,56067.4,56274,55793.4,56098.9,12884.879
2024-08-07T17:00:00+00:00,56098.9,56279.8,55395.5,55545.4,18895.693
2024-08-07T18:00:00+00:00,55545.9,55605,54650,54785.5,26257.506
2024-08-07T19:00:00+00:00,54785.4,55126,54663.3,54739.9,14155.591
2024-08-07T20:00:00+00:00,54739.9,55282.3,54613,55124,18684.713
2024-08-07T21:00:00+00:00,55124.1,55550,54834.6,55390,10873.347
2024-08-07T22:00:00+00:00,55389.1,55438.2,54519.8,55258.2,15600.886
2024-08-07T23:00:00+00:00,55258.3,55408.1,54897.5,55102.9,7389.44
2024-08-08T00:00:00+00:00,55102.9,55339.6,54672.4,55270.6,10251.379
2024-08-08T01:00:00+00:00,55270.6,57688.8,55236,56842.1,37155.919
2024-08-08T02:00:00+00:00,56842,57612,56792.8,57334,19663.752
2024-08-08T03:00:00+00:00,57334.1,57621.9,57022,57031.7,11096.219
2024-08-08T04:00:00+00:00,57031.8,57220,56636.9,56744.8,11326.557
2024-08-08T05:00:00+00:00,56744.9,56996.9,56700,56934.9,5463.666
2024-08-08T06:00:00+00:00,56934.9,57333,56757.1,57191.9,8807.118
2024-08-08T07:00:00+00:00,57191.9,57399.2,57095.3,57166.4,8619.092
2024-08-08T08:00:00+00:00,57166.4,57358.3,57090,57209.9,5408.131
2024-08-08T09:00:00+00:00,57209.9,57475,56943.7,57316.6,9152.51
2024-08-08T10:00:00+00:00,57316.5,57550.5,57159.5,57351.1,7640.019
2024-08-08T11:00:00+00:00,57351,57650,57225.3,57292.3,8981.471
2024-08-08T12:00:00+00:00,57292.4,58500,57000,57893.6,41801.062
2024-08-08T13:00:00+00:00,57893.6,58241,56645,57247.9,35716.202
2024-08-08T14:00:00+00:00,57247.9,58984.8,57146.4,58880.8,45065.536
2024-08-08T15:00:00+00:00,58880.8,59493,58608.6,59391.3,38450.67
2024-08-08T16:00:00+00:00,59391.9,59835.8,59310.1,59531.9,30089.873
2024-08-08T17:00:00+00:00,59531.9,59839.7,59244.8,59439.4,13399.215
2024-08-08T18:00:00+00:00,59439.5,59676,59300.5,59301,7891.144
2024-08-08T19:00:00+00:00,59301,59797.2,59213.6,59389.1,10364.267
2024-08-08T20:00:00+00:00,59389,59657,59273.5,59468.4,5778.968
2024-08-08T21:00:00+00:00,59468.3,61359,59468.3,61154.7,25014.796
2024-08-08T22:00:00+00:00,61154.8,62500,60585.4,62301.9,43241.958
2024-08-08T23:00:00+00:00,62301.9,62737.2,61590.3,61659.8,29737.984
2024-08-09T00:00:00+00:00,61659.8,61726,61061,61187.1,17908.963
2024-08-09T01:00:00+00:00,61187,61513.6,60728.7,61366.7,15808.82
2024-08-09T02:00:00+00:00,61366.7,61428.7,61100,61203.9,5796.215
2024-08-09T03:00:00+00:00,61204,61540,61125.7,61327,5854.078
2024-08-09T04:00:00+00:00,61327,61361.9,60688,60699.8,9237.023
2024-08-09T05:00:00+00:00,60699.8,60977,60555,60957.3,7774.107
2024-08-09T06:00:00+00:00,60957.3,61092,60705,60855.8,8061.417
2024-08-09T07:00:00+00:00,60855.8,61200,60721.9,60844,7800.598
2024-08-09T08:00:00+00:00,60844.1,61087.5,60574,61063,8258.211
2024-08-09T09:00:00+00:00,61063,61184.9,60675,60723.8,8492.66
2024-08-09T10:00:00+00:00,60723.8,60822,60150,60574,19886.751
2024-08-09T11:00:00+00:00,60574.1,60775,60321.6,60633.5,7766.776
2024-08-09T12:00:00+00:00,60633.5,60774,60206.7,60531.4,9238.386
2024-08-09T13:00:00+00:00,60531.5,60720,59764.3,60425.4,26229.77
2024-08-09T14:00:00+00:00,60425.5,61089.7,59500,60322,43430.614
2024-08-09T15:00:00+00:00,60322.1,60553.2,59754.8,59786.4,16791.058
2024-08-09T16:00:00+00:00,59786.4,60428.9,59705.9,60406.6,16867.646
2024-08-09T17:00:00+00:00,60406.7,60724.9,60122.9,60172.7,10793.512
2024-08-09T18:00:00+00:00,60172.7,60350,59803.2,60291.1,9310.597
2024-08-09T19:00:00+00:00,60291.1,60729.5,60092.8,60649.5,7514.401
2024-08-09T20:00:00+00:00,60649.6,60961.5,60481.5,60707.2,7571.126
2024-08-09T21:00:00+00:00,60707.2,60850.8,59862.6,60696.6,16522.083
2024-08-09T22:00:00+00:00,60696.6,60955,60250.1,60726.1,14159.935
2024-08-09T23:00:00+00:00,60726.1,60897,60312,60808.6,7599.592
2024-08-10T00:00:00+00:00,60808.6,61450,60454,60511.6,17040.575
2024-08-10T01:00:00+00:00,60511.6,60935.1,60414.5,60429.8,6305.288
2024-08-10T02:00:00+00:00,60429.9,60697.7,60277.1,60511.6,4625.282
2024-08-10T03:00:00+00:00,60511.5,60511.6,60231.6,60410,4821.384
2024-08-10T04:00:00+00:00,60410,60415.5,60208.5,60389.5,3029.045
2024-08-10T05:00:00+00:00,60389.5,60443,60295.8,60336.1,2606.294
2024-08-10T06:00:00+00:00,60336.1,60489,60284.3,60427.5,2484.49
2024-08-10T07:00:00+00:00,60427.6,60823.7,60427.5,60809.5,5102.352
2024-08-10T08:00:00+00:00,60809.6,60858.9,60582.4,60706.6,4554.608
2024-08-10T09:00:00+00:00,60706.5,61082,60704.1,60866.9,6907.293
2024-08-10T10:00:00+00:00,60866.9,60988.5,60600,60750.2,5956.108
2024-08-10T11:00:00+00:00,60750.2,60978.4,60722,60892.4,3006.959
2024-08-10T12:00:00+00:00,60892.3,60926,60678.5,60688.9,3205.604
2024-08-10T13:00:00+00:00,60688.9,60719.7,60387.1,60399.9,7213.38
2024-08-10T14:00:00+00:00,60400,60644,60375,60553.9,3929.963
2024-08-10T15:00:00+00:00,60553.9,60728.6,60464.1,60480.5,3513.39
2024-08-10T16:00:00+00:00,60480.5,60689,60360,60645.8,4746.447
2024-08-10T17:00:00+00:00,60645.8,60841.3,60522.9,60739,3060.495
2024-08-10T18:00:00+00:00,60738.9,61200,60698.4,60928,10420.66
2024-08-10T19:00:00+00:00,60928,61115.8,60804.5,60989.1,3351.005
2024-08-10T20:00:00+00:00,60989.1,61084.2,60866.8,60954.4,2455.602
2024-08-10T21:00:00+00:00,60954.4,61136.3,60931.8,61040.6,2236.951
2024-08-10T22:00:00+00:00,61040.6,61050,60854.8,60900.6,2133.661
2024-08-10T23:00:00+00:00,60900.5,60914,60721,60889.9,2886.518
2024-08-11T00:00:00+00:00,60889.8,61217,60857,61059.1,5291.1
2024-08-11T01:00:00+00:00,61059.1,61138,60915,61082.1,2224.095
2024-08-11T02:00:00+00:00,61082.1,61101.3,60944.3,60999.2,1638.452
2024-08-11T03:00:00+00:00,60999.3,61350,60990,61054.8,6895.867
2024-08-11T04:00:00+00:00,61054.8,61112.9,60838.5,60861,6093.354
2024-08-11T05:00:00+00:00,60861,61120,60846.6,61080.9,2428.876
2024-08-11T06:00:00+00:00,61081,61137.4,60967.6,61091.1,2399.512
2024-08-11T07:00:00+00:00,61091.1,61233,61052,61224.9,3501.014
2024-08-11T08:00:00+00:00,61225,61399,61119.4,61226.1,5671.283
2024-08-11T09:00:00+00:00,61226.1,62000,60960,61078.8,16461.738
2024-08-11T10:00:00+00:00,61078.7,61244.1,60910,61003.7,5556.477
2024-08-11T11:00:00+00:00,61003.6,61041,60380.1,60637.6,14642.41
2024-08-11T12:00:00+00:00,60637.5,60677,60188,60469.9,9660.599
2024-08-11T13:00:00+00:00,60470,60595,60140,60425,9204.925
2024-08-11T14:00:00+00:00,60424.9,60736.6,60158.4,60312.9,9399.303
2024-08-11T15:00:00+00:00,60312.8,60402,59911,60100,11436.299
2024-08-11T16:00:00+00:00,60099.9,60266.2,59956,60154.6,6187.568
2024-08-11T17:00:00+00:00,60154.6,60330.6,59986.7,60237.8,4253.057
2024-08-11T18:00:00+00:00,60237.8,60320.4,60093.1,60235.6,2679.302
2024-08-11T19:00:00+00:00,60235.6,60250,59512.2,59598,11616.819
2024-08-11T20:00:00+00:00,59598.1,59657.5,58255.4,58480,30615.504
2024-08-11T21:00:00+00:00,58479.9,59061.8,58272.9,58976.4,12904.61
2024-08-11T22:00:00+00:00,58976.3,59336.6,58500,58961,16451.262
2024-08-11T23:00:00+00:00,58960.9,58995.5,58672,58693.1,5325.65
2024-08-12T00:00:00+00:00,58693.1,59055,58078.8,58433.5,15947.836
2024-08-12T01:00:00+00:00,58433.4,58777,58251.8,58564.1,8493.165
2024-08-12T02:00:00+00:00,58564.1,58733,58300,58691.8,5594.373
2024-08-12T03:00:00+00:00,58691.8,58800,58410.2,58488.6,4240.45
2024-08-12T04:00:00+00:00,58488.6,58655.6,58340,58494.7,3471.691
2024-08-12T05:00:00+00:00,58494.8,58673,58375.2,58549.4,3872.314
2024-08-12T06:00:00+00:00,58549.4,58616.5,58112,58376.2,7117.295
2024-08-12T07:00:00+00:00,58376.3,58958.1,57615,58640.1,26061.328
2024-08-12T08:00:00+00:00,58640.1,59000,58204.8,58291.1,12352.072
2024-08-12T09:00:00+00:00,58291.1,58612,58140,58267.5,8908.747
2024-08-12T10:00:00+00:00,58267.5,58963.4,58086.1,58935.4,12197.854
2024-08-12T11:00:00+00:00,58935.4,59937.8,58846.6,59809.2,28204.046
2024-08-12T12:00:00+00:00,59809.2,59900,59490,59700,13716.675
2024-08-12T13:00:00+00:00,59699.9,59850,57930,58133.7,34176.449
2024-08-12T14:00:00+00:00,58133.7,60666,57774,60265.3,62330.014
2024-08-12T15:00:00+00:00,60265.2,60480,59185,60171.2,33760.294
2024-08-12T16:00:00+00:00,60171.3,60390.8,59527,59581.7,17232.522
2024-08-12T17:00:00+00:00,59581.7,59894.1,59230,59276.9,9861.672
2024-08-12T18:00:00+00:00,59276.9,59470,58403.9,58511.2,14133.827
2024-08-12T19:00:00+00:00,58511.4,59268.9,58511.3,59025.9,12607.054
2024-08-12T20:00:00+00:00,59026,59371.9,58700.4,58817.6,10717.174
2024-08-12T21:00:00+00:00,58817.6,59204.4,58520.7,58951.2,7704.347
2024-08-12T22:00:00+00:00,58951.2,59231.6,58814,59030,4514.001
2024-08-12T23:00:00+00:00,59030.1,59721,58997.7,59323.6,9911.09
2024-08-13T00:00:00+00:00,59323.7,59866.5,59240.6,59762.4,9660.835
2024-08-13T01:00:00+00:00,59762,59895,59424.4,59706.1,6964.203
2024-08-13T02:00:00+00:00,59706.1,59752.4,59256.6,59450,5576.465
2024-08-13T03:00:00+00:00,59450.1,59495.7,58840.2,59014,11682.037
2024-08-13T04:00:00+00:00,59014,59224.4,58803,59196,4932.26
2024-08-13T05:00:00+00:00,59195.9,59339.1,59066.2,59187.9,3400.159
2024-08-13T06:00:00+00:00,59188,59442.5,58960,59335.4,5553.357
2024-08-13T07:00:00+00:00,59335.5,59429.5,59028.7,59209,4782.744
2024-08-13T08:00:00+00:00,59209.1,59302.5,58901.7,59068.1,5528.731
2024-08-13T09:00:00+00:00,59068.2,59076.8,58668.2,58912.8,7502.096
2024-08-13T10:00:00+00:00,58912.9,58941.9,58360,58637.7,9221.081
2024-08-13T11:00:00+00:00,58637.7,58880,58484.3,58803,4983.26
2024-08-13T12:00:00+00:00,58803,59169.6,58668,59095.4,14431.303
2024-08-13T13:00:00+00:00,59095.4,59393.3,58805.3,59362,15990.697
2024-08-13T14:00:00+00:00,59361.9,59748.8,58986.2,59606.1,20592.184
2024-08-13T15:00:00+00:00,59606.2,59693.2,59302.4,59438.4,7286.966
2024-08-13T16:00:00+00:00,59438.4,61150,59402.6,61121,33673.912
2024-08-13T17:00:00+00:00,61121,61545,60867.1,61134.1,29585.985
2024-08-13T18:00:00+00:00,61134.1,61187.1,60740,60774.5,12972.291
2024-08-13T19:00:00+00:00,60774.5,60946.4,60217.5,60792.1,17414.651
2024-08-13T20:00:00+00:00,60794.5,60949.8,60535.3,60543.6,5632.228
2024-08-13T21:00:00+00:00,60543.6,61120.8,60480.7,61005.8,6156.236
2024-08-13T22:00:00+00:00,61005.7,61034.1,60410.4,60557.5,8844.137
2024-08-13T23:00:00+00:00,60557.5,60588,60355,60550.5,3566.903
2024-08-14T00:00:00+00:00,60550.4,60825.1,60390,60751.2,5025.665
2024-08-14T01:00:00+00:00,60751.2,60790.8,60476.2,60488,3887.425
2024-08-14T02:00:00+00:00,60488,60813,60458.7,60775.9,4283.709
2024-08-14T03:00:00+00:00,60775.9,61277,60775.9,60920,8374.155
2024-08-14T04:00:00+00:00,60920.1,61131.2,60859,60913.3,4388.538
2024-08-14T05:00:00+00:00,60913.3,61049,60763.4,60800.5,3352.854
2024-08-14T06:00:00+00:00,60800.4,60877.7,60588.8,60828.3,7497.852
2024-08-14T07:00:00+00:00,60828.3,60911,60663.2,60887.2,3025.947
2024-08-14T08:00:00+00:00,60887.3,60915,60600,60859.8,5192.525
2024-08-14T09:00:00+00:00,60859.8,60951,60758.4,60819.9,3157.582
2024-08-14T10:00:00+00:00,60819.9,61299.1,60800,61064.9,9666.088
2024-08-14T11:00:00+00:00,61065,61419.2,60841.7,61260.7,11241.204
2024-08-14T12:00:00+00:00,61260.6,61839.7,60798.2,61026.8,35735.882
2024-08-14T13:00:00+00:00,61026.8,61131.9,59440,59583,44609.34
2024-08-14T14:00:00+00:00,59582.9,59597.8,58773.3,59468.5,45103.426
2024-08-14T15:00:00+00:00,59468.4,59810,58850,59396.9,32169.464
2024-08-14T16:00:00+00:00,59396.9,59422.2,58500,59090.5,22248.036
2024-08-14T17:00:00+00:00,59090.5,59342.5,59000,59129.2,8391.636
2024-08-14T18:00:00+00:00,59129.3,59436.2,58749.9,58954.1,9770.479
2024-08-14T19:00:00+00:00,58954,59090,58658.7,58854,7326.413
2024-08-14T20:00:00+00:00,58853.8,59151.6,58846.3,59113.6,4014.091
2024-08-14T21:00:00+00:00,59113.6,59125,58835.7,58884.8,3109.971
2024-08-14T22:00:00+00:00,58884.8,58984,58367.2,58953.6,9891.033
2024-08-14T23:00:00+00:00,58953.6,58996,58640,58648.1,4199.493
2024-08-15T00:00:00+00:00,58648.1,59001.2,58637.2,58958.9,5432.121
2024-08-15T01:00:00+00:00,58958.9,59021,58059.2,58172.7,10790.491
2024-08-15T02:00:00+00:00,58172.7,58539,57971.2,58392,16004.562
2024-08-15T03:00:00+00:00,58392.8,58474.7,58320.6,58420,2894.793
2024-08-15T04:00:00+00:00,58420,58448.5,58134.2,58366.1,5285.14
2024-08-15T05:00:00+00:00,58366,58622,58165.2,58292.5,6332.054
2024-08-15T06:00:00+00:00,58292.6,58371.9,57800,58078.7,11265.409
2024-08-15T07:00:00+00:00,58078.6,58130,57679.6,58031.9,10690.856
2024-08-15T08:00:00+00:00,58031.9,58361.3,57937.7,58344.5,7454.312
2024-08-15T09:00:00+00:00,58344.4,58518,58258.5,58371.9,7701.313
2024-08-15T10:00:00+00:00,58372,58514,58258.1,58326,4869.552
2024-08-15T11:00:00+00:00,58326,58836.5,58320,58712.1,10925.978
2024-08-15T12:00:00+00:00,58712,59349.8,58576,58766.2,27450.107
2024-08-15T13:00:00+00:00,58766.2,59454.5,58508.1,59420.2,21565.808
2024-08-15T14:00:00+00:00,59420.1,59717,59175,59385.9,19994.171
2024-08-15T15:00:00+00:00,59386,59749.2,59232.6,59643.7,12763.913
2024-08-15T16:00:00+00:00,59643.3,59820,59388,59503,12366.811
2024-08-15T17:00:00+00:00,59502.9,59518.6,58735.8,58840.6,14940.198
2024-08-15T18:00:00+00:00,58840.7,58845.9,57474.2,57831.9,45570.73
2024-08-15T19:00:00+00:00,57831.9,57925,56633,57002.4,41344.79
2024-08-15T20:00:00+00:00,57002.5,57090.3,55969,56634.9,25935.206
2024-08-15T21:00:00+00:00,56634.9,57599,56571.3,57582.9,20462.628
2024-08-15T22:00:00+00:00,57583,57850,57342,57584.1,11996.883
2024-08-15T23:00:00+00:00,57584,57789,57447.4,57511,6778.12
2024-08-16T00:00:00+00:00,57511.1,57642.1,57326.5,57438.3,6816.014
2024-08-16T01:00:00+00:00,57438.3,57592.4,57062.1,57515.3,9606.218
2024-08-16T02:00:00+00:00,57515.3,58494.9,57295.3,58168.5,18624.769
2024-08-16T03:00:00+00:00,58168.4,58188,57770,57858.1,7561.886
2024-08-16T04:00:00+00:00,57858.1,58288,57766.3,58279.2,7096.612
2024-08-16T05:00:00+00:00,58279.2,58300,58078.9,58157.3,4274.797
2024-08-16T06:00:00+00:00,58157.2,58619.9,58024.6,58495.1,9534.509
2024-08-16T07:00:00+00:00,58495.1,58523.9,58279.3,58423.4,5666.607
2024-08-16T08:00:00+00:00,58423.4,58578,58284,58326.2,5326.025
2024-08-16T09:00:00+00:00,58326.3,58656.2,58227.6,58645.1,8970.609
2024-08-16T10:00:00+00:00,58645.1,58645.1,58268.5,58405.7,5667.134
2024-08-16T11:00:00+00:00,58405.8,58600,58175.9,58369.3,8134.489
2024-08-16T12:00:00+00:00,58369.4,58484,57500,57844.3,23544.048
2024-08-16T13:00:00+00:00,57844.4,58908.5,57706.2,58310.1,34923.103
2024-08-16T14:00:00+00:00,58311.9,58447.3,57820,57983.8,17381.159
2024-08-16T15:00:00+00:00,57983.8,58192.8,57601.3,58035.6,11610.675
2024-08-16T16:00:00+00:00,58035.1,58692.4,57965.4,58529.9,15446.677
2024-08-16T17:00:00+00:00,58530,59350,58351,59184.2,16773.794
2024-08-16T18:00:00+00:00,59184.2,59541.3,59041.2,59431.7,16042.803
2024-08-16T19:00:00+00:00,59431.7,59780.2,59366.8,59649.2,12184.363
2024-08-16T20:00:00+00:00,59649.3,59678.2,59156,59228.5,8458.87
2024-08-16T21:00:00+00:00,59228.5,59282.9,58912.6,58993.4,5399.079
2024-08-16T22:00:00+00:00,58993.4,59152.8,58939.8,58939.8,3655.764
2024-08-16T23:00:00+00:00,58939.9,59025.1,58711.4,58854.9,6056.525
2024-08-17T00:00:00+00:00,58854.9,59233.9,58769.4,59151.3,6128.983
2024-08-17T01:00:00+00:00,59151.2,59363,59085.4,59212.2,4643.972
2024-08-17T02:00:00+00:00,59212.2,59310,59076.3,59121.9,2822.89
2024-08-17T03:00:00+00:00,59122,59154.8,58967.6,59128.2,3359.24
2024-08-17T04:00:00+00:00,59128.2,59236.5,59051.1,59189.3,2346.958
2024-08-17T05:00:00+00:00,59189.2,59222,59120,59133.1,1622.329
2024-08-17T06:00:00+00:00,59133.1,59197.7,59118.4,59130.4,1429.243
2024-08-17T07:00:00+00:00,59130.4,59238,59024.6,59222,2829.571
2024-08-17T08:00:00+00:00,59221.9,59269,59132.6,59256,2164.852
2024-08-17T09:00:00+00:00,59256,59450.1,59185,59292.1,4530.197
2024-08-17T10:00:00+00:00,59292.1,59320,59051.2,59077,4429.572
2024-08-17T11:00:00+00:00,59077,59151.3,59026,59106.5,2562.703
2024-08-17T12:00:00+00:00,59106.5,59244.4,59065.6,59198.6,2630.866
2024-08-17T13:00:00+00:00,59198.7,59412,59159.1,59289.4,5321.294
2024-08-17T14:00:00+00:00,59289.4,59557.9,59217,59499.9,4403.022
2024-08-17T15:00:00+00:00,59500,59638.8,59326.2,59357.6,5858.06
2024-08-17T16:00:00+00:00,59357.7,59690.2,59357.6,59582.5,4149.703
2024-08-17T17:00:00+00:00,59582.6,59642,59393.2,59399.3,3330.573
2024-08-17T18:00:00+00:00,59399.3,59445,59265.3,59387.2,3398.793
2024-08-17T19:00:00+00:00,59387.2,59518.6,59351,59446.3,1799.517
2024-08-17T20:00:00+00:00,59446.2,59473.5,59300,59364.6,1823.058
2024-08-17T21:00:00+00:00,59364.7,59406.6,59122.1,59279.1,2445.171
2024-08-17T22:00:00+00:00,59279.1,59320.8,59214.6,59286.7,1316.193
2024-08-17T23:00:00+00:00,59286.7,59474.4,59270.3,59468.5,1738.772
2024-08-18T00:00:00+00:00,59468.5,59722.6,59385.6,59646.8,4813.868
2024-08-18T01:00:00+00:00,59646.8,59663.2,59373,59407.4,3188.816
2024-08-18T02:00:00+00:00,59407.5,60242.2,59365.9,60102,12958.323
2024-08-18T03:00:00+00:00,60103.9,60249.8,59258.5,59308.5,13896.952
2024-08-18T04:00:00+00:00,59308.5,59469.8,59214,59429.4,5368.906
2024-08-18T05:00:00+00:00,59429.4,59666,59371.8,59455.3,4456.291
2024-08-18T06:00:00+00:00,59455.3,59600,59446.1,59563.6,1687.893
2024-08-18T07:00:00+00:00,59563.5,59625.6,59479,59545.4,2070.783
2024-08-18T08:00:00+00:00,59545.5,59691,59401.1,59675.6,3738.835
2024-08-18T09:00:00+00:00,59675.7,60099.7,59618.5,59850,8985.161
2024-08-18T10:00:00+00:00,59849.9,60177.4,59786.5,59832.2,10493.81
2024-08-18T11:00:00+00:00,59832.2,60012.6,59705.6,59991.3,6716.26
2024-08-18T12:00:00+00:00,59991.3,60250,59854.9,59944.7,6894.185
2024-08-18T13:00:00+00:00,59944.7,60199,59786.7,59794.1,5997.802
2024-08-18T14:00:00+00:00,59794.2,59942,59629.3,59777.1,6612.979
2024-08-18T15:00:00+00:00,59777,59900,59668,59828.8,2857.081
2024-08-18T16:00:00+00:00,59828.8,59916,59738.3,59808.1,2770.311
2024-08-18T17:00:00+00:00,59808,59833.3,59327.8,59496.8,9254.334
2024-08-18T18:00:00+00:00,59496.9,59594.8,59425.5,59564.8,2716.586
2024-08-18T19:00:00+00:00,59564.7,59736.6,59466.8,59671.9,3320.192
2024-08-18T20:00:00+00:00,59672,59847.5,59642.9,59784.5,2714.3
2024-08-18T21:00:00+00:00,59784.6,59786.9,59300,59412.6,3435.113
2024-08-18T22:00:00+00:00,59412.6,59556,59310,59315.1,3260.04
2024-08-18T23:00:00+00:00,59315.1,59379,58352,58390,21451.443
2024-08-19T00:00:00+00:00,58390.1,58673.2,58173.2,58307.8,19975.763
2024-08-19T01:00:00+00:00,58307.8,58587.2,58183,58525,8160.257
2024-08-19T02:00:00+00:00,58524.9,58712.5,58383,58631.4,4412.073
2024-08-19T03:00:00+00:00,58631.5,58736.6,58511.7,58696.6,4141.041
2024-08-19T04:00:00+00:00,58696.7,58710.6,58442.4,58548.5,4170.87
2024-08-19T05:00:00+00:00,58548.5,58588.5,58339.8,58447,4341.214
2024-08-19T06:00:00+00:00,58446.9,58634.3,58350,58539.9,3862.79
2024-08-19T07:00:00+00:00,58539.9,58724.8,58467.6,58475.5,4719.335
2024-08-19T08:00:00+00:00,58475.5,58628.5,58400,58580,3875.552
2024-08-19T09:00:00+00:00,58580,58648.7,57929.5,57977.2,15348.871
2024-08-19T10:00:00+00:00,57977.3,58169.7,57750,58016.1,13644.422
2024-08-19T11:00:00+00:00,58016.1,58480,57943.5,58360.9,8351.977
2024-08-19T12:00:00+00:00,58360.8,58482.7,58227,58382,6635.449
2024-08-19T13:00:00+00:00,58382.1,58945.4,58019.4,58176.7,25375.602
2024-08-19T14:00:00+00:00,58176.7,58618.7,58040.5,58587.5,14921.845
2024-08-19T15:00:00+00:00,58587.5,58748,58479.7,58505,9154.709
2024-08-19T16:00:00+00:00,58504.5,58685.7,58332,58670.2,7422.743
2024-08-19T17:00:00+00:00,58670.2,59262.9,58513.2,58991,17900.916
2024-08-19T18:00:00+00:00,58991,59211.5,58692.5,58975.5,8446.243
2024-08-19T19:00:00+00:00,58978.2,59106.6,58834,58933,5749.583
2024-08-19T20:00:00+00:00,58935.7,59319,58879.3,59048.2,6373.999
2024-08-19T21:00:00+00:00,59048.1,59217.5,58923,58936.1,4025.581
2024-08-19T22:00:00+00:00,58936.1,59233.4,58936.1,59203.1,3564.017
2024-08-19T23:00:00+00:00,59203.1,59585.4,59062.5,59398.5,9468.287
2024-08-20T00:00:00+00:00,59398.4,60663.8,59324.2,60454.6,28346.558
2024-08-20T01:00:00+00:00,60454.6,60887,60342,60415.3,14815.209
2024-08-20T02:00:00+00:00,60415.4,60529.1,60311,60491.4,4757.226
2024-08-20T03:00:00+00:00,60491.3,60594.1,60389.6,60588.6,3845.713
2024-08-20T04:00:00+00:00,60588.5,60997.9,60539,60840.9,12250.421
2024-08-20T05:00:00+00:00,60841,61386,60835,61088.9,14373.994
2024-08-20T06:00:00+00:00,61088.8,61113.9,60905,60929.1,5367.202
2024-08-20T07:00:00+00:00,60929.1,60982.1,60766.5,60899.9,6083.672
2024-08-20T08:00:00+00:00,60899.9,60921,60655,60732.9,6697.426
2024-08-20T09:00:00+00:00,60732.8,60949.7,60720.5,60833,4629.498
2024-08-20T10:00:00+00:00,60833,60850,60627,60682,3458.062
2024-08-20T11:00:00+00:00,60682,60711,60386.7,60494.9,8991.851
2024-08-20T12:00:00+00:00,60494.9,60735.2,60467.5,60663.8,6294.803
2024-08-20T13:00:00+00:00,60663.7,60920.5,60310.4,60850,15378.254
2024-08-20T14:00:00+00:00,60850,60875.4,59423.5,59438.7,46125.793
2024-08-20T15:00:00+00:00,59438.8,59471.9,58663.4,58783.7,41389.789
2024-08-20T16:00:00+00:00,58783.7,59008.7,58501.1,58759.1,15551.886
2024-08-20T17:00:00+00:00,58759.1,59030,58641.8,59007.4,7136.651
2024-08-20T18:00:00+00:00,59007.4,59444,58960.8,59157.6,12228.209
2024-08-20T19:00:00+00:00,59157.6,59574,59101.3,59482.5,6396.537
2024-08-20T20:00:00+00:00,59482.5,59689.5,59250,59282.4,6420.592
2024-08-20T21:00:00+00:00,59282.4,59305.9,58831.1,59255.1,8142.603
2024-08-20T22:00:00+00:00,59255,59526,59196.2,59334.1,4629.99
2024-08-20T23:00:00+00:00,59334,59370,58951.1,58982.9,3737.191
2024-08-21T00:00:00+00:00,58982.7,59250,58912.3,58959.1,5503.846
2024-08-21T01:00:00+00:00,58959,59259.7,58728.9,59251.5,6774.777
2024-08-21T02:00:00+00:00,59251.5,59489,59217.5,59336,4824.352
2024-08-21T03:00:00+00:00,59336.5,59393.9,59184.3,59290.3,3313.07
2024-08-21T04:00:00+00:00,59290.3,59382.3,59164.7,59330,2462.393
2024-08-21T05:00:00+00:00,59330,59380.7,59270,59356.4,2253.559
2024-08-21T06:00:00+00:00,59356.4,59721.2,59335.6,59600.7,7030.726
2024-08-21T07:00:00+00:00,59600.7,59715.5,59541.7,59689.2,5085.846
2024-08-21T08:00:00+00:00,59689.2,59893,59191.3,59414.1,13702.812
2024-08-21T09:00:00+00:00,59414.1,59477.6,59058,59253.7,8504.32
2024-08-21T10:00:00+00:00,59253.7,59460,59171.3,59438.1,4773.149
2024-08-21T11:00:00+00:00,59438.2,59479.6,59236,59332.4,3733.529
2024-08-21T12:00:00+00:00,59332.3,59584.6,59240.2,59480,7779.36
2024-08-21T13:00:00+00:00,59480,60098.1,58801.1,59904,26149.203
2024-08-21T14:00:00+00:00,59904,60192.3,59150,59381.6,43554.248
2024-08-21T15:00:00+00:00,59381.6,59753.8,59256.5,59486,12181.511
2024-08-21T16:00:00+00:00,59485.9,59924.2,59339.9,59853.9,9630.967
2024-08-21T17:00:00+00:00,59853.8,60020.8,59671.3,59902.9,6452.787
2024-08-21T18:00:00+00:00,59902.8,60800,59812.8,60734.5,22770.595
2024-08-21T19:00:00+00:00,60734.6,61600,60511.8,61538.1,30833.578
2024-08-21T20:00:00+00:00,61538.1,61793.9,60865.2,61204.3,21751.466
2024-08-21T21:00:00+00:00,61204.4,61466.5,60897,61206.4,9342.742
2024-08-21T22:00:00+00:00,61206.4,61474.7,61145.8,61145.9,5471.424
2024-08-21T23:00:00+00:00,61145.8,61250,60972,61120,6703.419
2024-08-22T00:00:00+00:00,61120,61184.7,60764.9,60791.4,6811.927
2024-08-22T01:00:00+00:00,60791.5,60974.6,60687.3,60940,6812.115
2024-08-22T02:00:00+00:00,60940,60944,59677.6,60144.7,20522.282
2024-08-22T03:00:00+00:00,60144.7,60598.2,60042,60514.9,11419.699
2024-08-22T04:00:00+00:00,60515,60832.8,60422.4,60795.2,7441.891
2024-08-22T05:00:00+00:00,60795.1,60795.2,60564.1,60689.1,4272.802
2024-08-22T06:00:00+00:00,60689,60925.6,60646.2,60740.1,5794.719
2024-08-22T07:00:00+00:00,60740,61128.8,60678,60946,5991.162
2024-08-22T08:00:00+00:00,60946,61092.2,60824,60890.7,6919.927
2024-08-22T09:00:00+00:00,60890.7,60944.3,60761.2,60850,4272.571
2024-08-22T10:00:00+00:00,60850.1,61392,60780,61317.5,9420.483
2024-08-22T11:00:00+00:00,61317.5,61359,61062.4,61297,7977.719
2024-08-22T12:00:00+00:00,61296.9,61364,60700,60851,19024.211
2024-08-22T13:00:00+00:00,60851.1,60895.9,60373.3,60777.4,18961.541
2024-08-22T14:00:00+00:00,60777.4,60818,60300,60475.9,15292.336
2024-08-22T15:00:00+00:00,60476,60822,60060.3,60370.9,18283.937
2024-08-22T16:00:00+00:00,60370.9,60554.9,60246.9,60301.4,8832.033
2024-08-22T17:00:00+00:00,60301.5,60484.7,60105.5,60134.7,7024.724
2024-08-22T18:00:00+00:00,60134.7,60542.3,60100,60296,7121.904
2024-08-22T19:00:00+00:00,60295.5,60411.2,60129.7,60272.7,5545.772
2024-08-22T20:00:00+00:00,60272.8,60660,60250,60637,6104.653
2024-08-22T21:00:00+00:00,60636.8,60673.1,60425.3,60513.6,2656.64
2024-08-22T22:00:00+00:00,60513.6,60564.5,60388.2,60408.7,2170.929
2024-08-22T23:00:00+00:00,60408.8,60439,60273.5,60349.9,2422.982
2024-08-23T00:00:00+00:00,60349.9,60990,60301.5,60695.9,10203.576
2024-08-23T01:00:00+00:00,60695.9,60828.4,60564.9,60727.9,4087.478
2024-08-23T02:00:00+00:00,60727.8,60781.9,60586.9,60598.8,2554.867
2024-08-23T03:00:00+00:00,60598.8,60665.8,60533.1,60565.1,2298.363
2024-08-23T04:00:00+00:00,60565,60696.8,60548.8,60683.2,2183.58
2024-08-23T05:00:00+00:00,60683.2,61078.8,60680,60829.1,10132.7
2024-08-23T06:00:00+00:00,60829.1,61370,60800.5,61163.6,9865.639
2024-08-23T07:00:00+00:00,61163.6,61237.3,60940.2,61045,6023.541
2024-08-23T08:00:00+00:00,61045,61310,61005.3,61296.9,6061.218
2024-08-23T09:00:00+00:00,61296.9,61317.7,60972,60995.1,6888.87
2024-08-23T10:00:00+00:00,60995.1,61140,60976.9,61020.1,3388.872
2024-08-23T11:00:00+00:00,61020.1,61054.4,60651.6,60710.2,10680.482
2024-08-23T12:00:00+00:00,60710.1,61194,60710.1,61115.1,8482.875
2024-08-23T13:00:00+00:00,61115.1,61149.2,60845.4,61092.3,7940.624
2024-08-23T14:00:00+00:00,61092.2,62307.6,60750,60951.6,83575.135
2024-08-23T15:00:00+00:00,60951.6,61755.7,60870.1,61499,26208.694
2024-08-23T16:00:00+00:00,61498.6,61800,61300,61698,13825.953
2024-08-23T17:00:00+00:00,61698,62999,61571.8,62966.3,35173.919
2024-08-23T18:00:00+00:00,62966,63397,62649.2,63117.5,38449.339
2024-08-23T19:00:00+00:00,63117.5,63794,62967,63577.2,27779.719
2024-08-23T20:00:00+00:00,63577.4,63770.8,63435.1,63580.7,9650.264
2024-08-23T21:00:00+00:00,63580.8,65000,63551.6,64350.1,26492.829
2024-08-23T22:00:00+00:00,64350.1,65000,63900,64068.8,19509.216
2024-08-23T23:00:00+00:00,64068.8,64299.7,63810,64019.9,11032.956
2024-08-24T00:00:00+00:00,64020,64168,63810,63941.1,7265.019
2024-08-24T01:00:00+00:00,63941.2,63984.5,63600,63808.2,7106.636
2024-08-24T02:00:00+00:00,63808.1,63981.8,63753.5,63909.2,3991.481
2024-08-24T03:00:00+00:00,63909.1,63962.5,63737.7,63800.1,3954.629
2024-08-24T04:00:00+00:00,63800,63950,63790.2,63859.3,3052.698
2024-08-24T05:00:00+00:00,63859.4,64000,63827.9,63958.6,4317.339
2024-08-24T06:00:00+00:00,63958.6,64266,63885.7,64019.6,6869.805
2024-08-24T07:00:00+00:00,64019.5,64298.9,64019.5,64269.3,4885.211
2024-08-24T08:00:00+00:00,64269.3,64440.6,64109,64382.8,5634.331
2024-08-24T09:00:00+00:00,64382.8,64472.5,64168.2,64306.9,5189.023
2024-08-24T10:00:00+00:00,64306.9,64358.8,64065.1,64099.9,4986.863
2024-08-24T11:00:00+00:00,64099.9,64164.5,63836.6,63881.7,7018.729
2024-08-24T12:00:00+00:00,63881.7,64179,63879.9,64060.4,4678.775
2024-08-24T13:00:00+00:00,64060.4,64222,63900,64199.4,5067.819
2024-08-24T14:00:00+00:00,64199.3,64206.6,63971.3,64151.1,3029.896
2024-08-24T15:00:00+00:00,64151.2,64151.2,63828,63943.3,6816.404
2024-08-24T16:00:00+00:00,63943.4,64400,63897.6,64258.4,10074.188
2024-08-24T17:00:00+00:00,64258.3,64265,63901.3,64018.4,5095.258
2024-08-24T18:00:00+00:00,64018.3,64414.2,63903,64191.8,7520.738
2024-08-24T19:00:00+00:00,64191.8,64349.4,64170,64170,1681.358
2024-08-24T20:00:00+00:00,64170.1,64306.2,64096.1,64097.4,1878.314
2024-08-24T21:00:00+00:00,64097.4,64147.5,63522.7,63584.2,11676.617
2024-08-24T22:00:00+00:00,63584.1,63951.2,63531.5,63794.4,7398.868
2024-08-24T23:00:00+00:00,63794.5,64129,63758.3,64116.5,3551.903
2024-08-25T00:00:00+00:00,64116.6,64549,64067.3,64143.2,10594.643
2024-08-25T01:00:00+00:00,64143.2,64340,63989.6,64109,5483.934
2024-08-25T02:00:00+00:00,64108.9,64239.3,64053.5,64110.7,2701.017
2024-08-25T03:00:00+00:00,64110.7,64150,63962.9,64065,4075.711
2024-08-25T04:00:00+00:00,64065,64132.4,63950,64120,2295.915
2024-08-25T05:00:00+00:00,64120.1,64164.3,64058.5,64110.4,2052.654
2024-08-25T06:00:00+00:00,64110.4,64141.8,63928.1,63967,2924.095
2024-08-25T07:00:00+00:00,63967.1,64013.9,63751,63835.4,7448.939
2024-08-25T08:00:00+00:00,63835.5,63990,63768.1,63909.8,3494.379
2024-08-25T09:00:00+00:00,63909.8,63958.5,63770,63833.6,3353.822
2024-08-25T10:00:00+00:00,63833.6,63906.5,63731.3,63848.5,3349.801
2024-08-25T11:00:00+00:00,63848.4,63987,63843.1,63851.7,2762.854
2024-08-25T12:00:00+00:00,63851.7,63917,63777,63901.4,2206.235
2024-08-25T13:00:00+00:00,63901.4,64145.8,63825.2,64048.1,6784.897
2024-08-25T14:00:00+00:00,64048,64237.7,64048,64122.3,4399.428
2024-08-25T15:00:00+00:00,64122.3,64270,64051,64099.9,3494.911
2024-08-25T16:00:00+00:00,64099.9,64177.6,63950,64007.7,3292.685
2024-08-25T17:00:00+00:00,64007.7,64134.5,63989,64112.8,1930.136
2024-08-25T18:00:00+00:00,64112.9,64226.2,64040,64138.3,2120.305
2024-08-25T19:00:00+00:00,64138.3,64184.4,64105.7,64152.2,1143.657
2024-08-25T20:00:00+00:00,64152.3,64245.8,64098.6,64182,2173.915
2024-08-25T21:00:00+00:00,64181.9,64550,64175.2,64358.9,6997.656
2024-08-25T22:00:00+00:00,64359,64599.7,64237.7,64444.8,6146.993
2024-08-25T23:00:00+00:00,64444.8,65175.4,64158.7,64190.2,24318.306
2024-08-26T00:00:00+00:00,64190.1,64455.8,63836.5,64068,9853.872
2024-08-26T01:00:00+00:00,64068.1,64169.2,63843,63893.4,4919.149
2024-08-26T02:00:00+00:00,63893.3,64049.1,63711.2,64033,5763.158
2024-08-26T03:00:00+00:00,64033,64100,63970.7,64089.5,2662.487
2024-08-26T04:00:00+00:00,64089.5,64183.2,63928.6,64000.7,3172.535
2024-08-26T05:00:00+00:00,64000.7,64027.5,63856,63928.5,2564.999
2024-08-26T06:00:00+00:00,63928.5,64000,63569.9,63705,8640.135
2024-08-26T07:00:00+00:00,63705.1,63843.6,63541.9,63603.2,6844.343
2024-08-26T08:00:00+00:00,63603.3,63842.3,63567.8,63713.9,4653.208
2024-08-26T09:00:00+00:00,63713.9,63850,63074.5,63834.3,13165.974
2024-08-26T10:00:00+00:00,63834.2,64022.2,63690,63737.5,10783.983
2024-08-26T11:00:00+00:00,63737.5,63970,63698.8,63816.6,4931.394
2024-08-26T12:00:00+00:00,63816.6,63934.7,63429,63612.2,9171.058
2024-08-26T13:00:00+00:00,63612.1,63855,63455.8,63735.9,11060.606
2024-08-26T14:00:00+00:00,63736,63849.5,63110.1,63462.2,22985.447
2024-08-26T15:00:00+00:00,63462.2,63610,63032,63493,11771.153
2024-08-26T16:00:00+00:00,63493,63798.9,63377.6,63671.7,7908.54
2024-08-26T17:00:00+00:00,63671.7,63859.2,63157,63343.1,11376.345
2024-08-26T18:00:00+00:00,63343,63682.7,63138.4,63610,10328.579
2024-08-26T19:00:00+00:00,63610,63672,63225.8,63305,5561.627
2024-08-26T20:00:00+00:00,63305,63536.1,63166,63384.9,5415.466
2024-08-26T21:00:00+00:00,63384.9,63397,62797,63115.2,11111.586
2024-08-26T22:00:00+00:00,63115.3,63252,62857,62939.9,6009.476
2024-08-26T23:00:00+00:00,62939.9,63150,62750.2,62807.6,5322.102
2024-08-27T00:00:00+00:00,62807.7,63028,62618,62690.1,8456.979
2024-08-27T01:00:00+00:00,62690.2,63196,62664.5,62962.2,10841.638
2024-08-27T02:00:00+00:00,62962.2,63169.5,62850,62868.4,3864.856
2024-08-27T03:00:00+00:00,62869.6,62988,62683,62947.2,6542.626
2024-08-27T04:00:00+00:00,62947.1,63073.2,62881.8,63011.4,3490.651
2024-08-27T05:00:00+00:00,63011.4,63178.7,63011.3,63113.8,5551.037
2024-08-27T06:00:00+00:00,63113.8,63120,62688.5,62740.8,7344.974
2024-08-27T07:00:00+00:00,62740.7,62936.6,62736.2,62882,4014.414
2024-08-27T08:00:00+00:00,62881.9,62987.1,62666,62786.2,5321.504
2024-08-27T09:00:00+00:00,62786.1,62930,62504.7,62650.8,10032.616
2024-08-27T10:00:00+00:00,62650.8,62650.8,62208.9,62303,16742.701
2024-08-27T11:00:00+00:00,62303.1,62523.9,62200.2,62392.5,7022.249
2024-08-27T12:00:00+00:00,62392.4,62459.4,62091.5,62400.1,9500.407
2024-08-27T13:00:00+00:00,62400,62485.2,62100,62208.6,13450.282
2024-08-27T14:00:00+00:00,62208.7,62267.7,61765.6,61815.1,30718.778
2024-08-27T15:00:00+00:00,61815.1,61952.6,61426.1,61673.3,23045.864
2024-08-27T16:00:00+00:00,61673.4,61959,61502.6,61532,15055.044
2024-08-27T17:00:00+00:00,61532.6,61906.1,61484.3,61906.1,6480.718
2024-08-27T18:00:00+00:00,61906,62114,61853,62061.7,6926.268
2024-08-27T19:00:00+00:00,62061.7,62165,61850,62071.8,5175.112
2024-08-27T20:00:00+00:00,62071.8,62075,61815.2,61838.7,3105.649
2024-08-27T21:00:00+00:00,61838.8,61930.5,59581.7,60379.6,44882.983
2024-08-27T22:00:00+00:00,60379.6,60380.6,57928.2,59467.6,72779.207
2024-08-27T23:00:00+00:00,59467.7,59757.7,59104.5,59384.5,18923.248
2024-08-28T00:00:00+00:00,59384.4,59416.6,58955,59050,15137.459
2024-08-28T01:00:00+00:00,59050.1,59422.5,58872.3,59344,12223.881
2024-08-28T02:00:00+00:00,59343,59398.8,59160.7,59305.9,5434.805
2024-08-28T03:00:00+00:00,59305.8,59625,59270.6,59597.3,5546.231
2024-08-28T04:00:00+00:00,59597.3,59640,59254.1,59306.5,5336.088
2024-08-28T05:00:00+00:00,59306.4,59465.3,59222.1,59266.9,4866.59
2024-08-28T06:00:00+00:00,59267,59336.2,59097.2,59163.2,5143.849
2024-08-28T07:00:00+00:00,59163.3,59255.7,58475.2,58579,14623.172
2024-08-28T08:00:00+00:00,58579,59272.9,58510,59197.1,11891.428
2024-08-28T09:00:00+00:00,59197.1,60197.8,59110,60157.6,17350.914
2024-08-28T10:00:00+00:00,60166.3,60186,59653.9,59732.2,12568.774
2024-08-28T11:00:00+00:00,59732.2,60078,59650,59900.1,8114.585
2024-08-28T12:00:00+00:00,59900.2,60131,59855.1,59917.1,7650.409
2024-08-28T13:00:00+00:00,59917.1,59985.8,59268.3,59315.4,16385.18
2024-08-28T14:00:00+00:00,59315.4,59920,58894,59162.1,24816.786
2024-08-28T15:00:00+00:00,59162,59162,58400,58963.4,26862.096
2024-08-28T16:00:00+00:00,58963.4,59184.7,57820,59158.3,38149.352
2024-08-28T17:00:00+00:00,59158.3,59225.8,58600,58620.1,14972.143
2024-08-28T18:00:00+00:00,58620.1,59486,58561,59458,13704.857
2024-08-28T19:00:00+00:00,59457.9,59794.7,58781.3,58871.1,15490.33
2024-08-28T20:00:00+00:00,58871,59579.8,58602.6,59284.5,22711.071
2024-08-28T21:00:00+00:00,59284.5,59465.9,59028,59086.5,5425.387
2024-08-28T22:00:00+00:00,59086.6,59223.1,58811,59167.3,6321.198
2024-08-28T23:00:00+00:00,59167.2,59174.4,58951.9,59010,3061.982
2024-08-29T00:00:00+00:00,59010,59218.6,58888.7,59180.6,5162.716
2024-08-29T01:00:00+00:00,59180.7,59300,58834,58970.2,5531.451
2024-08-29T02:00:00+00:00,58970.3,59164,58895.6,59106.4,3674.557
2024-08-29T03:00:00+00:00,59106.4,59167.6,58996.4,59113,2550.802
2024-08-29T04:00:00+00:00,59113.4,59189,59040.8,59164.2,2543.912
2024-08-29T05:00:00+00:00,59164.1,59438.1,59109.6,59406.4,5553.57
2024-08-29T06:00:00+00:00,59406.4,59734.1,59335,59533.8,8224.071
2024-08-29T07:00:00+00:00,59533.8,59655.9,59470,59548.9,3167.867
2024-08-29T08:00:00+00:00,59548.9,59605.5,59340,59518.1,4830.072
2024-08-29T09:00:00+00:00,59518.1,59748,59511,59557.1,5266.821
2024-08-29T10:00:00+00:00,59557.1,59829.9,59537.9,59647.2,5205.407
2024-08-29T11:00:00+00:00,59647.1,60450,59582,60040,19223.578
2024-08-29T12:00:00+00:00,60040,60480,59956.3,60293.2,12388.867
2024-08-29T13:00:00+00:00,60293.1,60649,60140.1,60603.1,15668.891
2024-08-29T14:00:00+00:00,60603.7,60920,60404,60780.9,17458.637
2024-08-29T15:00:00+00:00,60780.8,61144.9,60699.3,60750.9,16410.877
2024-08-29T16:00:00+00:00,60750.9,60930,60205,60267,14530.382
2024-08-29T17:00:00+00:00,60267,60556.1,60147,60502,8606.314
2024-08-29T18:00:00+00:00,60501.1,60520,58876.8,59130,33558.525
2024-08-29T19:00:00+00:00,59130,59667.4,58900.3,59237,17318.238
2024-08-29T20:00:00+00:00,59236.9,59496.9,59200,59496.9,5848.194
2024-08-29T21:00:00+00:00,59496.8,59614.5,59402.1,59470,3129.753
2024-08-29T22:00:00+00:00,59470.1,59470.1,58655,59182.4,14871.025
2024-08-29T23:00:00+00:00,59182.5,59369.5,59101.7,59323.2,3172.158
2024-08-30T00:00:00+00:00,59323.3,59468,59100,59180,5715.163
2024-08-30T01:00:00+00:00,59180,59280.1,58918.6,59190.1,6761.62
2024-08-30T02:00:00+00:00,59190,59327.8,59030,59172,3821.049
2024-08-30T03:00:00+00:00,59172,59182.8,58862.2,59001,6469.436
2024-08-30T04:00:00+00:00,59001.1,59131.2,58979,58984.9,3055.177
2024-08-30T05:00:00+00:00,58985,58997,58650,58760.8,8525.815
2024-08-30T06:00:00+00:00,58761,59351.6,58681.7,59331.7,9986.519
2024-08-30T07:00:00+00:00,59331.6,59558,59200,59235.9,10230.367
2024-08-30T08:00:00+00:00,59236,59550,59235.9,59418.8,5860.225
2024-08-30T09:00:00+00:00,59418.8,59628.6,59383.8,59547.6,5941.948
2024-08-30T10:00:00+00:00,59547.7,59637.4,59388,59548.6,4714.666
2024-08-30T11:00:00+00:00,59548.5,59614,59289.5,59367,6299.861
2024-08-30T12:00:00+00:00,59367,59914.9,59341.1,59510,15487.53
2024-08-30T13:00:00+00:00,59510,59647,58879,59629.9,19174.06
2024-08-30T14:00:00+00:00,59630,59820,58410.1,58430.4,32808.021
2024-08-30T15:00:00+00:00,58430.4,58665.5,57901.2,58073.1,39087.599
2024-08-30T16:00:00+00:00,58073.7,58568.3,57525,58517.2,27984.586
2024-08-30T17:00:00+00:00,58517.3,58798.8,58372.4,58602.6,12991.605
2024-08-30T18:00:00+00:00,58602.6,59345.8,58593.2,59339.9,18051.743
2024-08-30T19:00:00+00:00,59339.9,59340,58670,58670.1,10292.656
2024-08-30T20:00:00+00:00,58670,59024.4,58668.8,59018,4704.485
2024-08-30T21:00:00+00:00,59018,59126.9,58930.8,59025,3308.745
2024-08-30T22:00:00+00:00,59025,59283.1,59010,59199.9,5123.357
2024-08-30T23:00:00+00:00,59200,59246,59051.1,59096.3,1880.236
2024-08-31T00:00:00+00:00,59096.4,59436,59028,59210.9,6181.043
2024-08-31T01:00:00+00:00,59210.9,59311,59142.5,59250,2179.379
2024-08-31T02:00:00+00:00,59250,59267,59110.8,59169,2071.149
2024-08-31T03:00:00+00:00,59169,59222.2,59100.6,59199.9,1526.879
2024-08-31T04:00:00+00:00,59200,59321.8,59181.4,59313.7,1885.693
2024-08-31T05:00:00+00:00,59313.7,59313.8,59177.7,59184.8,1759.756
2024-08-31T06:00:00+00:00,59184.8,59241,59124.4,59127.9,1771.577
2024-08-31T07:00:00+00:00,59128,59165,59044,59060.8,3142.3
2024-08-31T08:00:00+00:00,59060.8,59107.6,58944.4,58947.1,3172.001
2024-08-31T09:00:00+00:00,58947.2,59000,58795.4,58881,4656.96
2024-08-31T10:00:00+00:00,58880.9,59134.3,58842.7,59104,3229.015
2024-08-31T11:00:00+00:00,59104,59153,59068.1,59093.1,2263.583
2024-08-31T12:00:00+00:00,59093.1,59214.9,59038.2,59153.7,3246.139
2024-08-31T13:00:00+00:00,59153.7,59215.8,58903.4,58926.1,3701.982
2024-08-31T14:00:00+00:00,58926,59137.5,58860,59098.5,3757.882
2024-08-31T15:00:00+00:00,59098.5,59133.8,58936.6,58983.7,2716.197
2024-08-31T16:00:00+00:00,58983.8,59009.9,58817.8,58939.9,2947.126
2024-08-31T17:00:00+00:00,58940,59011.4,58700,58981.5,4677.239
2024-08-31T18:00:00+00:00,58981.5,59108.3,58831.6,58889.3,4364.305
2024-08-31T19:00:00+00:00,58889.2,58914,58797.2,58834.2,1941.317
2024-08-31T20:00:00+00:00,58834.3,58950,58756,58917.8,2302.605
2024-08-31T21:00:00+00:00,58917.7,59107.5,58892.1,59026.7,2052.234
2024-08-31T22:00:00+00:00,59026.6,59100,58976.9,58999,1354.277
2024-08-31T23:00:00+00:00,58998.9,59035.5,58897.1,58941.9,1966.036
2024-09-01T00:00:00+00:00,58941.9,59052.7,58872,58905.4,1896.832
2024-09-01T01:00:00+00:00,58905.3,58934.9,58800,58804.1,1978.701
2024-09-01T02:00:00+00:00,58804.1,58830.8,58250,58513.1,12370.124
2024-09-01T03:00:00+00:00,58513.1,58652.9,58352.7,58501.6,4842.38
2024-09-01T04:00:00+00:00,58501.6,58575.7,58320.2,58410.9,4410.898
2024-09-01T05:00:00+00:00,58411,58440,57728.6,57951,19787.1
2024-09-01T06:00:00+00:00,57951,58266.4,57915,58162.9,5991.155
2024-09-01T07:00:00+00:00,58162.9,58463.8,58098.9,58444.1,6787.334
2024-09-01T08:00:00+00:00,58444.1,58469.9,58168.3,58207,4958.427
2024-09-01T09:00:00+00:00,58207,58370,58112,58176,4002.89
2024-09-01T10:00:00+00:00,58176,58196.3,57858.1,57899,7714.55
2024-09-01T11:00:00+00:00,57898.9,58212,57800,58208,7102.736
2024-09-01T12:00:00+00:00,58208.1,58286,57880,57984.4,6694.907
2024-09-01T13:00:00+00:00,57984.5,58191,57651,58136.5,12309.319
2024-09-01T14:00:00+00:00,58136.5,58148.9,57123,57847.2,32745.018
2024-09-01T15:00:00+00:00,57847.2,58345.3,57707.6,58184.1,13100.737
2024-09-01T16:00:00+00:00,58184.1,58319.9,58044,58099.9,6572.298
2024-09-01T17:00:00+00:00,58099.9,58174.2,57834,58090.2,5324.432
2024-09-01T18:00:00+00:00,58090.1,58787.2,58083.7,58502.5,13263.805
2024-09-01T19:00:00+00:00,58502.5,58740,58253,58480.8,6731.908
2024-09-01T20:00:00+00:00,58480.8,58626.3,58342.8,58391.7,3547.668
2024-09-01T21:00:00+00:00,58391.7,58401,58056,58312.7,3573.152
2024-09-01T22:00:00+00:00,58312.8,58391.7,57210,57273,23838.34
2024-09-01T23:00:00+00:00,57273,57580.6,57161.1,57268.1,13365.203
2024-09-02T00:00:00+00:00,57268.1,57623.8,57093,57443.7,14440.243
2024-09-02T01:00:00+00:00,57443.8,57557.9,57205.8,57390.6,7835.656
2024-09-02T02:00:00+00:00,57390.6,57691.3,57259.6,57471.3,9878.202
2024-09-02T03:00:00+00:00,57471.2,57735,57463,57708.7,8363.758
2024-09-02T04:00:00+00:00,57708.6,57745,57422.2,57431.1,4545.571
2024-09-02T05:00:00+00:00,57431.2,57966.9,57423,57751.9,6898.207
2024-09-02T06:00:00+00:00,57751.9,57859.7,57642.6,57661,3913.687
2024-09-02T07:00:00+00:00,57661,57767.3,57316.6,57523.2,7031.168
2024-09-02T08:00:00+00:00,57523.3,58287.4,57487.7,58026.4,16804.026
2024-09-02T09:00:00+00:00,58026.3,58447.2,57873.6,58365.4,12906.711
2024-09-02T10:00:00+00:00,58367,58563.8,58253.1,58468,11151.048
2024-09-02T11:00:00+00:00,58467.5,58639,58318.1,58396,8630.746
2024-09-02T12:00:00+00:00,58395.9,58483,58218.3,58356,6703.771
2024-09-02T13:00:00+00:00,58355.5,58466,58125,58154.1,6857.891
2024-09-02T14:00:00+00:00,58154.1,58783,58075,58579.8,17216.106
2024-09-02T15:00:00+00:00,58579.8,58720,58461.5,58508,6354.625
2024-09-02T16:00:00+00:00,58508,58633.7,58271.8,58316.7,5108.978
2024-09-02T17:00:00+00:00,58316.7,58540.4,58267.4,58492.8,4057.359
2024-09-02T18:00:00+00:00,58492.7,58645.4,58291.8,58464.2,4304.536
2024-09-02T19:00:00+00:00,58464.1,58537.8,58372.7,58418.8,1858.215
2024-09-02T20:00:00+00:00,58418.8,59258.5,58354.8,58962.1,11987.577
2024-09-02T21:00:00+00:00,58962.1,59258.3,58857,59017.1,10777.352
2024-09-02T22:00:00+00:00,59017,59329.8,58974.4,59315.6,6691.116
2024-09-02T23:00:00+00:00,59315.7,59412.3,59040,59112.1,6901.835
2024-09-03T00:00:00+00:00,59112.2,59229.6,59000,59228.6,5643.339
2024-09-03T01:00:00+00:00,59228.6,59382.2,59155.5,59349.9,6125.99
2024-09-03T02:00:00+00:00,59349.9,59790,59276,59280.1,15791.759
2024-09-03T03:00:00+00:00,59280,59302,59050,59087.9,5674.132
2024-09-03T04:00:00+00:00,59087.9,59215,58974,59076.1,6441.562
2024-09-03T05:00:00+00:00,59076,59236.7,58970,59166.6,4767.933
2024-09-03T06:00:00+00:00,59166.6,59166.7,58838.1,58870.1,7014.699
2024-09-03T07:00:00+00:00,58870.1,59112,58850.5,59078,3722.702
2024-09-03T08:00:00+00:00,59078,59108.1,58668.5,58756,7652.553
2024-09-03T09:00:00+00:00,58755.4,58936.4,58750,58840,3865.64
2024-09-03T10:00:00+00:00,58840.1,59174.8,58800,59051.3,5875.731
2024-09-03T11:00:00+00:00,59051.3,59080,58913,59038.6,2878.098
2024-09-03T12:00:00+00:00,59038.5,59332.9,59025,59105,6915.571
2024-09-03T13:00:00+00:00,59105,59294.1,58150,58371.4,28208.317
2024-09-03T14:00:00+00:00,58371.4,58371.4,57530.1,57651.6,37967.309
2024-09-03T15:00:00+00:00,57651.6,57993,57600,57695.1,15750.247
2024-09-03T16:00:00+00:00,57695.1,57900,57630,57678.1,9717.155
2024-09-03T17:00:00+00:00,57678,58081.3,57650.7,57670.9,11294.704
2024-09-03T18:00:00+00:00,57670.8,58030.7,57560.7,57897.4,11555.769
2024-09-03T19:00:00+00:00,57897.1,58250,57819,58020.9,10427.886
2024-09-03T20:00:00+00:00,58021,58217.6,58020.9,58203.1,4307.129
2024-09-03T21:00:00+00:00,58203.1,58215.5,57924.3,58094.8,4603.456
2024-09-03T22:00:00+00:00,58094.8,58157,57829.6,57840.1,4847.495
2024-09-03T23:00:00+00:00,57840.1,57880,57320,57451.9,9147.321
2024-09-04T00:00:00+00:00,57452,57920,57093.6,57105.1,17122.093
2024-09-04T01:00:00+00:00,57105.1,57130.6,55555,56750.9,62096.321
2024-09-04T02:00:00+00:00,56750.9,56798,56500.3,56616.1,9454.26
2024-09-04T03:00:00+00:00,56616,56818,56576.6,56632.9,7887.256
2024-09-04T04:00:00+00:00,56632.9,56709.5,56528.2,56674.9,4562.011
2024-09-04T05:00:00+00:00,56674.9,56674.9,56107.9,56223.1,10373.283
2024-09-04T06:00:00+00:00,56223.1,56498.7,56203.2,56248.3,9823.619
2024-09-04T07:00:00+00:00,56248.2,56847.2,56220,56717,11401.907
2024-09-04T08:00:00+00:00,56717.1,56871.5,56632,56749.7,5974.448
2024-09-04T09:00:00+00:00,56749.7,56828.8,56561,56580.1,6139.906
2024-09-04T10:00:00+00:00,56580.1,56672.6,56425,56429.3,7296.482
2024-09-04T11:00:00+00:00,56429.4,56650,56411.6,56536.2,4756.002
2024-09-04T12:00:00+00:00,56536.1,56736.7,56451.7,56575,5803.576
2024-09-04T13:00:00+00:00,56575,56670.6,56289.8,56466.4,14051.77
2024-09-04T14:00:00+00:00,56466.4,57561.7,56154,57476.3,40521.379
2024-09-04T15:00:00+00:00,57476.3,58137.7,57322.4,58096.2,38424.077
2024-09-04T16:00:00+00:00,58096,58500,58075.7,58374.5,23661.839
2024-09-04T17:00:00+00:00,58374.6,58450,57800,57856.1,14512.112
2024-09-04T18:00:00+00:00,57856.1,57976.9,57615.9,57660.3,7627.466
2024-09-04T19:00:00+00:00,57660.2,58141.9,57634.5,58029.8,7400.734
2024-09-04T20:00:00+00:00,58029.8,58162.6,57781.3,58020.3,6354.398
2024-09-04T21:00:00+00:00,58020.3,58100.5,57915.8,58078,2010.081
2024-09-04T22:00:00+00:00,58078.1,58371.7,58008.9,58107.8,5832.776
2024-09-04T23:00:00+00:00,58107.8,58210.4,57860.6,57944.8,3895.515
2024-09-05T00:00:00+00:00,57944.8,58318.9,57927.9,57978.5,6362.141
2024-09-05T01:00:00+00:00,57978.6,58235.5,57922.5,58000.1,4992.722
2024-09-05T02:00:00+00:00,58000.2,58044,57630,57673.3,7134.563
2024-09-05T03:00:00+00:00,57673.3,57674.5,56869.4,57104.1,25210.727
2024-09-05T04:00:00+00:00,57104.1,57265,57045,57179.4,7157.853
2024-09-05T05:00:00+00:00,57179.4,57233.5,57000,57165,4447.622
2024-09-05T06:00:00+00:00,57165,57199,56500.8,56882.7,15368.884
2024-09-05T07:00:00+00:00,56882.8,57222.1,56800,57127,9316.134
2024-09-05T08:00:00+00:00,57126.9,57217.5,56923.9,56984,6337.592
2024-09-05T09:00:00+00:00,56984.1,56991.9,56591,56768,10884.344
2024-09-05T10:00:00+00:00,56768,56827.4,56626.9,56745.9,6527.142
2024-09-05T11:00:00+00:00,56745.9,56842.8,56628,56666.1,5113.919
2024-09-05T12:00:00+00:00,56666.1,56824.9,56259.3,56639,20453.873
2024-09-05T13:00:00+00:00,56638.9,57150,56540.2,57007.4,21271.75
2024-09-05T14:00:00+00:00,57007.3,57300,56442.4,56528.9,32764.975
2024-09-05T15:00:00+00:00,56528.9,56680,55779.1,55947,40319.171
2024-09-05T16:00:00+00:00,55947,56394,55924.9,56307.2,13091.794
2024-09-05T17:00:00+00:00,56307.2,56591.2,56172.9,56577,10168.721
2024-09-05T18:00:00+00:00,56576.9,56688.9,56471,56514.4,5783.039
2024-09-05T19:00:00+00:00,56514.4,56543.9,55760,56026,17163.641
2024-09-05T20:00:00+00:00,56025.2,56232.8,55981.5,56065.3,6049.495
2024-09-05T21:00:00+00:00,56065.1,56230.7,55600,56120.4,9595.264
2024-09-05T22:00:00+00:00,56120.4,56207.6,55751,56074.3,6099.426
2024-09-05T23:00:00+00:00,56074.2,56184,55952,56145.7,3088.8
2024-09-06T00:00:00+00:00,56145.7,56313.5,55955.1,56146.9,7163.144
2024-09-06T01:00:00+00:00,56146.8,56590,55958.3,56526.8,8551.846
2024-09-06T02:00:00+00:00,56526.7,56836.7,56466.2,56707.2,9785.614
2024-09-06T03:00:00+00:00,56707.3,56811,56501,56553.7,5766.453
2024-09-06T04:00:00+00:00,56553.7,56717.8,56553.7,56566,3199.128
2024-09-06T05:00:00+00:00,56566,56644,56271.2,56464.9,6566.152
2024-09-06T06:00:00+00:00,56464.9,56494.9,56250,56400,4979.979
2024-09-06T07:00:00+00:00,56400.1,56416.8,55250,55766.3,33902.21
2024-09-06T08:00:00+00:00,55766.3,55910.8,55607.3,55758.1,10871.092
2024-09-06T09:00:00+00:00,55758.1,55902,55646.1,55863,5884.964
2024-09-06T10:00:00+00:00,55863.5,56244.1,55857.7,56150.7,9967.441
2024-09-06T11:00:00+00:00,56150.7,56230.1,55785.9,55972.1,10564.808
2024-09-06T12:00:00+00:00,55972.1,56915.4,55632.5,56831.4,40105.15
2024-09-06T13:00:00+00:00,56831.3,57000,55812.2,55873.7,37148.887
2024-09-06T14:00:00+00:00,55873.7,55919.4,54369.9,54709.3,72531.443
2024-09-06T15:00:00+00:00,54709.2,54975,53780.9,54022.1,49868.977
2024-09-06T16:00:00+00:00,54022.1,54229.5,53580,54050,27416.048
2024-09-06T17:00:00+00:00,54050.1,54414,53649.1,53919,21983.701
2024-09-06T18:00:00+00:00,53915.8,53973.1,53333,53333,20523.155
2024-09-06T19:00:00+00:00,53333.1,53974.6,53235.7,53515.3,25905.367
2024-09-06T20:00:00+00:00,53515.3,53779.6,52600.6,52868.9,32041.67
2024-09-06T21:00:00+00:00,52869,53740,52510.8,53740,21005.856
2024-09-06T22:00:00+00:00,53740,53831.1,53577.5,53611.9,7828.807
2024-09-06T23:00:00+00:00,53611.9,53938.9,53578,53927.7,5501.221
2024-09-07T00:00:00+00:00,53927.7,54082.2,53858,53886.1,5910.906
2024-09-07T01:00:00+00:00,53886,53970,53725,53789.4,4313.554
2024-09-07T02:00:00+00:00,53789.4,53920.6,53727.5,53778.1,3470.373
2024-09-07T03:00:00+00:00,53778.1,53850,53760.4,53789.2,2414.848
2024-09-07T04:00:00+00:00,53789.3,54029.1,53780.1,54024.5,3487.047
2024-09-07T05:00:00+00:00,54024.5,54345.6,53973.3,54147.1,10221.227
2024-09-07T06:00:00+00:00,54147.1,54345.2,53995.3,54281.5,7449.442
2024-09-07T07:00:00+00:00,54281.6,54369.7,54151.9,54258.1,5728.732
2024-09-07T08:00:00+00:00,54258,54363.2,54159.7,54339,4149.102
2024-09-07T09:00:00+00:00,54340.3,54395.5,54143.5,54218.5,4519.164
2024-09-07T10:00:00+00:00,54218.6,54432.9,54215,54314.9,4060.08
2024-09-07T11:00:00+00:00,54315,54472.8,54241.1,54298.9,4204.361
2024-09-07T12:00:00+00:00,54299,54641.6,54298.9,54544.3,6770.729
2024-09-07T13:00:00+00:00,54544.4,54630,54363.4,54521.9,5268.679
2024-09-07T14:00:00+00:00,54521.9,54675.7,54455.5,54595.8,4656.907
2024-09-07T15:00:00+00:00,54595.9,54800,54561.3,54746.6,6456.115
2024-09-07T16:00:00+00:00,54746.7,54820.2,54412.2,54439.7,7429.348
2024-09-07T17:00:00+00:00,54439.6,54509.8,53969,54110.3,9676.164
2024-09-07T18:00:00+00:00,54110.3,54374,54010,54268.9,6184.471
2024-09-07T19:00:00+00:00,54268.8,54438.7,54207.2,54375,3269.328
2024-09-07T20:00:00+00:00,54375.1,54415.4,54135,54138.4,3050.558
2024-09-07T21:00:00+00:00,54138.4,54167.7,53830.9,53906.1,6132.788
2024-09-07T22:00:00+00:00,53906.1,54063.9,53840.1,53931,3117.84
2024-09-07T23:00:00+00:00,53930.9,54200,53778.1,54134.9,5744.831
2024-09-08T00:00:00+00:00,54134.9,54162,53937,54114.3,4109.569
2024-09-08T01:00:00+00:00,54114.4,54367.8,54102,54246.9,4689.837
2024-09-08T02:00:00+00:00,54246.9,54478.9,54244.6,54309.8,5418.203
2024-09-08T03:00:00+00:00,54309.9,54377.6,54230,54371.5,2167.87
2024-09-08T04:00:00+00:00,54371.5,54544.8,54335,54464.6,4001.659
2024-09-08T05:00:00+00:00,54464.6,54495.7,54301,54315.8,3101.903
2024-09-08T06:00:00+00:00,54315.7,54397,54232.1,54268,2391.163
2024-09-08T07:00:00+00:00,54268.1,54513.5,54267.8,54411.5,4487.823
2024-09-08T08:00:00+00:00,54411.5,54463.1,54322.9,54455.8,2732.673
2024-09-08T09:00:00+00:00,54455.8,54700,54418.1,54418.1,7085.996
2024-09-08T10:00:00+00:00,54418.1,54613,54408.8,54573.9,2786.654
2024-09-08T11:00:00+00:00,54574,54644.1,54479.1,54528.6,2763.681
2024-09-08T12:00:00+00:00,54528.7,54544,54066.3,54167.5,10080.71
2024-09-08T13:00:00+00:00,54167.4,54375.1,54042.5,54360,7557.088
2024-09-08T14:00:00+00:00,54359.9,54417.1,54010.5,54110,8043.41
2024-09-08T15:00:00+00:00,54110,54166.8,53610,53663.6,16086.448
2024-09-08T16:00:00+00:00,53663.4,53998.9,53596.5,53883.8,8896.37
2024-09-08T17:00:00+00:00,53883.7,54485,53875.8,54470,9173.154
2024-09-08T18:00:00+00:00,54470.1,54497.4,54244.1,54381,4643.35
2024-09-08T19:00:00+00:00,54381,54445.8,54274.7,54301.3,2846.072
2024-09-08T20:00:00+00:00,54301.3,54354.8,54130.3,54351,3459.325
2024-09-08T21:00:00+00:00,54351,54599.9,54289.9,54430.9,5327.444
2024-09-08T22:00:00+00:00,54430.9,55300,54335,54500.5,30964.518
2024-09-08T23:00:00+00:00,54500.5,54944,54410.4,54839.6,9263.616
2024-09-09T00:00:00+00:00,54839.6,55177.2,54650.2,55007,11329.717
2024-09-09T01:00:00+00:00,55007,55351.4,54862.6,55071.9,11349.721
2024-09-09T02:00:00+00:00,55071.9,55107.5,54811.7,55073.4,4857.66
2024-09-09T03:00:00+00:00,55073.5,55185.1,54754.6,55084.9,7319.299
2024-09-09T04:00:00+00:00,55085,55118.3,54819.6,54822,5556.392
2024-09-09T05:00:00+00:00,54822,54901.8,54557,54645,8818.219
2024-09-09T06:00:00+00:00,54645,54950.5,54617,54872.7,5436.445
2024-09-09T07:00:00+00:00,54872.6,54983.5,54710,54939.1,5333.48
2024-09-09T08:00:00+00:00,54939,55300,54920.7,55219,10845.442
2024-09-09T09:00:00+00:00,55218.9,55549,55063.4,55127.7,12261.144
2024-09-09T10:00:00+00:00,55127.7,55431.2,55064,55336,7726.997
2024-09-09T11:00:00+00:00,55336,55359.2,55134.4,55236.8,4787.602
2024-09-09T12:00:00+00:00,55236.7,55330,54928.8,55318,10430.193
2024-09-09T13:00:00+00:00,55318,55774.9,55222.7,55652.2,23112.067
2024-09-09T14:00:00+00:00,55652.2,55724.9,54755,54806,27446.389
2024-09-09T15:00:00+00:00,54806,55442,54800.1,55360.3,16489.451
2024-09-09T16:00:00+00:00,55360.3,56500,55319.4,56391.2,36406.668
2024-09-09T17:00:00+00:00,56391.2,56750,56293.2,56479.9,22090.716
2024-09-09T18:00:00+00:00,56480,56617.5,56221.2,56493.3,13477.685
2024-09-09T19:00:00+00:00,56493.3,57148.6,56437.8,57060.1,17163.085
2024-09-09T20:00:00+00:00,57060.1,57100,56770.4,56976.4,8313.081
2024-09-09T21:00:00+00:00,56976.5,58153.2,56966.2,57424.9,28727.488
2024-09-09T22:00:00+00:00,57424.9,57593.6,57158.2,57188.5,7422.559
2024-09-09T23:00:00+00:00,57188.5,57233.6,56975,57010,6392.861
2024-09-10T00:00:00+00:00,57010.1,57041.9,56585.5,56944.7,10798.072
2024-09-10T01:00:00+00:00,56944.7,57027,56679.7,56871.1,5318.753
2024-09-10T02:00:00+00:00,56871.1,56887,56603.8,56746.7,4333.844
2024-09-10T03:00:00+00:00,56746.8,56778.4,56493,56500.1,5414.041
2024-09-10T04:00:00+00:00,56500,56712.2,56361,56583.9,6430.407
2024-09-10T05:00:00+00:00,56584,56940,56556.3,56910.8,7329.792
2024-09-10T06:00:00+00:00,56910.8,56910.8,56737,56797.5,3206.587
2024-09-10T07:00:00+00:00,56797.5,57266.6,56745,57183.2,11099.981
2024-09-10T08:00:00+00:00,57183.2,57366,56963.8,57024.5,8689.442
2024-09-10T09:00:00+00:00,57024.5,57248.9,56851.1,57054,7892.111
2024-09-10T10:00:00+00:00,57054.9,57164.7,56918.1,57140,5066.883
2024-09-10T11:00:00+00:00,57140,57231.7,56980,57190.1,4655.229
2024-09-10T12:00:00+00:00,57190.1,57439,57125,57169.2,8783.19
2024-09-10T13:00:00+00:00,57169.1,57172.1,56600,56706,23392.681
2024-09-10T14:00:00+00:00,56706,57143.8,56485,56911.7,20851.945
2024-09-10T15:00:00+00:00,56911.7,57181.3,56553.9,56561,15522.492
2024-09-10T16:00:00+00:00,56553.9,56918.9,56525,56787.2,9204.579
2024-09-10T17:00:00+00:00,56787.2,57358.2,56750,57145,13814.742
2024-09-10T18:00:00+00:00,57145,57955,57145,57550.8,20300.175
2024-09-10T19:00:00+00:00,57550.7,58033.2,57289,57923.6,15036.84
2024-09-10T20:00:00+00:00,57923.9,57945.4,57521.8,57536.1,8999.132
2024-09-10T21:00:00+00:00,57536.1,57727,57416.3,57479.9,4911.429
2024-09-10T22:00:00+00:00,57479.9,57655.6,57418.4,57580.2,3312.939
2024-09-10T23:00:00+00:00,57580.1,57841.7,57543.2,57609.1,3952.39
2024-09-11T00:00:00+00:00,57609.2,57664.4,57402,57607,4498.815
2024-09-11T01:00:00+00:00,57606.9,57729,56643,56698.7,23496.305
2024-09-11T02:00:00+00:00,56698.7,57148.2,56670.4,56892.7,9632.44
2024-09-11T03:00:00+00:00,56892.7,56948.8,56652,56793.5,7675.858
2024-09-11T04:00:00+00:00,56793.6,56794.9,56223.1,56500,15948.851
2024-09-11T05:00:00+00:00,56500.1,56515,56050,56214,10697.01
2024-09-11T06:00:00+00:00,56213.9,56544.4,56145.4,56428.2,8191.276
2024-09-11T07:00:00+00:00,56428.3,56742,56428.3,56675.1,7498.943
2024-09-11T08:00:00+00:00,56675.1,56681.5,56325,56371.1,7622.572
2024-09-11T09:00:00+00:00,56371.2,56717.1,56350,56650,7098.963
2024-09-11T10:00:00+00:00,56649.9,56673.8,56311,56485,8124.349
2024-09-11T11:00:00+00:00,56485,56850,56485,56768.9,9890.494
2024-09-11T12:00:00+00:00,56768.9,56886.4,56259.1,56712,26636.708
2024-09-11T13:00:00+00:00,56712,57138,55668.6,55714,41605.649
2024-09-11T14:00:00+00:00,55706.4,56000,55515.2,55942.1,29191.169
2024-09-11T15:00:00+00:00,55942.1,56984.7,55820,56676.1,31699.084
2024-09-11T16:00:00+00:00,56676,57529.8,56618,57279.8,25902.639
2024-09-11T17:00:00+00:00,57279.7,57841.4,57216,57660.9,20273.172
2024-09-11T18:00:00+00:00,57661,57954.4,57342.6,57467.3,17051.281
2024-09-11T19:00:00+00:00,57467.2,57760.6,57280.5,57560.9,10887.922
2024-09-11T20:00:00+00:00,57560.9,57648,57400,57450,3831.495
2024-09-11T21:00:00+00:00,57450,57534,57216,57330.3,4430.521
2024-09-11T22:00:00+00:00,57330.2,57443.7,57171,57443.6,3457.34
2024-09-11T23:00:00+00:00,57443.5,57479.1,57260.1,57306,2888.589
2024-09-12T00:00:00+00:00,57305.6,57880,57283.1,57587.2,13832.413
2024-09-12T01:00:00+00:00,57587.2,58280,57550.7,58120.7,11389.854
2024-09-12T02:00:00+00:00,58120.7,58465.4,57796.4,57913.4,17806.634
2024-09-12T03:00:00+00:00,57913.3,58314.2,57911.1,58197.9,6918.123
2024-09-12T04:00:00+00:00,58197.9,58397.5,58120.4,58142.1,6657.671
2024-09-12T05:00:00+00:00,58142.2,58145.4,57894.7,57943.5,6986.761
2024-09-12T06:00:00+00:00,57943.4,58070,57810,57920,5434.235
2024-09-12T07:00:00+00:00,57920.1,58144,57842,58101.8,5165.18
2024-09-12T08:00:00+00:00,58101.7,58317.5,58064.1,58137.4,7359.317
2024-09-12T09:00:00+00:00,58137.3,58221.9,57947,57991.4,4614.849
2024-09-12T10:00:00+00:00,57991.5,58076.4,57901,57907.5,4117.212
2024-09-12T11:00:00+00:00,57907.4,58128.1,57867,58031.7,6311.059
2024-09-12T12:00:00+00:00,58031.7,58143.6,57555,57665.9,17374.724
2024-09-12T13:00:00+00:00,57665.8,57855,57310,57595.7,20175.889
2024-09-12T14:00:00+00:00,57595.7,58606.6,57500.4,57511.2,38701.854
2024-09-12T15:00:00+00:00,57504.1,57850.7,57370.7,57472.1,19584.849
2024-09-12T16:00:00+00:00,57472.2,58099,57454.4,58033.5,10940.771
2024-09-12T17:00:00+00:00,58033.5,58380.4,57972.4,58358.7,12245.932
2024-09-12T18:00:00+00:00,58358.6,58425.7,57932.5,58142.2,13328.527
2024-09-12T19:00:00+00:00,58142.2,58414.7,58095.6,58366.3,9838.666
2024-09-12T20:00:00+00:00,58366.3,58366.8,58082.6,58177.4,5131.784
2024-09-12T21:00:00+00:00,58177.3,58350,57734.9,57897.7,9587.246
2024-09-12T22:00:00+00:00,57897.7,58230.5,57871.1,58109.9,5051.741
2024-09-12T23:00:00+00:00,58109.9,58158,57990.1,58097,2894.397
2024-09-13T00:00:00+00:00,58097.1,58215.4,57961.1,58001.8,4663.802
2024-09-13T01:00:00+00:00,58001.9,58226.8,57846.1,58105.9,4737.197
2024-09-13T02:00:00+00:00,58106,58142.3,57941.4,58021.2,2976.819
2024-09-13T03:00:00+00:00,58021.3,58045.2,57800.8,57827,4082.708
2024-09-13T04:00:00+00:00,57827,57957.8,57792.4,57813.8,3343.469
2024-09-13T05:00:00+00:00,57813.9,57997.5,57800.4,57910,3436.846
2024-09-13T06:00:00+00:00,57910,57924.4,57708,57734.1,4281.335
2024-09-13T07:00:00+00:00,57734.1,58108.8,57734,58079.8,5240.661
2024-09-13T08:00:00+00:00,58079.7,58120,57900,57930.3,4272.162
2024-09-13T09:00:00+00:00,57930.3,58118,57895.3,58024.8,4011.153
2024-09-13T10:00:00+00:00,58024.8,58321.9,58002.2,58315.4,7086.843
2024-09-13T11:00:00+00:00,58315.4,58315.4,57792.5,57852.6,9845.343
2024-09-13T12:00:00+00:00,57852.6,57931,57594,57870.3,18164.573
2024-09-13T13:00:00+00:00,57870.2,58130,57651.5,58017,14634.1
2024-09-13T14:00:00+00:00,58017.1,58552.7,57777,58420.9,29722.639
2024-09-13T15:00:00+00:00,58420.9,59706.1,58330,59623.5,52978.162
2024-09-13T16:00:00+00:00,59623.6,59768,59278.9,59420.3,21210.322
2024-09-13T17:00:00+00:00,59420.2,59950,59412,59549.9,18293.739
2024-09-13T18:00:00+00:00,59549.8,59873,59435.6,59720.2,12117.544
2024-09-13T19:00:00+00:00,59720.2,59979.2,59608,59703.1,10001.072
2024-09-13T20:00:00+00:00,59703.1,59920.6,59588,59795,5409.872
2024-09-13T21:00:00+00:00,59795,60327,59777.3,60237.9,14455.967
2024-09-13T22:00:00+00:00,60237.9,60597,60196,60577,15405.527
2024-09-13T23:00:00+00:00,60577,60590,60305.5,60456.2,7057.637
2024-09-14T00:00:00+00:00,60456.2,60572.9,60339.5,60368.9,5046.88
2024-09-14T01:00:00+00:00,60369,60562.3,60364.3,60366.2,4325.376
2024-09-14T02:00:00+00:00,60366.1,60463.5,60255.4,60255.4,3616.825
2024-09-14T03:00:00+00:00,60255.5,60400,60255.4,60290.5,2497.763
2024-09-14T04:00:00+00:00,60290.5,60318.8,60150.6,60186.4,3027.02
2024-09-14T05:00:00+00:00,60186.4,60210,59885.2,59900.5,6074.827
2024-09-14T06:00:00+00:00,59900.6,60067.9,59866,60017.2,4591.174
2024-09-14T07:00:00+00:00,60017.3,60161,59963.2,60110.4,3698.514
2024-09-14T08:00:00+00:00,60110.3,60130,59897.9,59954.1,3531.19
2024-09-14T09:00:00+00:00,59954.1,60045.1,59840,60041.9,3955.819
2024-09-14T10:00:00+00:00,60041.9,60041.9,59754.8,59822.5,4108.261
2024-09-14T11:00:00+00:00,59822.6,59822.6,59577.7,59680,7846.141
2024-09-14T12:00:00+00:00,59680.1,59834.2,59610,59763.4,4803.975
2024-09-14T13:00:00+00:00,59763.4,59770.2,59611.1,59738,4159.751
2024-09-14T14:00:00+00:00,59738,59988.9,59672.2,59884,6245.512
2024-09-14T15:00:00+00:00,59884,59924,59787.4,59840.1,2723.663
2024-09-14T16:00:00+00:00,59840.1,59953,59795,59945.4,3829.721
2024-09-14T17:00:00+00:00,59945.5,59945.5,59810.7,59859.9,1988.627
2024-09-14T18:00:00+00:00,59859.9,59875.4,59360.1,59745.6,12254.955
2024-09-14T19:00:00+00:00,59745.5,59883.9,59697.6,59778.4,2293.812
2024-09-14T20:00:00+00:00,59778.4,60135.8,59740,59990.8,6052.084
2024-09-14T21:00:00+00:00,59990.8,60039,59912.7,59998.5,2014.386
2024-09-14T22:00:00+00:00,59998.4,60102.4,59908.2,59980.9,2532.181
2024-09-14T23:00:00+00:00,59980.9,60027.5,59900.6,59964,1362.12
2024-09-15T00:00:00+00:00,59963.9,60094,59950,59993,2031.376
2024-09-15T01:00:00+00:00,59993,60247.9,59993,60192,4704.389
2024-09-15T02:00:00+00:00,60192,60230,60075.9,60200.3,2310.163
2024-09-15T03:00:00+00:00,60200.3,60215.3,60100,60130.2,2119.679
2024-09-15T04:00:00+00:00,60130.2,60188,60047.9,60094.9,2389.081
2024-09-15T05:00:00+00:00,60094.9,60190.4,60089.5,60122.9,1587.917
2024-09-15T06:00:00+00:00,60122.9,60156.3,60107.4,60135.4,1135.352
2024-09-15T07:00:00+00:00,60135.4,60193.6,60093.6,60166.8,1891.025
2024-09-15T08:00:00+00:00,60166.7,60178,60005,60042.1,2526.043
2024-09-15T09:00:00+00:00,60042.1,60083,59966,59986.1,2673.585
2024-09-15T10:00:00+00:00,59986,60022,59848.6,59957.4,3815.459
2024-09-15T11:00:00+00:00,59957.4,60010,59865.7,59977,2867.49
2024-09-15T12:00:00+00:00,59977,60099.3,59923.8,60082.9,2650.154
2024-09-15T13:00:00+00:00,60082.8,60348.9,60050.1,60155.7,8120.272
2024-09-15T14:00:00+00:00,60155.6,60250.6,59823,60242.6,8101.986
2024-09-15T15:00:00+00:00,60242.6,60369.4,60130,60304.6,6352.42
2024-09-15T16:00:00+00:00,60304.6,60323.1,59904,59921.8,7061.052
2024-09-15T17:00:00+00:00,59921.8,60018.6,59663,59789.9,8982.171
2024-09-15T18:00:00+00:00,59789.9,60162,59713.1,59945.3,8257.696
2024-09-15T19:00:00+00:00,59945.2,60117.1,59778.1,59847.7,5464.774
2024-09-15T20:00:00+00:00,59847.7,59910.2,59660.7,59767.1,4980.414
2024-09-15T21:00:00+00:00,59767,59771,59446,59628.9,7705.954
2024-09-15T22:00:00+00:00,59628.9,59649.3,59350,59400.1,7111.979
2024-09-15T23:00:00+00:00,59400.2,59433.5,58654,59100.5,25683.775
2024-09-16T00:00:00+00:00,59100.5,59182.2,58575.8,58641.7,15325.206
2024-09-16T01:00:00+00:00,58641.6,58777,58396.5,58578,14942.56
2024-09-16T02:00:00+00:00,58578,58651,58079.7,58242.1,15159.405
2024-09-16T03:00:00+00:00,58242.1,58579,58189.5,58546.5,8793.538
2024-09-16T04:00:00+00:00,58546.4,58569.6,58279.2,58328.4,5200.628
2024-09-16T05:00:00+00:00,58328.4,58647.4,58316.9,58636.1,7773.434
2024-09-16T06:00:00+00:00,58636.1,58830,58595.9,58679.6,7559.532
2024-09-16T07:00:00+00:00,58679.5,58935,58632,58874.6,5793.128
2024-09-16T08:00:00+00:00,58874.6,59159.1,58820,58894.3,9297.67
2024-09-16T09:00:00+00:00,58894.3,59008.3,58557,58606.6,8839.238
2024-09-16T10:00:00+00:00,58606.7,58720,58463.6,58714.9,6250.993
2024-09-16T11:00:00+00:00,58714.9,58818.5,58622.7,58630,4268.079
2024-09-16T12:00:00+00:00,58630.1,58766,58411.7,58510,7498.112
2024-09-16T13:00:00+00:00,58509.9,58591.8,58006.7,58472,19957.696
2024-09-16T14:00:00+00:00,58471.9,58533.6,57557.8,57589.4,30413.176
2024-09-16T15:00:00+00:00,57589.4,57977,57550,57860.7,13324.945
2024-09-16T16:00:00+00:00,57860.7,57936.1,57649.2,57786.3,9587.802
2024-09-16T17:00:00+00:00,57786.4,58250,57446.3,58146.7,21186.419
2024-09-16T18:00:00+00:00,58146.7,58169.7,57674.5,57866.9,11238.13
2024-09-16T19:00:00+00:00,57867,58016.6,57763.8,57915.4,6093.928
2024-09-16T20:00:00+00:00,57915.5,58150,57616,57672.7,7923.973
2024-09-16T21:00:00+00:00,57672.8,57980,57576.1,57979.8,4693.811
2024-09-16T22:00:00+00:00,57979.9,58018.9,57817.2,57948.6,2947.181
2024-09-16T23:00:00+00:00,57948.7,58397.9,57948.6,58187,6630.848
2024-09-17T00:00:00+00:00,58187,58320,57588.8,57610.9,11145.098
2024-09-17T01:00:00+00:00,57606,57933,57600,57866.8,6074.69
2024-09-17T02:00:00+00:00,57866.8,58194,57808.2,58089.9,6237.016
2024-09-17T03:00:00+00:00,58089.9,58124.9,57981,58035.2,3083.836
2024-09-17T04:00:00+00:00,58035.2,58309.8,57993,58217.2,4038.413
2024-09-17T05:00:00+00:00,58217.2,58762,58200,58608.4,9691.253
2024-09-17T06:00:00+00:00,58608.4,58639.3,58420,58458,5660.294
2024-09-17T07:00:00+00:00,58458,58688,58421,58668.1,4543.232
2024-09-17T08:00:00+00:00,58668.1,58847,58600,58765.6,6774.879
2024-09-17T09:00:00+00:00,58765.5,59058.6,58662.5,58930.8,11119.721
2024-09-17T10:00:00+00:00,58930.8,59240.5,58871.7,59195.4,10910.434
2024-09-17T11:00:00+00:00,59199,59274.4,59000,59055.1,8753.424
2024-09-17T12:00:00+00:00,59055,59418.1,59027.1,59345.9,12834.435
2024-09-17T13:00:00+00:00,59345.8,59405.2,58850,58937,17608.012
2024-09-17T14:00:00+00:00,58937.1,60367.7,58904.6,60247.5,53094.12
2024-09-17T15:00:00+00:00,60247.5,61345,60193.5,61103,54577.886
2024-09-17T16:00:00+00:00,61111,61240.6,60705,60857.2,20297.372
2024-09-17T17:00:00+00:00,60857.3,60980,60655,60941.4,10471.643
2024-09-17T18:00:00+00:00,60941.4,61049,60362,60513.2,12735.431
2024-09-17T19:00:00+00:00,60513.1,60676.6,59600,59946,22808.041
2024-09-17T20:00:00+00:00,59945.9,60327.6,59696,60087.5,13875.834
2024-09-17T21:00:00+00:00,60087.6,60398.2,60074.3,60299,4110.37
2024-09-17T22:00:00+00:00,60299,60317.9,60090,60203.9,4061.709
2024-09-17T23:00:00+00:00,60204,60300,59960.6,60281,3934.923
2024-09-18T00:00:00+00:00,60281,60303.9,59838,60201.9,7639.184
2024-09-18T01:00:00+00:00,60201.9,60297.6,59952.3,60085.1,4743.326
2024-09-18T02:00:00+00:00,60085.1,60340.7,60041.6,60330,3553.972
2024-09-18T03:00:00+00:00,60330,60747.7,60317.4,60490,11723.208
2024-09-18T04:00:00+00:00,60490.1,60664.9,60281.1,60403.6,6427.08
2024-09-18T05:00:00+00:00,60403.5,60403.5,60166.7,60216.8,3937.732
2024-09-18T06:00:00+00:00,60216.9,60462.7,60177.5,60427.6,4288.01
2024-09-18T07:00:00+00:00,60427.5,60516.8,60299.1,60403.7,3453.755
2024-09-18T08:00:00+00:00,60403.6,60403.7,60055.3,60172.1,7403.908
2024-09-18T09:00:00+00:00,60172,60172,59631.8,59631.8,12310.77
2024-09-18T10:00:00+00:00,59631.7,59902.5,59360.1,59883.2,17080.203
2024-09-18T11:00:00+00:00,59883.1,59982,59799,59824.6,5980.539
2024-09-18T12:00:00+00:00,59824.5,59980,59666.6,59952,7727.027
2024-09-18T13:00:00+00:00,59952,60130,59261.9,59481.7,22977.586
2024-09-18T14:00:00+00:00,59481.8,59747.6,59310,59464.3,15994.106
2024-09-18T15:00:00+00:00,59464.4,59727,59300,59400.1,9406.789
2024-09-18T16:00:00+00:00,59400.1,59927.1,59138,59882.9,14654.127
2024-09-18T17:00:00+00:00,59883,60222,59486.7,59979.9,15517.563
2024-09-18T18:00:00+00:00,59979.9,61320.7,59692.6,60588,90398.001
2024-09-18T19:00:00+00:00,60588.1,60723,59920,60024.6,37540.389
2024-09-18T20:00:00+00:00,60024.6,60300,59430,60200.1,19217.092
2024-09-18T21:00:00+00:00,60200.1,60467.7,60150.3,60171,6121.618
2024-09-18T22:00:00+00:00,60171,60666.6,60166.3,60655,5023.281
2024-09-18T23:00:00+00:00,60654.9,61765,60652.4,61735.3,22610.046
2024-09-19T00:00:00+00:00,61735.3,62555,61684.8,62206.6,35953.507
2024-09-19T01:00:00+00:00,62206.6,62295.8,61534,61977.2,18491.563
2024-09-19T02:00:00+00:00,61977.2,62339.2,61775.1,62173,11141.092
2024-09-19T03:00:00+00:00,62172.9,62244.9,61966,62086.5,5497.046
2024-09-19T04:00:00+00:00,62086.6,62127,61866.6,62053.1,6133.278
2024-09-19T05:00:00+00:00,62053.2,62155,61866.7,61963.7,5355.608
2024-09-19T06:00:00+00:00,61963.7,62099,61779.9,61993.8,6171.363
2024-09-19T07:00:00+00:00,61993.8,62140,61906.5,62071,5603.691
2024-09-19T08:00:00+00:00,62071,62173,61851.3,61906.2,6059.19
2024-09-19T09:00:00+00:00,61906.2,62328.8,61867,62244,9438.605
2024-09-19T10:00:00+00:00,62244,62697,62244,62285.7,16074.534
2024-09-19T11:00:00+00:00,62285.7,62680,62201.2,62604.5,8677.177
2024-09-19T12:00:00+00:00,62604.5,63200,62540.3,62896.1,28326.144
2024-09-19T13:00:00+00:00,62896,63369.6,62668,63017.2,22382.953
2024-09-19T14:00:00+00:00,63017.3,63483.8,62859.5,62907.1,23705.697
2024-09-19T15:00:00+00:00,62907.2,63323.1,62748.9,63129,11127.293
2024-09-19T16:00:00+00:00,63129,63664.4,62905.6,63523.3,18459.81
2024-09-19T17:00:00+00:00,63523.4,63830.1,63250,63675,18162.991
2024-09-19T18:00:00+00:00,63675,63749.5,63449.2,63600.3,9536.441
2024-09-19T19:00:00+00:00,63600.3,63608.2,63156.8,63229.4,10020.815
2024-09-19T20:00:00+00:00,63229.4,63229.5,62931.7,62996.4,5773.35
2024-09-19T21:00:00+00:00,62996.3,63156,62849.2,62849.2,5590.7
2024-09-19T22:00:00+00:00,62849.2,63065,62623.4,62914,10569.413
2024-09-19T23:00:00+00:00,62913.9,63053.7,62876.7,62926.9,4130.151
2024-09-20T00:00:00+00:00,62926.9,62990.2,62631.5,62740.2,6107.957
2024-09-20T01:00:00+00:00,62740.1,63151,62579.2,63019.6,7775.951
2024-09-20T02:00:00+00:00,63018.9,63106.7,62790.5,63093.2,5528.238
2024-09-20T03:00:00+00:00,63093.3,63728.2,63051.3,63723.3,13429.375
2024-09-20T04:00:00+00:00,63723.2,64126.7,63631.3,63808,24023.761
2024-09-20T05:00:00+00:00,63808,64008.7,63564.5,63779.1,9592.096
2024-09-20T06:00:00+00:00,63779.1,63895.5,63594,63762.4,6741.982
2024-09-20T07:00:00+00:00,63762.4,63772.8,63363.7,63494.4,11775.025
2024-09-20T08:00:00+00:00,63494.5,63503.7,63080.1,63273.8,11964.358
2024-09-20T09:00:00+00:00,63273.9,63526.4,63238,63446,5636.533
2024-09-20T10:00:00+00:00,63446,63660,63323.9,63637.9,6515.262
2024-09-20T11:00:00+00:00,63638,63673.8,63319.8,63417.1,10940.765
2024-09-20T12:00:00+00:00,63417.2,63528.7,63305.4,63399.6,6534.885
2024-09-20T13:00:00+00:00,63399.5,63433,62659.8,62821.8,27336.83
2024-09-20T14:00:00+00:00,62821.8,63482.5,62535,63007.9,30238.283
2024-09-20T15:00:00+00:00,63008,63326,62654.9,63120.2,15298.736
2024-09-20T16:00:00+00:00,63120.2,63257.6,62779.8,62846.1,9575.533
2024-09-20T17:00:00+00:00,62846.1,62966.2,62591,62675.1,9059.296
2024-09-20T18:00:00+00:00,62675.1,63000,62320,62837.6,15000.817
2024-09-20T19:00:00+00:00,62837.6,62990,62751.8,62772.1,7386.69
2024-09-20T20:00:00+00:00,62772,62917.9,62669.2,62783.5,3118.214
2024-09-20T21:00:00+00:00,62783.6,63280,62781.8,63084.1,9056.305
2024-09-20T22:00:00+00:00,63084.2,63250,63084.1,63150.7,2521.282
2024-09-20T23:00:00+00:00,63150.7,63196.8,63042,63175.7,2014.661
2024-09-21T00:00:00+00:00,63175.8,63282,63005,63144.5,5082.351
2024-09-21T01:00:00+00:00,63144.5,63174.9,62790,62817.1,6307.755
2024-09-21T02:00:00+00:00,62817,62967.6,62791,62887.1,3764.409
2024-09-21T03:00:00+00:00,62887.2,62982.2,62850,62865.1,2143.796
2024-09-21T04:00:00+00:00,62865,62908.7,62784.3,62831,3256.508
2024-09-21T05:00:00+00:00,62831,62926.9,62714.2,62889,3473.868
2024-09-21T06:00:00+00:00,62888.9,63066.8,62866.7,62977,3570.518
2024-09-21T07:00:00+00:00,62977,63114.6,62947.5,63060,2680.856
2024-09-21T08:00:00+00:00,63060.1,63098.5,62980,63008.2,2008.111
2024-09-21T09:00:00+00:00,63008.2,63120,62976.6,63093,2230.874
2024-09-21T10:00:00+00:00,63093.1,63095.6,62936.8,62957.1,2291.73
2024-09-21T11:00:00+00:00,62957.1,63078.3,62944,63058,2035.711
2024-09-21T12:00:00+00:00,63058,63141.9,63009,63125.1,1889.06
2024-09-21T13:00:00+00:00,63125,63199,62995.2,63158.2,3569.069
2024-09-21T14:00:00+00:00,63158.2,63285.7,63103.2,63283.1,4434.481
2024-09-21T15:00:00+00:00,63283,63286.9,63023.6,63146.6,4206.656
2024-09-21T16:00:00+00:00,63146.6,63208.8,63054,63192.1,2942.173
2024-09-21T17:00:00+00:00,63192.1,63378.8,63149.4,63255.1,4820.486
2024-09-21T18:00:00+00:00,63255,63276,63199,63237.4,1493.05
2024-09-21T19:00:00+00:00,63237.4,63324.3,63132.8,63174.2,3309.984
2024-09-21T20:00:00+00:00,63174.1,63188,63100.6,63113.9,1455.419
2024-09-21T21:00:00+00:00,63114,63124.7,63025,63068.7,2945.628
2024-09-21T22:00:00+00:00,63068.7,63208.5,63026,63195.8,1715.439
2024-09-21T23:00:00+00:00,63195.9,63546.9,63125,63320.6,6620.43
2024-09-22T00:00:00+00:00,63320.6,63423.7,63080,63200,5328.063
2024-09-22T01:00:00+00:00,63200,63270,62983.5,63012.7,2855.092
2024-09-22T02:00:00+00:00,63012.7,63075.1,62801.2,62932.9,5984.218
2024-09-22T03:00:00+00:00,62933,63214.5,62893.7,63088.9,5411.991
2024-09-22T04:00:00+00:00,63088.8,63182.4,63049,63049.1,1874.395
2024-09-22T05:00:00+00:00,63049.1,63059.2,62878.2,62908.3,3395.016
2024-09-22T06:00:00+00:00,62908.4,63019.9,62808,62851,3370.775
2024-09-22T07:00:00+00:00,62851,62950.2,62851,62909.3,2103.131
2024-09-22T08:00:00+00:00,62909.2,63010.5,62870,62999.2,2325.536
2024-09-22T09:00:00+00:00,62999.2,62999.3,62619.4,62670.1,9468.707
2024-09-22T10:00:00+00:00,62670.1,62753.3,62525,62633.2,4809.102
2024-09-22T11:00:00+00:00,62633.1,62815,62520.2,62751.4,5943.141
2024-09-22T12:00:00+00:00,62751.4,62915.7,62715.6,62754.9,4045.088
2024-09-22T13:00:00+00:00,62754.9,62815.3,62526,62564.9,4913.192
2024-09-22T14:00:00+00:00,62564.9,62670,62435,62638,6794.095
2024-09-22T15:00:00+00:00,62638.1,62785,62545.6,62624.2,3327.041
2024-09-22T16:00:00+00:00,62624.1,62832.7,62443.2,62750.5,6421.142
2024-09-22T17:00:00+00:00,62750.5,63110,62750.5,63033.3,7467.579
2024-09-22T18:00:00+00:00,63033.4,63041.1,62807.9,62932,4317.574
2024-09-22T19:00:00+00:00,62931.9,63200,62770,63132.1,4249.806
2024-09-22T20:00:00+00:00,63132.2,63290,63072,63182.8,5231.523
2024-09-22T21:00:00+00:00,63182.8,63300,62714.8,62750,4891.331
2024-09-22T22:00:00+00:00,62750,64000,62339,63856.6,33667.797
2024-09-22T23:00:00+00:00,63856.6,63955.3,63385.6,63558.4,10934.549
2024-09-23T00:00:00+00:00,63558.5,63750,62534.4,63551.7,23981.439
2024-09-23T01:00:00+00:00,63551.6,63937.5,63446.6,63788.9,14742.612
2024-09-23T02:00:00+00:00,63788.9,63947.7,63636,63898.9,5912.77
2024-09-23T03:00:00+00:00,63899,64724.8,63884.3,64320.1,30046.637
2024-09-23T04:00:00+00:00,64320.1,64427.9,63755.5,63880.3,13191.48
2024-09-23T05:00:00+00:00,63880.4,63915,63632.2,63724.9,7227.934
2024-09-23T06:00:00+00:00,63725,63753.8,63500,63638.8,7399.263
2024-09-23T07:00:00+00:00,63638.8,63638.9,63356.8,63519.9,7264.668
2024-09-23T08:00:00+00:00,63519.9,63596.2,63279.5,63460.4,7300.356
2024-09-23T09:00:00+00:00,63460.3,63668.4,63455,63608.8,5582.643
2024-09-23T10:00:00+00:00,63608.7,63622,63389.1,63471.8,4285.774
2024-09-23T11:00:00+00:00,63471.8,63515.8,63341,63399,4562.407
2024-09-23T12:00:00+00:00,63398.9,63503.6,63204.3,63292,7127.024
2024-09-23T13:00:00+00:00,63292.1,63402.2,63033.9,63152.5,14083.868
2024-09-23T14:00:00+00:00,63152.5,63778.7,63039.6,63366,22276.01
2024-09-23T15:00:00+00:00,63366,63746.7,63080,63589.6,12883.615
2024-09-23T16:00:00+00:00,63589.6,63790,63169.5,63200.1,13533.333
2024-09-23T17:00:00+00:00,63200,63318.3,63077.6,63291,6623.906
2024-09-23T18:00:00+00:00,63290.9,63531.4,63247.4,63399.9,4829.547
2024-09-23T19:00:00+00:00,63399.9,63466,63222.3,63272.6,3833.532
2024-09-23T20:00:00+00:00,63272.7,63414.8,63232.5,63279.9,3162.908
2024-09-23T21:00:00+00:00,63280,63467.1,63050,63349.1,7038.671
2024-09-23T22:00:00+00:00,63349.1,63349.1,63159.3,63190.7,3297.926
2024-09-23T23:00:00+00:00,63190.7,63382,63150.3,63302,4155.241
2024-09-24T00:00:00+00:00,63302.1,63377.4,62750.2,62886.1,14291.241
2024-09-24T01:00:00+00:00,62883.4,63230.5,62764.3,62908.8,8479.168
2024-09-24T02:00:00+00:00,62908.8,63129.4,62688.2,63097.1,8035.779
2024-09-24T03:00:00+00:00,63097.1,63164.8,62900,63097.6,4076.036
2024-09-24T04:00:00+00:00,63097.6,63118.3,62913.6,63052.7,2470.271
2024-09-24T05:00:00+00:00,63052.7,63199.7,63034.9,63190.9,3496.309
2024-09-24T06:00:00+00:00,63190.9,63380,63190.9,63275.6,5219.672
2024-09-24T07:00:00+00:00,63275.7,63542.9,63268.8,63527.8,7677.096
2024-09-24T08:00:00+00:00,63527.7,63925.5,63508.5,63820.5,12289.16
2024-09-24T09:00:00+00:00,63820.6,63863,63440,63496.7,8413.958
2024-09-24T10:00:00+00:00,63496.8,63688.3,63473.8,63493.5,4946.802
2024-09-24T11:00:00+00:00,63493.5,63570.4,63350,63446.3,6567.104
2024-09-24T12:00:00+00:00,63446.3,63633,63372.8,63410.1,6141.871
2024-09-24T13:00:00+00:00,63410,63744.4,63365,63481.5,10613.128
2024-09-24T14:00:00+00:00,63481.6,63526.2,62695,63157.6,35929.53
2024-09-24T15:00:00+00:00,63157.6,63333,62959,63128.8,10946.935
2024-09-24T16:00:00+00:00,63128.8,63360,63056,63231.1,5949.902
2024-09-24T17:00:00+00:00,63231,64000,63208,63740,17738.674
2024-09-24T18:00:00+00:00,63740,63855,63507.1,63692.9,9972.678
2024-09-24T19:00:00+00:00,63692.9,64357.7,63641.7,64270,15354.722
2024-09-24T20:00:00+00:00,64270,64576,64057.7,64185,16187.591
2024-09-24T21:00:00+00:00,64185,64255.4,63939.2,64001.7,4628.947
2024-09-24T22:00:00+00:00,64001.8,64666,64001.8,64552,10782.294
2024-09-24T23:00:00+00:00,64552.1,64599.9,64220,64243.1,6778.76
2024-09-25T00:00:00+00:00,64243.2,64410,63955.9,64090.1,9486.437
2024-09-25T01:00:00+00:00,64090.2,64800,64051.7,64355,11998.727
2024-09-25T02:00:00+00:00,64355.1,64533,64253.4,64390,4228.931
2024-09-25T03:00:00+00:00,64390,64433.3,64191.8,64422.4,4041.658
2024-09-25T04:00:00+00:00,64422.5,64430,64140,64142.3,3775.583
2024-09-25T05:00:00+00:00,64142.2,64254.1,64108.4,64140,3911.577
2024-09-25T06:00:00+00:00,64140,64140,63713.3,63776.6,10729.573
2024-09-25T07:00:00+00:00,63776.5,63838.1,63612.3,63814.9,7222.38
2024-09-25T08:00:00+00:00,63814.9,63888.3,63726.4,63795.2,3798.216
2024-09-25T09:00:00+00:00,63795.2,63844,63579,63588,5312.264
2024-09-25T10:00:00+00:00,63588,63709.1,63376,63607.5,12598.895
2024-09-25T11:00:00+00:00,63607.5,63820.6,63479.1,63808.1,9202.058
2024-09-25T12:00:00+00:00,63808.1,63811.2,63570,63570.1,4686.652
2024-09-25T13:00:00+00:00,63570.1,63737,63243.2,63725,13441.316
2024-09-25T14:00:00+00:00,63725,63918,63609.6,63902.2,10264.654
2024-09-25T15:00:00+00:00,63902.2,63971,63418,63470.1,11201.445
2024-09-25T16:00:00+00:00,63470.1,63642.4,63420.2,63433.6,6526.467
2024-09-25T17:00:00+00:00,63433.6,63598.1,62963.2,63142.5,18519.715
2024-09-25T18:00:00+00:00,63142.5,63357.8,63103,63321.6,6543.125
2024-09-25T19:00:00+00:00,63321.6,63440,63107.2,63151.6,5716.42
2024-09-25T20:00:00+00:00,63151,63500,63145.3,63472.4,3795.74
2024-09-25T21:00:00+00:00,63472.5,63533.3,63377.1,63406.7,2476.938
2024-09-25T22:00:00+00:00,63406.6,63484.4,63007.8,63237,7607.505
2024-09-25T23:00:00+00:00,63237,63241.8,62910,63118.4,7864.496
2024-09-26T00:00:00+00:00,63118.3,63250,62818.8,62916.3,9116.26
2024-09-26T01:00:00+00:00,62916.3,63123.8,62634.4,63123.7,12710.754
2024-09-26T02:00:00+00:00,63123.7,63349.1,63062.4,63320.2,5975.62
2024-09-26T03:00:00+00:00,63320.1,63518.9,63271.9,63482.9,9076.154
2024-09-26T04:00:00+00:00,63483,63504.7,63311.8,63403.9,3817.618
2024-09-26T05:00:00+00:00,63403.9,63700,63334.3,63568,6056.405
2024-09-26T06:00:00+00:00,63568.1,63765,63560.5,63694.5,7421.009
2024-09-26T07:00:00+00:00,63694.6,63843.1,63632,63823.4,5314.086
2024-09-26T08:00:00+00:00,63823.4,63872.1,63672.9,63690,5309.294
2024-09-26T09:00:00+00:00,63689.9,63955,63567,63774.6,10160.209
2024-09-26T10:00:00+00:00,63774.7,64458.9,63742.4,64373.8,20820.148
2024-09-26T11:00:00+00:00,64373.7,64500,64262.7,64373,10560.126
2024-09-26T12:00:00+00:00,64372.9,64700,64297.2,64450,16474.163
2024-09-26T13:00:00+00:00,64449.9,64530.6,64127.1,64407.2,15002.898
2024-09-26T14:00:00+00:00,64407.3,65218.6,64350,64405.2,56461.076
2024-09-26T15:00:00+00:00,64405.2,65549.5,64291.8,65200,42706.11
2024-09-26T16:00:00+00:00,65200,65547.8,65075.2,65313.5,16179.547
2024-09-26T17:00:00+00:00,65313.6,65800,65086,65106.9,20182.362
2024-09-26T18:00:00+00:00,65106.9,65283,64917.8,65252.5,10982.581
2024-09-26T19:00:00+00:00,65252.5,65263,64656.1,64677.8,8969.394
2024-09-26T20:00:00+00:00,64677.8,64842.5,64601.6,64632.1,7644.137
2024-09-26T21:00:00+00:00,64632.1,65200,64604,65015.4,7355.847
2024-09-26T22:00:00+00:00,65015.3,65214.2,64942,65065.1,6701.498
2024-09-26T23:00:00+00:00,65065.1,65149,64700,65139.2,6189.06
2024-09-27T00:00:00+00:00,65139.1,65300,64965.3,65215.2,6423
2024-09-27T01:00:00+00:00,65215.2,65350,64972.8,65087.9,4998.149
2024-09-27T02:00:00+00:00,65087.9,65175,64793,64854.5,5444.975
2024-09-27T03:00:00+00:00,64854.5,65412,64788,65338,8785.635
2024-09-27T04:00:00+00:00,65338,65433.8,65246,65274.1,4892.151
2024-09-27T05:00:00+00:00,65274.1,65360.5,65071,65332,4844.637
2024-09-27T06:00:00+00:00,65332,65498.4,65190.4,65310.3,9571.27
2024-09-27T07:00:00+00:00,65310.4,65534.6,65230,65438.9,6725.432
2024-09-27T08:00:00+00:00,65438.8,65800,65381,65699.8,11653.46
2024-09-27T09:00:00+00:00,65699.9,65968.1,65613.9,65713.8,13562.378
2024-09-27T10:00:00+00:00,65713.7,65753.5,65451.8,65455.5,8494.751
2024-09-27T11:00:00+00:00,65455.6,65597.4,65307,65408.2,7750.756
2024-09-27T12:00:00+00:00,65408.3,65874.1,65287.6,65710.9,14517.066
2024-09-27T13:00:00+00:00,65711,65769.2,65314.2,65646.2,11363.403
2024-09-27T14:00:00+00:00,65646.2,66450,65540.4,66203.1,38049.441
2024-09-27T15:00:00+00:00,66203.2,66388.8,65974,65974,12801.923
2024-09-27T16:00:00+00:00,65974.1,66329,65852,66266.2,15042.208
2024-09-27T17:00:00+00:00,66266.3,66313.3,65647.2,65879.3,13829.599
2024-09-27T18:00:00+00:00,65879.3,65901.1,65477.7,65844,8816.454
2024-09-27T19:00:00+00:00,65844,65953.9,65600,65612.8,5857.933
2024-09-27T20:00:00+00:00,65612.9,65884.3,65587.2,65770.1,3534.253
2024-09-27T21:00:00+00:00,65770,65854.8,65724.4,65785.1,2041.993
2024-09-27T22:00:00+00:00,65785.1,65950,65732.8,65839,3656.832
2024-09-27T23:00:00+00:00,65839.1,65885.2,65653.5,65749.6,3746.322
2024-09-28T00:00:00+00:00,65749.5,65880,65692.3,65876.3,2840.027
2024-09-28T01:00:00+00:00,65876.4,65980,65764.2,65959.2,2401.33
2024-09-28T02:00:00+00:00,65959.2,66161.7,65868.3,66131.3,5686.056
2024-09-28T03:00:00+00:00,66131.3,66237,65955.5,66041,4308.866
2024-09-28T04:00:00+00:00,66041,66060.1,65924.8,65982,2575.826
2024-09-28T05:00:00+00:00,65982.1,65997.5,65866.8,65922.2,2962.115
2024-09-28T06:00:00+00:00,65922.1,65930.1,65706.1,65778.7,4484.971
2024-09-28T07:00:00+00:00,65778.7,65870,65721.4,65790,2598.911
2024-09-28T08:00:00+00:00,65790,65790.1,65522,65606.9,6669.4
2024-09-28T09:00:00+00:00,65606.9,65617.2,65392.7,65602.3,7307.201
2024-09-28T10:00:00+00:00,65602.3,65745,65545,65730.6,3458.654
2024-09-28T11:00:00+00:00,65730.7,65775.8,65664.9,65761.5,2453.674
2024-09-28T12:00:00+00:00,65761.5,65765.3,65389.9,65508.4,7659.598
2024-09-28T13:00:00+00:00,65508.3,65574.3,65368.1,65498.2,4304.011
2024-09-28T14:00:00+00:00,65498.1,65796.8,65498.1,65689.9,5885.235
2024-09-28T15:00:00+00:00,65689.9,65689.9,65586,65593.7,2623.209
2024-09-28T16:00:00+00:00,65593.6,65640.7,65460,65485.9,3219.377
2024-09-28T17:00:00+00:00,65485.8,65696,65477.4,65603,2010.361
2024-09-28T18:00:00+00:00,65603,65798.7,65602.9,65668,2687.592
2024-09-28T19:00:00+00:00,65668,65750,65663.4,65699.6,1237.956
2024-09-28T20:00:00+00:00,65699.7,65746.1,65597.3,65606.8,2090.272
2024-09-28T21:00:00+00:00,65606.7,65660,65380,65659.9,5144.541
2024-09-28T22:00:00+00:00,65660,65740.3,65543.3,65640.4,2450.842
2024-09-28T23:00:00+00:00,65640.5,65980,65581.8,65822.6,5713.528
2024-09-29T00:00:00+00:00,65822.7,65954.5,65599.8,65648.3,5476.969
2024-09-29T01:00:00+00:00,65648.3,65850,65625.8,65834.4,2267.847
2024-09-29T02:00:00+00:00,65834.4,65908.1,65785.5,65788.9,2807.843
2024-09-29T03:00:00+00:00,65788.9,65794.8,65690,65781.6,1886.174
2024-09-29T04:00:00+00:00,65781.5,65781.6,65652.6,65717.2,1653.713
2024-09-29T05:00:00+00:00,65717.3,65729.8,65478.6,65562.8,4440.252
2024-09-29T06:00:00+00:00,65562.7,65596.6,65454,65476.8,2988.032
2024-09-29T07:00:00+00:00,65476.9,65530,65400,65436.9,3204.505
2024-09-29T08:00:00+00:00,65436.9,65576,65401,65531.9,3160.351
2024-09-29T09:00:00+00:00,65531.9,65642.2,65525,65559.4,2735.825
2024-09-29T10:00:00+00:00,65559.4,65562.2,65442,65550,2368.151
2024-09-29T11:00:00+00:00,65550,65702.7,65541,65670.4,3587.432
2024-09-29T12:00:00+00:00,65670.4,65737.5,65586.6,65601,3280.894
2024-09-29T13:00:00+00:00,65601,65832.9,65542.5,65785.6,5643.368
2024-09-29T14:00:00+00:00,65785.7,65796.5,65630,65666.4,2848.279
2024-09-29T15:00:00+00:00,65666.4,65788.8,65480,65720,5953.447
2024-09-29T16:00:00+00:00,65720,65772.1,65623.8,65741.1,2724.903
2024-09-29T17:00:00+00:00,65741.1,65907.6,65731.9,65790.1,5355.608
2024-09-29T18:00:00+00:00,65790,65832,65708.9,65755.8,2163.33
2024-09-29T19:00:00+00:00,65755.9,65947.4,65749.3,65926.3,2611.737
2024-09-29T20:00:00+00:00,65926.2,66059.3,65770,65782.4,5513.117
2024-09-29T21:00:00+00:00,65782.4,65950,65760,65839.8,2316.884
2024-09-29T22:00:00+00:00,65839.8,65920,65533.5,65634.4,7541.446
2024-09-29T23:00:00+00:00,65634.3,65705,65491.4,65568.1,5601.692
2024-09-30T00:00:00+00:00,65568.2,65588.8,65050,65436.3,18704.014
2024-09-30T01:00:00+00:00,65436.4,65520,64701,64737.8,17456.774
2024-09-30T02:00:00+00:00,64737.9,64790.3,64310.4,64350.7,20811.198
2024-09-30T03:00:00+00:00,64350.6,64550,64150,64539.9,12909.848
2024-09-30T04:00:00+00:00,64539.9,64540,64300,64417,5041.131
2024-09-30T05:00:00+00:00,64417,64512,64358.4,64506.2,4007.704
2024-09-30T06:00:00+00:00,64506.2,64686,64322.4,64322.5,9750.085
2024-09-30T07:00:00+00:00,64322.4,64660.9,64320,64539.1,6182.794
2024-09-30T08:00:00+00:00,64539,64552.9,64010,64284.3,18540.598
2024-09-30T09:00:00+00:00,64284.2,64284.2,63507.1,63512.1,22062.91
2024-09-30T10:00:00+00:00,63512.1,63650.1,63222,63621,25681.325
2024-09-30T11:00:00+00:00,63621.1,63846.1,63489.8,63794.4,10174.146
2024-09-30T12:00:00+00:00,63794.4,64120.9,63731.2,64012.7,10970.475
2024-09-30T13:00:00+00:00,64012.8,64130.8,63801.1,63852.9,11934.453
2024-09-30T14:00:00+00:00,63852.9,63989,63490.2,63723.9,15649.301
2024-09-30T15:00:00+00:00,63723.9,63964.7,63510,63535.6,10321.581
2024-09-30T16:00:00+00:00,63535.7,63722.4,63430,63465.6,8978.516
2024-09-30T17:00:00+00:00,63465.6,63689.2,63350,63674,8848.922
2024-09-30T18:00:00+00:00,63674,63718.2,63036.2,63306.7,17933.827
2024-09-30T19:00:00+00:00,63306.8,63621.8,63254.4,63472.8,9708.439
2024-09-30T20:00:00+00:00,63472.9,63845,63426.6,63788.7,6285.939
2024-09-30T21:00:00+00:00,63788.8,63813,63610.3,63678.7,2927.323
2024-09-30T22:00:00+00:00,63678.8,63746.6,63450.4,63458.3,3837.703
2024-09-30T23:00:00+00:00,63458.3,63591.5,62825,63309.1,18129.367
2024-10-01T00:00:00+00:00,63309,63601.7,63000,63513.2,13510.1
2024-10-01T01:00:00+00:00,63513.2,63627.5,63345.7,63447.3,6383.848
2024-10-01T02:00:00+00:00,63447.2,63447.2,63150,63427.8,4795.932
2024-10-01T03:00:00+00:00,63427.8,63732,63410.9,63707.2,5455.182
2024-10-01T04:00:00+00:00,63707.2,63850,63627.6,63835.9,5837.888
2024-10-01T05:00:00+00:00,63836,63872,63650,63733.9,3414.764
2024-10-01T06:00:00+00:00,63733.9,64070,63731,64005.8,8166.372
2024-10-01T07:00:00+00:00,64005.9,64092.6,63890.7,64017,6104.641
2024-10-01T08:00:00+00:00,64016.9,64071,63810.1,63923.7,4525.193
2024-10-01T09:00:00+00:00,63923.7,64075.5,63823.7,63834.3,4677.318
2024-10-01T10:00:00+00:00,63834.2,63916.9,63683.1,63884.6,5472.096
2024-10-01T11:00:00+00:00,63884.6,63958,63691.4,63699.9,3912.303
2024-10-01T12:00:00+00:00,63700,63784,63551.4,63644.1,5531.892
2024-10-01T13:00:00+00:00,63644.1,63664,62500,62838.9,43863.859
2024-10-01T14:00:00+00:00,62838.9,63063,62400,62588.3,41656.346
2024-10-01T15:00:00+00:00,62588.2,62791.6,61801.6,62613.8,58579.631
2024-10-01T16:00:00+00:00,62613.8,62760,61900,62437.2,34371.249
2024-10-01T17:00:00+00:00,62437.2,62437.3,61100,62134.1,58611.013
2024-10-01T18:00:00+00:00,62134.1,62422.3,61841.8,61971.9,20135.838
2024-10-01T19:00:00+00:00,61971.9,62078.7,61584,61739.7,13667.91
2024-10-01T20:00:00+00:00,61739.8,61750.2,60128.2,60778.7,52318.761
2024-10-01T21:00:00+00:00,60778.7,61191.1,60629.1,61114,10769.682
2024-10-01T22:00:00+00:00,61114,61125,60589.5,60742.9,10151.864
2024-10-01T23:00:00+00:00,60742.8,61016.8,60616.3,60776.8,7904.153
2024-10-02T00:00:00+00:00,60776.7,61200,60703.3,61017,12728.051
2024-10-02T01:00:00+00:00,61017.1,61500,60971.3,61497,8116.52
2024-10-02T02:00:00+00:00,61496.9,61800,61404.8,61754.3,9364.867
2024-10-02T03:00:00+00:00,61754.3,61858.2,61629.6,61718,7253.09
2024-10-02T04:00:00+00:00,61718.1,61722.6,61415.1,61473,8384.775
2024-10-02T05:00:00+00:00,61472.9,61587.4,61325,61466.7,5198.709
2024-10-02T06:00:00+00:00,61466.7,61763,61330,61672.9,6351.891
2024-10-02T07:00:00+00:00,61672.9,61926.7,61552,61702.5,7211.834
2024-10-02T08:00:00+00:00,61702.5,61888.2,61584.6,61773.3,5107.859
2024-10-02T09:00:00+00:00,61773.4,61789.8,61111,61251.4,12974.132
2024-10-02T10:00:00+00:00,61251.3,61532.4,61135,61172.2,9638.057
2024-10-02T11:00:00+00:00,61172.3,61362,60856.8,61140.8,14401.346
2024-10-02T12:00:00+00:00,61140.8,61197,60666,60780.2,17868.152
2024-10-02T13:00:00+00:00,60780.3,61443,60495,61320.7,30107.408
2024-10-02T14:00:00+00:00,61320.7,61671.3,61045.3,61051.1,25533.278
2024-10-02T15:00:00+00:00,61051.2,61902.6,61005.3,61833.9,18277.932
2024-10-02T16:00:00+00:00,61833.9,62355,61751.5,61773.8,21906.448
2024-10-02T17:00:00+00:00,61773.9,61812.6,61212,61598.3,14027.326
2024-10-02T18:00:00+00:00,61598.4,61665.2,60735,60740.1,18105.637
2024-10-02T19:00:00+00:00,60740.1,60906.6,59934.9,60155,39603.227
2024-10-02T20:00:00+00:00,60155,60972.9,60091.3,60895,17745.138
2024-10-02T21:00:00+00:00,60894.9,60922.2,60627,60803.5,5995.948
2024-10-02T22:00:00+00:00,60803.4,60828,60413.3,60822.4,7073.472
2024-10-02T23:00:00+00:00,60822.4,60838.2,60596.1,60622.6,4026.708
2024-10-03T00:00:00+00:00,60622.7,61077.5,60508.7,60959.2,12613.506
2024-10-03T01:00:00+00:00,60959.3,61159.4,60887.4,60999.9,7003.834
2024-10-03T02:00:00+00:00,60999.9,61246.4,60951.4,61155.6,4927.269
2024-10-03T03:00:00+00:00,61155.7,61445.1,61052.9,61434.3,7380.894
2024-10-03T04:00:00+00:00,61434.4,61452.6,61250.1,61299,5106.026
2024-10-03T05:00:00+00:00,61299,61331.6,61064.5,61150.5,5797.951
2024-10-03T06:00:00+00:00,61150.5,61385,61080,61299.8,3756.514
2024-10-03T07:00:00+00:00,61299.8,61399.4,60789.2,60898.6,10214.81
2024-10-03T08:00:00+00:00,60898.5,60954.8,60126,60329.6,22724.521
2024-10-03T09:00:00+00:00,60329.5,60753.2,60101.5,60693,13005.561
2024-10-03T10:00:00+00:00,60693,61012.1,60620,61001.9,7824.863
2024-10-03T11:00:00+00:00,61001.9,61047.3,60558,60733,10172.379
2024-10-03T12:00:00+00:00,60732.9,60743.6,60338.1,60444.3,11462.394
2024-10-03T13:00:00+00:00,60444.2,60556.2,59815,60347.2,35952.476
2024-10-03T14:00:00+00:00,60347,60909.1,60077,60143.1,33681.037
2024-10-03T15:00:00+00:00,60143.1,60650,60000,60606.5,20132.707
2024-10-03T16:00:00+00:00,60606.4,60754.9,60048,60140.1,19805.45
2024-10-03T17:00:00+00:00,60140,60702,59888,60608.6,20633.648
2024-10-03T18:00:00+00:00,60608.6,60834,60509.7,60693.8,6991.464
2024-10-03T19:00:00+00:00,60693.8,61024.1,60514.7,60998,7979.015
2024-10-03T20:00:00+00:00,60998,61073.7,60637,60749,7366.312
2024-10-03T21:00:00+00:00,60748.9,60929.4,60580,60783.4,4835.449
2024-10-03T22:00:00+00:00,60783.4,60960,60680.5,60868.6,3481.967
2024-10-03T23:00:00+00:00,60868.5,60958.3,60672,60727.2,3287.165
2024-10-04T00:00:00+00:00,60727.1,60786.2,60434.1,60477.2,7118.529
2024-10-04T01:00:00+00:00,60477.3,61230,60457.5,61194,13050.106
2024-10-04T02:00:00+00:00,61193.9,61247.4,60905,61009.6,5656.346
2024-10-04T03:00:00+00:00,61009.6,61044.7,60860.9,60928.7,3265.12
2024-10-04T04:00:00+00:00,60928.7,61174,60896.3,60968.7,5316.608
2024-10-04T05:00:00+00:00,60968.7,61210,60947.7,61193.9,3868.621
2024-10-04T06:00:00+00:00,61193.8,61324.4,61064,61088.9,5156.123
2024-10-04T07:00:00+00:00,61088.9,61476.1,61026,61403.9,7070.28
2024-10-04T08:00:00+00:00,61403.9,61616,61300,61410.4,8889.329
2024-10-04T09:00:00+00:00,61410.3,61555,61276.2,61310.1,6396.543
2024-10-04T10:00:00+00:00,61310.1,61405.5,61236,61257.5,4439.192
2024-10-04T11:00:00+00:00,61257.6,61454.3,61240.7,61423,5002.085
2024-10-04T12:00:00+00:00,61423,61899.4,61170.2,61891.8,26883.284
2024-10-04T13:00:00+00:00,61891.8,61985,61450,61545,19431.752
2024-10-04T14:00:00+00:00,61545,61550.5,60700.5,61205,30216.733
2024-10-04T15:00:00+00:00,61205,61846,61190.9,61843.1,20567.423
2024-10-04T16:00:00+00:00,61843.2,62268,61611,62205.1,19044.528
2024-10-04T17:00:00+00:00,62205.2,62309.8,61801.8,61952.8,10692.286
2024-10-04T18:00:00+00:00,61952.9,62333,61873,62315.3,7473.276
2024-10-04T19:00:00+00:00,62315.4,62442.8,62213.3,62337,8909.834
2024-10-04T20:00:00+00:00,62337.2,62457.1,62133.3,62379.5,5411.604
2024-10-04T21:00:00+00:00,62379.5,62430.2,62234,62242.9,2715.249
2024-10-04T22:00:00+00:00,62243,62319.8,62155.9,62182.1,3162.75
2024-10-04T23:00:00+00:00,62182.1,62182.2,61934,62054.4,5058.235
2024-10-05T00:00:00+00:00,62054.3,62159.1,62004.8,62135.6,3249.884
2024-10-05T01:00:00+00:00,62135.6,62169.3,61950.4,62036.6,3458.395
2024-10-05T02:00:00+00:00,62036.5,62038,61755,61782.4,3979.081
2024-10-05T03:00:00+00:00,61778.8,61934,61648,61835.5,5302.966
2024-10-05T04:00:00+00:00,61835.5,61994.3,61790.3,61915.4,2595.671
2024-10-05T05:00:00+00:00,61915.4,62137.5,61909.6,62111.1,3595.901
2024-10-05T06:00:00+00:00,62111,62228,62042.8,62197.8,2782.908
2024-10-05T07:00:00+00:00,62197.9,62242.4,62042.4,62043,3022.087
2024-10-05T08:00:00+00:00,62043,62173.3,62043,62128.9,1818.411
2024-10-05T09:00:00+00:00,62128.9,62298.2,62110.2,62219.2,3358.201
2024-10-05T10:00:00+00:00,62219.3,62239.8,62165.8,62185.9,1725.972
2024-10-05T11:00:00+00:00,62186,62209.8,62138.7,62149.1,1702.981
2024-10-05T12:00:00+00:00,62149.1,62278.9,62149,62276.1,2025.124
2024-10-05T13:00:00+00:00,62276.2,62344,62064,62118.4,4689.675
2024-10-05T14:00:00+00:00,62118.4,62212.6,62058.9,62161.1,2722.603
2024-10-05T15:00:00+00:00,62161,62195.2,62082.2,62131.4,1837.77
2024-10-05T16:00:00+00:00,62131.5,62159.4,61920,61925.1,4490.761
2024-10-05T17:00:00+00:00,61925.1,62008,61866,61984.9,3389.397
2024-10-05T18:00:00+00:00,61984.9,62025.3,61801.6,61826.5,4113.051
2024-10-05T19:00:00+00:00,61826.6,61881.7,61740.4,61822.4,3852.021
2024-10-05T20:00:00+00:00,61822.4,61822.4,61692.3,61699.2,3247.403
2024-10-05T21:00:00+00:00,61699.1,61913.2,61671.9,61826.7,2660.907
2024-10-05T22:00:00+00:00,61826.6,62068.2,61817.4,62007.3,3062.833
2024-10-05T23:00:00+00:00,62007.3,62076.9,61943.8,62023.1,1646.778
2024-10-06T00:00:00+00:00,62023.1,62067.6,61857,61892,2225.138
2024-10-06T01:00:00+00:00,61892,62132.4,61887.6,62053.5,2941.024
2024-10-06T02:00:00+00:00,62053.5,62088,61910,61933,1842.318
2024-10-06T03:00:00+00:00,61933.1,61997,61840.5,61852.4,1970.288
2024-10-06T04:00:00+00:00,61852.5,61940,61778.9,61850.2,1966.442
2024-10-06T05:00:00+00:00,61850.1,61950,61811.2,61913,1916.017
2024-10-06T06:00:00+00:00,61912.9,61987.7,61854.5,61932,1515.892
2024-10-06T07:00:00+00:00,61932.1,61977.7,61913.7,61919.8,1072.643
2024-10-06T08:00:00+00:00,61919.8,62047.9,61890,61961.6,2367.554
2024-10-06T09:00:00+00:00,61961.6,62139.8,61941.1,62036.3,3017.005
2024-10-06T10:00:00+00:00,62036.3,62052.8,61973.8,61990.3,1328.173
2024-10-06T11:00:00+00:00,61990.3,62124.9,61975.2,62067.1,2242.533
2024-10-06T12:00:00+00:00,62067,62229.4,62027,62191.3,3994.855
2024-10-06T13:00:00+00:00,62191.3,62333,62191.2,62219.1,5640.68
2024-10-06T14:00:00+00:00,62219.1,62750,62155,62679.7,13141.059
2024-10-06T15:00:00+00:00,62679.7,62740,62412,62690.4,9227.685
2024-10-06T16:00:00+00:00,62690.4,62900,62561.1,62566,9868.25
2024-10-06T17:00:00+00:00,62566.1,62735,62511,62555.3,3313.574
2024-10-06T18:00:00+00:00,62555.2,62736.2,62551.5,62688.1,2016.724
2024-10-06T19:00:00+00:00,62688.1,62961.5,62550,62601.5,5499.335
2024-10-06T20:00:00+00:00,62601.4,62731.6,62547.4,62590,2809.768
2024-10-06T21:00:00+00:00,62590.1,62636.6,62265,62274.7,6192.856
2024-10-06T22:00:00+00:00,62274.8,62599.9,62272.7,62583.4,3102.848
2024-10-06T23:00:00+00:00,62583.3,62888,62583.3,62789.3,7200.792
2024-10-07T00:00:00+00:00,62789.2,63700,62620.1,63647.9,24248.272
2024-10-07T01:00:00+00:00,63653.1,63950,63630.6,63795.5,14163.371
2024-10-07T02:00:00+00:00,63795.5,63922,63561.6,63608.8,6873.987
2024-10-07T03:00:00+00:00,63608.9,63744,63302.2,63494.6,8141.415
2024-10-07T04:00:00+00:00,63494.5,63644.2,63425.1,63437.9,3875.162
2024-10-07T05:00:00+00:00,63437.9,63597.6,63291,63350.5,5514.807
2024-10-07T06:00:00+00:00,63350.4,63689.8,63281.6,63667.1,4897.798
2024-10-07T07:00:00+00:00,63667.1,63680.4,63404.4,63509.9,4752.822
2024-10-07T08:00:00+00:00,63509.9,63680,63483.3,63520.2,4917.092
2024-10-07T09:00:00+00:00,63520.2,63520.2,63050.9,63185.8,14616.82
2024-10-07T10:00:00+00:00,63185.7,63198.5,62855,62870,10818.899
2024-10-07T11:00:00+00:00,62870,63171,62621.9,63114.1,15654.481
2024-10-07T12:00:00+00:00,63114.1,63116.5,62805,62859.9,7027.293
2024-10-07T13:00:00+00:00,62859.9,63570.3,62800,63430,18080.229
2024-10-07T14:00:00+00:00,63430,64448.2,63430,63955.3,45578.709
2024-10-07T15:00:00+00:00,63955.3,63969.7,63453,63620,21570.53
2024-10-07T16:00:00+00:00,63620.1,63849.7,63385.3,63792,9075.919
2024-10-07T17:00:00+00:00,63792,63885,63500,63795.7,5756.609
2024-10-07T18:00:00+00:00,63795.7,63795.7,62700,62815.2,20351.455
2024-10-07T19:00:00+00:00,62815.3,63434.9,62815.3,63349.4,11762.818
2024-10-07T20:00:00+00:00,63349.4,63379.9,62950,62995.9,6301.229
2024-10-07T21:00:00+00:00,62995.8,63346.3,62968.6,63346.2,3512.771
2024-10-07T22:00:00+00:00,63346.2,63346.3,62350,62430.4,12290.057
2024-10-07T23:00:00+00:00,62430.4,62643,62091.8,62190.7,19166.83
2024-10-08T00:00:00+00:00,62190.6,62557.2,62126.3,62521.8,7774.313
2024-10-08T01:00:00+00:00,62521.9,62703,62276.4,62604.2,7708.279
2024-10-08T02:00:00+00:00,62604.2,62773.3,62389,62753.3,7107.237
2024-10-08T03:00:00+00:00,62753.3,62794,62489.8,62602.4,5974.831
2024-10-08T04:00:00+00:00,62602.3,62753.3,62502.2,62666.3,5948.999
2024-10-08T05:00:00+00:00,62666.3,62700,62280.2,62500,9618.996
2024-10-08T06:00:00+00:00,62500.1,62513.8,62160,62483.5,8164.564
2024-10-08T07:00:00+00:00,62483.5,62483.6,61941,62291.4,11806.928
2024-10-08T08:00:00+00:00,62291.4,62420,62159.8,62391.6,5548.539
2024-10-08T09:00:00+00:00,62391.7,62574,62275.1,62512.3,6405.957
2024-10-08T10:00:00+00:00,62512.2,62567.3,62380,62498.3,3992.877
2024-10-08T11:00:00+00:00,62498.4,62637,62440,62595.7,4317.116
2024-10-08T12:00:00+00:00,62595.8,62647.9,62393.6,62416.5,4982.483
2024-10-08T13:00:00+00:00,62416.4,63049,62307,63007.7,20189.346
2024-10-08T14:00:00+00:00,63007.7,63178.7,62138.6,62751.9,33164.302
2024-10-08T15:00:00+00:00,62752,62808.3,61836,62259.9,26550.073
2024-10-08T16:00:00+00:00,62259.9,62571.8,61988.1,62537.3,11592.677
2024-10-08T17:00:00+00:00,62537.3,62540,62050,62363.6,9520.751
2024-10-08T18:00:00+00:00,62363.5,62521,61906,62093,9296.125
2024-10-08T19:00:00+00:00,62092.9,62330.4,61843.6,62228.3,11824.905
2024-10-08T20:00:00+00:00,62228.5,62377.7,62120.7,62365,3843.551
2024-10-08T21:00:00+00:00,62365.4,62544.6,62290,62409.3,3220.39
2024-10-08T22:00:00+00:00,62409.3,62431,62123.9,62152.9,4002.657
2024-10-08T23:00:00+00:00,62153,62247.1,62000,62131.7,3720.463
2024-10-09T00:00:00+00:00,62131.8,62246,61962.8,62135.2,4777.754
2024-10-09T01:00:00+00:00,62135.2,62478.6,62076.9,62382.3,7127.837
2024-10-09T02:00:00+00:00,62382.3,62396.8,62234.1,62240,2709.306
2024-10-09T03:00:00+00:00,62239.9,62436.9,62114.9,62365,4738.052
2024-10-09T04:00:00+00:00,62365,62407.9,62267,62317.7,2078.453
2024-10-09T05:00:00+00:00,62317.7,62520.9,62317.7,62500,5393.009
2024-10-09T06:00:00+00:00,62500.1,62516.1,62350,62405,3374.391
2024-10-09T07:00:00+00:00,62405.1,62405.1,62164.7,62243,3787.031
2024-10-09T08:00:00+00:00,62243,62261.7,62025,62125.7,5749.926
2024-10-09T09:00:00+00:00,62125.7,62250,62070,62233.9,3501.291
2024-10-09T10:00:00+00:00,62234,62234,62030,62124,3975.919
2024-10-09T11:00:00+00:00,62124,62200,62076.9,62177.8,3282.633
2024-10-09T12:00:00+00:00,62177.7,62204.6,61735,61952.2,19016.242
2024-10-09T13:00:00+00:00,61952.2,62098,61721.1,61778.5,14290.799
2024-10-09T14:00:00+00:00,61778.4,62011.6,61600.1,61854.4,13457.371
2024-10-09T15:00:00+00:00,61854.3,62386,61749,62285.4,17823.456
2024-10-09T16:00:00+00:00,62285.4,62320,61660.5,61784.5,18309.154
2024-10-09T17:00:00+00:00,61784.4,61886,61645,61727.3,6563.016
2024-10-09T18:00:00+00:00,61727.3,61797.8,61118.8,61174.2,19406.439
2024-10-09T19:00:00+00:00,61174.2,61205.1,60800.2,61013.7,15840.972
2024-10-09T20:00:00+00:00,61013.6,61092.5,60251.9,60388.6,22769.997
2024-10-09T21:00:00+00:00,60388.5,60930.8,60330.6,60866.7,9104.407
2024-10-09T22:00:00+00:00,60866.7,60881.8,60668.1,60764,5200.163
2024-10-09T23:00:00+00:00,60764,60801.4,60574.6,60606.4,5024.555
2024-10-10T00:00:00+00:00,60606.3,60669,60309,60415.6,10004.833
2024-10-10T01:00:00+00:00,60415.6,60828,60406,60774.2,7278.219
2024-10-10T02:00:00+00:00,60774.2,60912.7,60677.6,60851.5,4640.832
2024-10-10T03:00:00+00:00,60851.6,60930,60792.2,60838.7,3576.333
2024-10-10T04:00:00+00:00,60838.7,60934.8,60782.5,60837.2,3066.143
2024-10-10T05:00:00+00:00,60837.2,61031.8,60809,60909,3749.048
2024-10-10T06:00:00+00:00,60909,61128.1,60862.6,61110,4556.857
2024-10-10T07:00:00+00:00,61110,61117.2,60871,60871,4455.249
2024-10-10T08:00:00+00:00,60871.1,61043.6,60768.6,60796.6,5874.526
2024-10-10T09:00:00+00:00,60796.6,60959.9,60600,60906.9,8784.649
2024-10-10T10:00:00+00:00,60906.9,61188,60903.8,61048.1,6819.959
2024-10-10T11:00:00+00:00,61048.2,61297,61025,61235.9,6157.289
2024-10-10T12:00:00+00:00,61235.9,61294.7,60731.5,60934,20645.237
2024-10-10T13:00:00+00:00,60934,61230.8,60600,60910.2,18818.898
2024-10-10T14:00:00+00:00,60910.2,61027.9,60500,60573.7,14762.126
2024-10-10T15:00:00+00:00,60573.7,60798.8,60414,60769.9,12882.115
2024-10-10T16:00:00+00:00,60770,61020,60228,60277.7,15805.495
2024-10-10T17:00:00+00:00,60277.7,60444.7,59538.5,59589,33230.773
2024-10-10T18:00:00+00:00,59589,59591.1,58900,59468.5,40874.535
2024-10-10T19:00:00+00:00,59468.5,59736.4,59325,59696.9,10068.293
2024-10-10T20:00:00+00:00,59696.9,59998.9,59550,59771.4,10045.17
2024-10-10T21:00:00+00:00,59771.4,60174,59660,60172.5,6834.603
2024-10-10T22:00:00+00:00,60172.4,60222,59918.4,60120.8,6073.809
2024-10-10T23:00:00+00:00,60120.9,60295.7,60120,60293.2,3942.662
2024-10-11T00:00:00+00:00,60293.3,60330,60132.5,60160,6086.231
2024-10-11T01:00:00+00:00,60160,60749.9,60057.8,60543.7,10020.365
2024-10-11T02:00:00+00:00,60543.7,60638.3,60325.5,60520.6,6378.387
2024-10-11T03:00:00+00:00,60520.7,60677.5,60520.6,60572.6,4101.075
2024-10-11T04:00:00+00:00,60572.6,60689.2,60541.6,60676.3,4305.298
2024-10-11T05:00:00+00:00,60676.2,60740,60561.4,60565,3992.082
2024-10-11T06:00:00+00:00,60565,60893.4,60565,60763.3,6265.061
2024-10-11T07:00:00+00:00,60763.3,60880,60626.2,60643.3,4608.105
2024-10-11T08:00:00+00:00,60643.2,60778,60618.4,60631.6,3485.037
2024-10-11T09:00:00+00:00,60631.7,61082.9,60618.5,61047.3,9813.849
2024-10-11T10:00:00+00:00,61047.3,61213,60962.1,61124.9,10913.18
2024-10-11T11:00:00+00:00,61124.9,61228.9,61042.9,61140,4791.385
2024-10-11T12:00:00+00:00,61140.1,61461.8,61091.8,61349.9,13510.434
2024-10-11T13:00:00+00:00,61349.9,61850,61150.3,61649.9,22724.205
2024-10-11T14:00:00+00:00,61649.9,61924.3,61592,61717.9,21541.832
2024-10-11T15:00:00+00:00,61717.9,62432.6,61717.8,62218,30028.862
2024-10-11T16:00:00+00:00,62218,62400,62080.1,62229.1,19499.173
2024-10-11T17:00:00+00:00,62229.1,62915,62125,62880,22856.285
2024-10-11T18:00:00+00:00,62879.9,62945,62673.8,62889.4,10253.675
2024-10-11T19:00:00+00:00,62889.4,63400,62772,63042.4,23043.696
2024-10-11T20:00:00+00:00,63042.3,63055.7,62883.4,62957.2,4044.583
2024-10-11T21:00:00+00:00,62957.2,63144,62774.9,62817.6,5486.857
2024-10-11T22:00:00+00:00,62817.6,62888,62353,62425.6,10179.573
2024-10-11T23:00:00+00:00,62425.7,62639.5,62328,62509,5761.912
2024-10-12T00:00:00+00:00,62509,62900,62464,62802.9,8144.715
2024-10-12T01:00:00+00:00,62803,63055.9,62660,62706.9,7525.206
2024-10-12T02:00:00+00:00,62706.8,62736.8,62485.8,62532,4309.483
2024-10-12T03:00:00+00:00,62532.1,62605.5,62458,62537,3231.778
2024-10-12T04:00:00+00:00,62537.1,62724,62537,62561.1,3716.302
2024-10-12T05:00:00+00:00,62561.1,62770,62550,62744.1,2303.851
2024-10-12T06:00:00+00:00,62744,62744.1,62639,62659.9,1595.828
2024-10-12T07:00:00+00:00,62659.9,62748,62611.5,62734.1,2512.867
2024-10-12T08:00:00+00:00,62734,62758.8,62665,62691.5,1928.514
2024-10-12T09:00:00+00:00,62691.6,62815.3,62645.5,62815.3,1855.871
2024-10-12T10:00:00+00:00,62815.2,63023.6,62777,63006.5,5409.473
2024-10-12T11:00:00+00:00,63006.5,63248,62875.6,62900.3,8373.729
2024-10-12T12:00:00+00:00,62900.4,63033.9,62781,63016.2,4824.639
2024-10-12T13:00:00+00:00,63016.3,63130.4,62931,63038,4082.309
2024-10-12T14:00:00+00:00,63038.1,63386.7,62975.8,63200,7571.427
2024-10-12T15:00:00+00:00,63200,63462.6,63018.7,63124.8,10319.286
2024-10-12T16:00:00+00:00,63124.9,63366.8,63023,63024.1,5546.518
2024-10-12T17:00:00+00:00,63024.2,63230,63007.2,63062.4,4068.536
2024-10-12T18:00:00+00:00,63062.4,63147,62900,62906.9,4355.734
2024-10-12T19:00:00+00:00,62906.9,63047.7,62862,62966.3,2388.26
2024-10-12T20:00:00+00:00,62966.2,63088.2,62966.2,63006.2,1823.066
2024-10-12T21:00:00+00:00,63006.2,63198,63006.2,63184.8,1872.029
2024-10-12T22:00:00+00:00,63184.8,63299.9,63102.8,63259.6,2530.18
2024-10-12T23:00:00+00:00,63259.6,63345.2,63139.6,63176,2494.805
2024-10-13T00:00:00+00:00,63176,63260,62990.7,63149.1,3931.296
2024-10-13T01:00:00+00:00,63149.1,63149.2,62764.8,62846,9722.89
2024-10-13T02:00:00+00:00,62846.1,62888.8,62662,62839.3,5008.894
2024-10-13T03:00:00+00:00,62839.3,62869.8,62615.4,62686.2,3879.737
2024-10-13T04:00:00+00:00,62686.2,62832,62675.4,62789,2167.053
2024-10-13T05:00:00+00:00,62788.9,62937.3,62778.9,62826.6,2578.994
2024-10-13T06:00:00+00:00,62826.7,62960,62826,62838.7,1806.357
2024-10-13T07:00:00+00:00,62838.6,62886.6,62693,62819,2697.674
2024-10-13T08:00:00+00:00,62819,62938.1,62765,62785.7,2441.03
2024-10-13T09:00:00+00:00,62785.7,62843.1,62736.2,62799.1,1778.102
2024-10-13T10:00:00+00:00,62799.2,62800,62650.5,62669.9,2335.852
2024-10-13T11:00:00+00:00,62669.9,62754.6,62486.1,62528.5,6800.871
2024-10-13T12:00:00+00:00,62528.4,62710,62515.2,62637.7,4137.166
2024-10-13T13:00:00+00:00,62637.8,62811,62594,62628.4,3742.185
2024-10-13T14:00:00+00:00,62628.3,62634.3,62170.1,62222,11676.353
2024-10-13T15:00:00+00:00,62221.9,62323,62020,62195.3,13013.579
2024-10-13T16:00:00+00:00,62195.2,62697.6,62141.1,62594,12619.86
2024-10-13T17:00:00+00:00,62594,62864.8,62381,62489.6,10887.97
2024-10-13T18:00:00+00:00,62489.6,62599,62265.5,62380.1,6536.849
2024-10-13T19:00:00+00:00,62380.1,62713.9,62380.1,62699.3,3603.316
2024-10-13T20:00:00+00:00,62699.2,62744.9,62574.1,62735.1,2323.94
2024-10-13T21:00:00+00:00,62735.1,62994.3,62650,62861,5581.618
2024-10-13T22:00:00+00:00,62861,63118.3,62692.4,62810.5,6314.45
2024-10-13T23:00:00+00:00,62810.4,62873.6,62594.2,62839.8,4110.12
2024-10-14T00:00:00+00:00,62839.7,62875.1,62420,62483.4,5894.533
2024-10-14T01:00:00+00:00,62483.3,62795,62476.3,62598.1,3604.037
2024-10-14T02:00:00+00:00,62598.2,62607.7,62442.4,62581.6,3114.552
2024-10-14T03:00:00+00:00,62581.6,64377.6,62577.5,64281.6,37129.929
2024-10-14T04:00:00+00:00,64280.8,64518.2,64077,64115.9,21735.363
2024-10-14T05:00:00+00:00,64116,64135.2,63752.8,63908.1,10660.541
2024-10-14T06:00:00+00:00,63908,64218,63769.2,64070.6,10844.474
2024-10-14T07:00:00+00:00,64070.5,64676.7,64001,64599.6,19921.071
2024-10-14T08:00:00+00:00,64599.5,64850,64353.9,64404,16147.734
2024-10-14T09:00:00+00:00,64404,64900.1,64306.9,64796.2,14706.542
2024-10-14T10:00:00+00:00,64796.2,65000,64685,64838.1,11377.894
2024-10-14T11:00:00+00:00,64838,65221.6,64775.1,64899.4,11197.515
2024-10-14T12:00:00+00:00,64899.5,65007.4,64726.5,64844.3,11989.033
2024-10-14T13:00:00+00:00,64844.3,65299.9,64630,65120,20089.603
2024-10-14T14:00:00+00:00,65120.1,66288,65085.2,65895.7,50543.85
2024-10-14T15:00:00+00:00,65895.7,66091.8,65788.6,65850.9,14506.619
2024-10-14T16:00:00+00:00,65850.9,66001.6,65603,65684,14131.584
2024-10-14T17:00:00+00:00,65684.1,65843.4,65520,65618.7,8170.078
2024-10-14T18:00:00+00:00,65618.7,65949.7,65552.9,65748.6,9246.45
2024-10-14T19:00:00+00:00,65748.5,66066,65694.4,65901,9619.46
2024-10-14T20:00:00+00:00,65900.9,66030,65786.6,65906.3,4607.035
2024-10-14T21:00:00+00:00,65906.2,65980,65710,65759,3112.408
2024-10-14T22:00:00+00:00,65758.9,66506.5,65745.3,66431.9,16495.512
2024-10-14T23:00:00+00:00,66431.8,66533,66021,66064.9,9405.784
2024-10-15T00:00:00+00:00,66064.9,66312.4,65831,65905.2,10150.258
2024-10-15T01:00:00+00:00,65905.2,65992.9,65693.4,65846,5446.097
2024-10-15T02:00:00+00:00,65845.9,65908.5,65678,65740.1,4668.437
2024-10-15T03:00:00+00:00,65740,65740.1,65300,65382.1,10571.612
2024-10-15T04:00:00+00:00,65382.2,65678.7,65300,65587.4,7125.492
2024-10-15T05:00:00+00:00,65587.4,65594.3,65200.1,65346.9,7642.972
2024-10-15T06:00:00+00:00,65347,65600,65261.8,65543.7,5104.334
2024-10-15T07:00:00+00:00,65543.7,65830,65536.5,65638.4,7829.048
2024-10-15T08:00:00+00:00,65638.4,65838.9,65608,65733,4977.724
2024-10-15T09:00:00+00:00,65733,65756.4,65571.1,65617.9,3946.282
2024-10-15T10:00:00+00:00,65617.9,65733.2,65553,65662.5,3613.117
2024-10-15T11:00:00+00:00,65662.4,65705.1,65255,65385.3,13964.566
2024-10-15T12:00:00+00:00,65385.3,65950,65366.1,65777.8,12101.88
2024-10-15T13:00:00+00:00,65777.7,67772.2,65746,67646.7,49137.858
2024-10-15T14:00:00+00:00,67646.8,67953.7,65102.4,65342.7,99011.583
2024-10-15T15:00:00+00:00,65345.1,66280,64771.7,65994.6,58092.484
2024-10-15T16:00:00+00:00,65994.7,67207.1,65952.6,66848,34757.443
2024-10-15T17:00:00+00:00,66848.3,67040.5,66477.1,66784.4,16124.422
2024-10-15T18:00:00+00:00,66784.5,67372.9,66731,66875.7,13712.57
2024-10-15T19:00:00+00:00,66875.8,67029.5,66558,66937.1,14252.561
2024-10-15T20:00:00+00:00,66937,66981,66342.9,66439.7,11324.549
2024-10-15T21:00:00+00:00,66439.7,66588,66095.8,66401.7,12292.308
2024-10-15T22:00:00+00:00,66401.7,66967.8,66380.6,66723.9,8773.846
2024-10-15T23:00:00+00:00,66723.9,67136,66650,67044.1,7384.068
2024-10-16T00:00:00+00:00,67044,67119.7,66735.4,66858.7,6620.185
2024-10-16T01:00:00+00:00,66858.8,67485,66724.2,67345.4,12900.903
2024-10-16T02:00:00+00:00,67345.4,67548.6,67206.9,67248.8,7326.415
2024-10-16T03:00:00+00:00,67248.9,67266,67052.7,67064.5,4493.043
2024-10-16T04:00:00+00:00,67064.5,67218.8,66859.9,66963.6,5279.494
2024-10-16T05:00:00+00:00,66963.7,67335.9,66896.7,67191,6105.401
2024-10-16T06:00:00+00:00,67190.9,67278.1,66934.7,67022.6,5423.602
2024-10-16T07:00:00+00:00,67022.5,67022.5,66732.7,66948.8,7239.577
2024-10-16T08:00:00+00:00,66948.8,67285.5,66888,67103.9,8125.358
2024-10-16T09:00:00+00:00,67103.9,67449.9,67055,67398.9,8472.287
2024-10-16T10:00:00+00:00,67399,67816.7,67296,67709.7,17536.601
2024-10-16T11:00:00+00:00,67711.7,68400,67568,67872.3,33354.888
2024-10-16T12:00:00+00:00,67872.3,68044,67640,67807.9,14273.024
2024-10-16T13:00:00+00:00,67808,67949,67076,67359.9,25837.746
2024-10-16T14:00:00+00:00,67359.9,68299.9,67320.2,67658.2,33023.843
2024-10-16T15:00:00+00:00,67658.2,68030.6,67357.1,67726,12217.717
2024-10-16T16:00:00+00:00,67725.9,67902.7,67447.1,67790.4,10579.76
2024-10-16T17:00:00+00:00,67790.4,68087.9,67658,67919.9,8346.437
2024-10-16T18:00:00+00:00,67919.8,68048.3,67760,67800.5,5225.444
2024-10-16T19:00:00+00:00,67800.4,67937.4,67595,67692.4,6089.098
2024-10-16T20:00:00+00:00,67692.4,67945,67600,67600.1,5950.442
2024-10-16T21:00:00+00:00,67600.1,67692.1,67468.1,67547.1,3701.025
2024-10-16T22:00:00+00:00,67547.1,67837.1,67545.4,67759.7,3061.604
2024-10-16T23:00:00+00:00,67759.7,67801.1,67573.1,67592,2969.607
2024-10-17T00:00:00+00:00,67592,67925.9,67550.8,67693.4,4739.498
2024-10-17T01:00:00+00:00,67693.4,67884.9,67369.3,67876.7,8918.698
2024-10-17T02:00:00+00:00,67876.8,67876.8,67373,67444,6398.787
2024-10-17T03:00:00+00:00,67444.1,67678,67406,67570,3765.291
2024-10-17T04:00:00+00:00,67570.1,67570.1,67228,67234.4,6328.754
2024-10-17T05:00:00+00:00,67234.5,67447.9,67231.2,67307.7,4209.602
2024-10-17T06:00:00+00:00,67307.7,67480,67104,67141.4,7493.161
2024-10-17T07:00:00+00:00,67141.4,67305.1,67054.2,67280.8,9085.438
2024-10-17T08:00:00+00:00,67280.8,67455,67156.3,67430.1,5886.79
2024-10-17T09:00:00+00:00,67430.1,67516.7,67163.1,67174.8,4838.426
2024-10-17T10:00:00+00:00,67174.9,67299.9,66766,67187.9,14815.758
2024-10-17T11:00:00+00:00,67188,67271.9,66789.3,66853.6,9389.936
2024-10-17T12:00:00+00:00,66853.5,67173.8,66790.8,67150,8693.002
2024-10-17T13:00:00+00:00,67150,67338.6,66660,66993.9,22475.209
2024-10-17T14:00:00+00:00,66994,67304,66600,67096.9,25666.46
2024-10-17T15:00:00+00:00,67097,67673.9,66889.6,67561.9,18198.924
2024-10-17T16:00:00+00:00,67561.9,67570,67090.6,67354.2,10679.92
2024-10-17T17:00:00+00:00,67354.2,67505.9,67121.3,67256.4,7356.461
2024-10-17T18:00:00+00:00,67256.4,67280.5,66682.3,66910.5,18378.797
2024-10-17T19:00:00+00:00,66910.4,67008,66752.5,66821.1,5731.831
2024-10-17T20:00:00+00:00,66821.1,67131,66802.6,66924,5153.124
2024-10-17T21:00:00+00:00,66923.9,67114.4,66919,67059.9,2571.7
2024-10-17T22:00:00+00:00,67060,67462,67060,67427.6,5474.737
2024-10-17T23:00:00+00:00,67427.7,67473.5,67265.4,67401.5,4022.533
2024-10-18T00:00:00+00:00,67401.5,67444.8,67165,67190.3,5290.069
2024-10-18T01:00:00+00:00,67190.2,68268,67170,68080.1,18380.772
2024-10-18T02:00:00+00:00,68080,68130,67771.2,68085,10124.857
2024-10-18T03:00:00+00:00,68084.9,68089.9,67500,67532.3,9053.904
2024-10-18T04:00:00+00:00,67532.3,67857.3,67520.1,67721.1,6263.261
2024-10-18T05:00:00+00:00,67721.1,68040.8,67611.2,67983.5,5954.747
2024-10-18T06:00:00+00:00,67983.4,68371,67900.2,68083.8,15013.343
2024-10-18T07:00:00+00:00,68083.9,68180,67849.8,67955,8757.482
2024-10-18T08:00:00+00:00,67955.1,68044.8,67813.1,67898,4963.273
2024-10-18T09:00:00+00:00,67898.1,68025,67738.2,67783,5213.362
2024-10-18T10:00:00+00:00,67783.1,67960.8,67759,67861.5,4447.266
2024-10-18T11:00:00+00:00,67861.5,68019.6,67656.6,67692.7,5430.558
2024-10-18T12:00:00+00:00,67692.7,67820.6,67629,67649.9,5667.704
2024-10-18T13:00:00+00:00,67649.8,68176.6,67640,68174,13583.097
2024-10-18T14:00:00+00:00,68174,68599.9,67916,68399.3,40439.074
2024-10-18T15:00:00+00:00,68399.4,68870.7,68256,68710,23011.899
2024-10-18T16:00:00+00:00,68710,68896.6,68338,68772,16601.826
2024-10-18T17:00:00+00:00,68771.9,68886.5,68625,68680,6712.709
2024-10-18T18:00:00+00:00,68680,69000,68528,68873.8,12556.845
2024-10-18T19:00:00+00:00,68873.7,68952.6,68540,68582.3,9083.082
2024-10-18T20:00:00+00:00,68582.3,68669.6,68370.7,68414.3,6093.704
2024-10-18T21:00:00+00:00,68414.5,68477.7,68203.4,68396.9,4083.391
2024-10-18T22:00:00+00:00,68397,68401.9,68173.4,68185.1,4893.459
2024-10-18T23:00:00+00:00,68185,68465.8,68180.3,68407.8,3682.077
2024-10-19T00:00:00+00:00,68407.8,68457.4,68278.8,68310.1,3527.203
2024-10-19T01:00:00+00:00,68310.1,68438.5,68300.5,68313.9,2562.978
2024-10-19T02:00:00+00:00,68313.9,68455.6,68307.9,68438,2411.349
2024-10-19T03:00:00+00:00,68438.1,68684.9,68414.6,68428.4,5627.394
2024-10-19T04:00:00+00:00,68428.4,68544.6,68300,68302.7,3422.662
2024-10-19T05:00:00+00:00,68302.7,68420,68292.3,68366.5,2145.202
2024-10-19T06:00:00+00:00,68366.4,68428.5,68305.2,68311.9,1792.402
2024-10-19T07:00:00+00:00,68312,68385.1,68270.8,68328.9,2086.952
2024-10-19T08:00:00+00:00,68328.9,68456,68317.9,68390,2267.379
2024-10-19T09:00:00+00:00,68390.1,68420,68319.1,68327.1,1442.554
2024-10-19T10:00:00+00:00,68327.1,68367.2,68220,68225.1,3489.625
2024-10-19T11:00:00+00:00,68225.1,68282,68042.5,68071.6,6059.59
2024-10-19T12:00:00+00:00,68071.6,68250.4,68063.5,68195,3153.675
2024-10-19T13:00:00+00:00,68195,68204,68088,68090,2211.881
2024-10-19T14:00:00+00:00,68090,68347.2,68089.9,68276.9,4448.983
2024-10-19T15:00:00+00:00,68276.9,68321.3,68140,68206.9,2835.666
2024-10-19T16:00:00+00:00,68206.9,68215.1,68020,68028,4132.197
2024-10-19T17:00:00+00:00,68028,68133.2,68000,68109.4,2273.083
2024-10-19T18:00:00+00:00,68109.4,68177.5,68068.9,68155.2,1585.017
2024-10-19T19:00:00+00:00,68155.2,68228.9,68119,68162.5,1678.112
2024-10-19T20:00:00+00:00,68162.5,68240.9,68145.2,68215.2,1430.773
2024-10-19T21:00:00+00:00,68215.2,68320,68185.5,68192.8,2463.234
2024-10-19T22:00:00+00:00,68192.8,68400.1,68168.2,68305.9,2986.736
2024-10-19T23:00:00+00:00,68306,68401.6,68272.8,68357.1,2597.461
2024-10-20T00:00:00+00:00,68357.1,68435.6,68203,68203.1,2842.81
2024-10-20T01:00:00+00:00,68203,68237.2,68124,68129.1,2185.418
2024-10-20T02:00:00+00:00,68129.2,68212,68082,68152.6,1590.107
2024-10-20T03:00:00+00:00,68152.6,68178,68069.8,68161.1,2517.912
2024-10-20T04:00:00+00:00,68161.1,68306,68154.5,68223.9,2295
2024-10-20T05:00:00+00:00,68223.9,68274.7,68156.1,68200,1892.781
2024-10-20T06:00:00+00:00,68200.1,68421,68151.3,68381.2,3085.08
2024-10-20T07:00:00+00:00,68381.2,68423,68339.8,68347,3493.361
2024-10-20T08:00:00+00:00,68347,68498,68333,68373.3,3162.178
2024-10-20T09:00:00+00:00,68373.2,68432.5,68330,68417.4,1569.426
2024-10-20T10:00:00+00:00,68417.5,68445.5,68350,68350.1,1558.366
2024-10-20T11:00:00+00:00,68350.1,68431.3,68350,68396.3,1025.375
2024-10-20T12:00:00+00:00,68396.4,68418.7,68233,68239.1,2856.529
2024-10-20T13:00:00+00:00,68239,68470,68176.7,68438.6,5774.32
2024-10-20T14:00:00+00:00,68438.6,68749,68438.5,68622.1,12253.821
2024-10-20T15:00:00+00:00,68622.1,68666,68333,68605,5510.338
2024-10-20T16:00:00+00:00,68605,68639.8,68470,68475.5,2599.265
2024-10-20T17:00:00+00:00,68475.5,68592.6,68384.3,68533.2,2659.775
2024-10-20T18:00:00+00:00,68533.3,68649,68530.5,68579.9,2054.487
2024-10-20T19:00:00+00:00,68580,68587.4,68464.9,68484.9,1988.354
2024-10-20T20:00:00+00:00,68484.9,68919.7,68431.9,68764,5824.565
2024-10-20T21:00:00+00:00,68764,68865.6,68630.9,68755.1,3807.048
2024-10-20T22:00:00+00:00,68755.1,69425.8,68570.8,69132.4,26377.555
2024-10-20T23:00:00+00:00,69132.5,69191.6,68906,69020.1,7015.621
2024-10-21T00:00:00+00:00,69020.2,69566,68957.2,69153.9,13681.405
2024-10-21T01:00:00+00:00,69153.9,69489,69091.2,69216.9,7418.577
2024-10-21T02:00:00+00:00,69216.8,69271.9,68688,68721.3,8895.872
2024-10-21T03:00:00+00:00,68721.4,68944,68590,68938,7448.457
2024-10-21T04:00:00+00:00,68937.9,69042.7,68781.9,69035,4114.119
2024-10-21T05:00:00+00:00,69035.1,69200,68947.1,68981.2,5058.882
2024-10-21T06:00:00+00:00,68981.2,69159.7,68630.5,68692.6,6460.28
2024-10-21T07:00:00+00:00,68692.5,68807,68468,68519.3,10430.068
2024-10-21T08:00:00+00:00,68519.3,68675,68282.2,68304.3,9159.055
2024-10-21T09:00:00+00:00,68304.4,68443.7,68136,68394.3,8457.24
2024-10-21T10:00:00+00:00,68394.2,68507.4,68271,68293.8,4601.634
2024-10-21T11:00:00+00:00,68293.8,68455.6,68186.6,68250.9,5474.554
2024-10-21T12:00:00+00:00,68250.8,68350.8,68080,68223.8,7202.391
2024-10-21T13:00:00+00:00,68223.9,68267,67149.8,67330.1,42357.06
2024-10-21T14:00:00+00:00,67330.1,67632.8,67022,67300.1,25135.987
2024-10-21T15:00:00+00:00,67300.1,67380.8,66865.9,67354.3,22784.943
2024-10-21T16:00:00+00:00,67354.2,67354.3,66920,67349.9,12385.152
2024-10-21T17:00:00+00:00,67349.9,67679.5,67274.3,67537.6,10895.79
2024-10-21T18:00:00+00:00,67537.5,67542.8,67024,67330,10146.895
2024-10-21T19:00:00+00:00,67330,67949,67330,67755.4,11863.927
2024-10-21T20:00:00+00:00,67755.6,67808.2,67613,67730,3567.141
2024-10-21T21:00:00+00:00,67730,67928.4,67663.6,67783.7,3910.864
2024-10-21T22:00:00+00:00,67783.6,67865.4,67585.6,67769.9,4362.412
2024-10-21T23:00:00+00:00,67769.9,67770,67341.4,67368.8,7624.628
2024-10-22T00:00:00+00:00,67368.7,67399.6,66536.5,67132.5,24858.808
2024-10-22T01:00:00+00:00,67132.5,67530,67030,67500,7383.77
2024-10-22T02:00:00+00:00,67499.9,67688,67258.9,67312,6025.169
2024-10-22T03:00:00+00:00,67312.1,67550,67285.2,67390.3,4188.603
2024-10-22T04:00:00+00:00,67390.3,67499.5,67278,67493.7,2759.33
2024-10-22T05:00:00+00:00,67493.7,67650.1,67450.2,67574,3819.207
2024-10-22T06:00:00+00:00,67574,67784.9,67557.8,67557.8,6308.306
2024-10-22T07:00:00+00:00,67557.8,67690,67360,67387.3,4550.271
2024-10-22T08:00:00+00:00,67387.2,67387.3,66884,66924,12556.268
2024-10-22T09:00:00+00:00,66924.1,67118.3,66740,66941,10733.549
2024-10-22T10:00:00+00:00,66941,67220,66840.5,67166.8,8791.814
2024-10-22T11:00:00+00:00,67166.8,67524.6,67138.7,67280.6,9270.781
2024-10-22T12:00:00+00:00,67280.6,67470.7,66830.1,66965.1,10831.987
2024-10-22T13:00:00+00:00,66965.2,67150,66613,66969.9,18580.851
2024-10-22T14:00:00+00:00,66970,67718,66796,67548.7,27996.779
2024-10-22T15:00:00+00:00,67548.7,67686.7,67083.4,67266.8,12398.757
2024-10-22T16:00:00+00:00,67266.8,67266.8,66902.1,66953.5,9330.022
2024-10-22T17:00:00+00:00,66953.6,67438.6,66930,67313.5,9095.864
2024-10-22T18:00:00+00:00,67313.6,67513.9,67220.3,67355,5639.174
2024-10-22T19:00:00+00:00,67355,67630,67319.5,67466.8,5530.321
2024-10-22T20:00:00+00:00,67466.2,67567.1,67401.7,67504,3158.218
2024-10-22T21:00:00+00:00,67504,67541.7,67383.6,67514.1,2159.325
2024-10-22T22:00:00+00:00,67514.1,67825,67464,67699.9,7627.387
2024-10-22T23:00:00+00:00,67700,67766,67266.6,67406.4,4924.416
2024-10-23T00:00:00+00:00,67406.5,67449,67106.8,67156.9,5780.028
2024-10-23T01:00:00+00:00,67156.8,67374,67155,67334.5,2864.439
2024-10-23T02:00:00+00:00,67334.5,67373.9,67046.5,67082.4,3438.717
2024-10-23T03:00:00+00:00,67082.4,67171.5,66856.7,67057.8,5992.694
2024-10-23T04:00:00+00:00,67057.8,67220,66974.2,67195.9,3202.361
2024-10-23T05:00:00+00:00,67195.9,67209.6,67027.6,67072.3,2672.588
2024-10-23T06:00:00+00:00,67072.2,67290,66880,66901,5528.523
2024-10-23T07:00:00+00:00,66901,66990.9,66779.5,66838,7396.542
2024-10-23T08:00:00+00:00,66838,67046.8,66398.8,66513.7,16657.718
2024-10-23T09:00:00+00:00,66513.6,66594,66150,66493,19122.447
2024-10-23T10:00:00+00:00,66493.1,66633.6,66379.1,66390.8,5980.742
2024-10-23T11:00:00+00:00,66390.8,66592.1,66277.3,66406.1,6003.808
2024-10-23T12:00:00+00:00,66406.1,66500,66095.2,66397.7,14240.774
2024-10-23T13:00:00+00:00,66397.7,66921.7,66342.4,66780.6,13511.545
2024-10-23T14:00:00+00:00,66780.6,66864.6,66402.3,66472.8,10417.504
2024-10-23T15:00:00+00:00,66472.8,66475.9,65900,66201.6,23469.053
2024-10-23T16:00:00+00:00,66201.7,66310.9,65774,65867.5,17561.008
2024-10-23T17:00:00+00:00,65867.4,65974.4,65623,65713.6,17843.046
2024-10-23T18:00:00+00:00,65713.7,66050,65222.3,66037.1,28564.195
2024-10-23T19:00:00+00:00,66037,66566,65860,66465.2,16392.983
2024-10-23T20:00:00+00:00,66465.3,66670,66300,66654.4,7190.157
2024-10-23T21:00:00+00:00,66654.4,66670,66343.1,66400.9,4100.66
2024-10-23T22:00:00+00:00,66401,66570,66331.7,66460.3,4062.801
2024-10-23T23:00:00+00:00,66460.3,66806.2,66441.2,66647.2,6220.725
2024-10-24T00:00:00+00:00,66647.3,67478.4,66482,67423.4,13542.64
2024-10-24T01:00:00+00:00,67423.5,67615.3,67015.9,67246.9,14578.685
2024-10-24T02:00:00+00:00,67246.9,67520.1,67129.7,67440,5913.801
2024-10-24T03:00:00+00:00,67440,67456.6,67192.7,67192.7,3855.371
2024-10-24T04:00:00+00:00,67192.7,67416.1,67190.4,67362,3049.824
2024-10-24T05:00:00+00:00,67361.3,67456.7,67325.5,67338.9,2874.064
2024-10-24T06:00:00+00:00,67338.8,67457,67103.5,67108,5371.273
2024-10-24T07:00:00+00:00,67108,67306.3,67050,67104.4,5851.458
2024-10-24T08:00:00+00:00,67104.5,67238,66822.7,66835.8,7245.372
2024-10-24T09:00:00+00:00,66835.8,66988.1,66700,66867.3,8768.646
2024-10-24T10:00:00+00:00,66867.3,67114.2,66825,66986,5631.963
2024-10-24T11:00:00+00:00,66986,67327.2,66973.4,67276.3,6645.948
2024-10-24T12:00:00+00:00,67276.3,67599.8,67243.3,67500.5,10991.721
2024-10-24T13:00:00+00:00,67500.4,68000,67414.1,67882.7,21543.862
2024-10-24T14:00:00+00:00,67882.7,67964.4,67490.6,67758.6,15976.266
2024-10-24T15:00:00+00:00,67758.6,67955,67573.9,67672.7,9736.755
2024-10-24T16:00:00+00:00,67672.7,67796.6,67329.2,67560.3,11489.599
2024-10-24T17:00:00+00:00,67560.3,67852.5,67436.6,67634,6349.836
2024-10-24T18:00:00+00:00,67634,67942,67603.8,67805.1,5318.273
2024-10-24T19:00:00+00:00,67805,68296,67700,68279.7,12526.212
2024-10-24T20:00:00+00:00,68279.7,68320.5,67890,68172.5,8765.71
2024-10-24T21:00:00+00:00,68172.6,68842.5,68172.6,68324.5,16445.94
2024-10-24T22:00:00+00:00,68324.5,68540,68158.3,68164.8,5929.382
2024-10-24T23:00:00+00:00,68164.7,68253.8,68030.3,68173.8,3938.121
2024-10-25T00:00:00+00:00,68173.8,68256.5,67883.4,67962.2,7423.52
2024-10-25T01:00:00+00:00,67962.2,67980.6,67816.7,67947.2,4801.042
2024-10-25T02:00:00+00:00,67947.1,68060.2,67800,68039.9,4702.977
2024-10-25T03:00:00+00:00,68039.9,68216.4,67953.7,67983.1,4389.046
2024-10-25T04:00:00+00:00,67983.2,68019.3,67663,67712.4,8233.727
2024-10-25T05:00:00+00:00,67712.3,67851.9,67554.8,67734.6,5813.679
2024-10-25T06:00:00+00:00,67734.6,67833.4,67562.7,67613.7,5164.882
2024-10-25T07:00:00+00:00,67613.7,67704,67222.4,67503.6,11467.582
2024-10-25T08:00:00+00:00,67503.6,67733.6,67289.5,67636.9,8626.205
2024-10-25T09:00:00+00:00,67637,67850.5,67500,67811,7243.244
2024-10-25T10:00:00+00:00,67811,67855,67648.4,67835,4816.675
2024-10-25T11:00:00+00:00,67835,68158,67767.6,68081.6,8548.115
2024-10-25T12:00:00+00:00,68081.6,68277,67951,68037.3,8687.706
2024-10-25T13:00:00+00:00,68037.4,68415,67707.8,68314.4,15008.41
2024-10-25T14:00:00+00:00,68314.4,68748,68106,68288.4,24222.845
2024-10-25T15:00:00+00:00,68288.4,68523.3,67397.1,67660.6,21559.48
2024-10-25T16:00:00+00:00,67660.6,67895.5,67320.6,67645.5,17887.023
2024-10-25T17:00:00+00:00,67645.5,67787.9,66716.5,66807.7,25828.444
2024-10-25T18:00:00+00:00,66807.7,67554.9,65950.3,66993.1,66329.597
2024-10-25T19:00:00+00:00,66993.1,67193.3,66585.1,66825.8,20299.432
2024-10-25T20:00:00+00:00,66825.7,67016.2,66590,66912.7,8323.038
2024-10-25T21:00:00+00:00,66912.7,67272.3,66912.7,67265.7,5358.562
2024-10-25T22:00:00+00:00,67265.7,67376.9,66595,66600,9657.706
2024-10-25T23:00:00+00:00,66600.1,66776.4,65557.2,66662.8,44118.934
2024-10-26T00:00:00+00:00,66662.7,66824.1,66511.2,66716.6,10338.114
2024-10-26T01:00:00+00:00,66716.6,66792.8,66520,66680.1,5432.139
2024-10-26T02:00:00+00:00,66680.1,67016.1,66414.1,66818.3,7966.812
2024-10-26T03:00:00+00:00,66818.4,66960,66673,66885.7,3755.341
2024-10-26T04:00:00+00:00,66885.8,66963,66730.1,66916.4,3208.813
2024-10-26T05:00:00+00:00,66916.5,67198.7,66916.4,67104,5188.362
2024-10-26T06:00:00+00:00,67104,67211.2,67015,67137,2994.429
2024-10-26T07:00:00+00:00,67137.1,67156.4,66972,66982,3150.044
2024-10-26T08:00:00+00:00,66982,67152.9,66972,67102.1,2325.069
2024-10-26T09:00:00+00:00,67102,67250,67029.5,67029.5,3572.037
2024-10-26T10:00:00+00:00,67029.5,67162.8,66972,67032.1,2928.697
2024-10-26T11:00:00+00:00,67032,67143.6,66939.5,67110.1,2782.835
2024-10-26T12:00:00+00:00,67110.2,67156,66976.7,67015.9,2096.438
2024-10-26T13:00:00+00:00,67015.9,67102,66829.4,66864.7,6087.079
2024-10-26T14:00:00+00:00,66864.7,66931.4,66708,66770.1,5654.81
2024-10-26T15:00:00+00:00,66770.1,66993.6,66734.5,66864.2,5129.626
2024-10-26T16:00:00+00:00,66864.3,67033.1,66760.5,66953.9,4669.936
2024-10-26T17:00:00+00:00,66953.9,67129.9,66937.2,67037.5,2593.333
2024-10-26T18:00:00+00:00,67037.6,67125,67003.5,67016.3,1754.76
2024-10-26T19:00:00+00:00,67016.3,67160,67016.1,67154.5,1629.373
2024-10-26T20:00:00+00:00,67154.4,67450,67112.5,67239.1,5774.054
2024-10-26T21:00:00+00:00,67239.1,67249.2,67074.7,67147,1998.59
2024-10-26T22:00:00+00:00,67147,67212,67073.7,67106.1,1651.312
2024-10-26T23:00:00+00:00,67106.1,67133.1,67056.5,67071.8,1487.989
2024-10-27T00:00:00+00:00,67071.9,67095.1,66930.4,66991.6,2251.572
2024-10-27T01:00:00+00:00,66991.7,67100,66909.4,67044.7,2130.945
2024-10-27T02:00:00+00:00,67044.7,67085.9,66993,67025.9,1340.203
2024-10-27T03:00:00+00:00,67025.9,67297.2,66966.6,67261.8,2997.331
2024-10-27T04:00:00+00:00,67261.9,67291.8,67081.6,67126.7,2149.559
2024-10-27T05:00:00+00:00,67126.7,67192,67116.5,67155,1404.794
2024-10-27T06:00:00+00:00,67154.9,67163.4,67093.6,67162.2,1157.425
2024-10-27T07:00:00+00:00,67162.2,67207.9,67139.8,67174.7,1259.092
2024-10-27T08:00:00+00:00,67174.7,67246,67135.1,67191.1,1600.836
2024-10-27T09:00:00+00:00,67191,67191.1,67072.6,67118.7,1946.071
2024-10-27T10:00:00+00:00,67118.6,67174.9,67036.4,67062.3,2093.002
2024-10-27T11:00:00+00:00,67062.3,67160,67011.1,67101.1,2090.545
2024-10-27T12:00:00+00:00,67101,67493.4,67095,67373.5,6232.189
2024-10-27T13:00:00+00:00,67373.4,67758,67365.1,67590.6,11277.493
2024-10-27T14:00:00+00:00,67590.6,67730,67572,67668.8,3471.354
2024-10-27T15:00:00+00:00,67668.9,67835.1,67655.9,67759.9,5054.169
2024-10-27T16:00:00+00:00,67759.9,67856,67630.9,67803.5,4414.245
2024-10-27T17:00:00+00:00,67803.6,67994.2,67685.5,67731.3,4878.592
2024-10-27T18:00:00+00:00,67731.2,67745.8,67513,67536.6,4269.07
2024-10-27T19:00:00+00:00,67536.6,67825.5,67528.8,67816.8,3269.629
2024-10-27T20:00:00+00:00,67816.8,67896.3,67600,67732,2550.976
2024-10-27T21:00:00+00:00,67732,68170.4,67701.5,67900,5422.269
2024-10-27T22:00:00+00:00,67900.1,68306.1,67900,68086,11146.973
2024-10-27T23:00:00+00:00,68086,68260,67957.2,67992.6,4060.474
2024-10-28T00:00:00+00:00,67992.7,68094.6,67804.7,67835.2,5179.117
2024-10-28T01:00:00+00:00,67835.2,67886.4,67711,67720,4148.33
2024-10-28T02:00:00+00:00,67720,67839,67651,67779,3945.65
2024-10-28T03:00:00+00:00,67779,67963.9,67670,67698.1,3986.359
2024-10-28T04:00:00+00:00,67698.1,67777,67606,67724.6,3563.421
2024-10-28T05:00:00+00:00,67724.5,67940.8,67584.2,67887.5,3625.901
2024-10-28T06:00:00+00:00,67887.5,67935.2,67775,67935.1,2844.422
2024-10-28T07:00:00+00:00,67935.2,68666,67935.2,68395.2,21164.426
2024-10-28T08:00:00+00:00,68395.3,68579.8,68303,68305,6557.353
2024-10-28T09:00:00+00:00,68305,68597.6,68207.4,68548.2,7344.106
2024-10-28T10:00:00+00:00,68548.3,68820.9,68521.3,68600.9,11621.17
2024-10-28T11:00:00+00:00,68600.9,68743.1,68453.3,68731.1,6033.492
2024-10-28T12:00:00+00:00,68731.1,69046.1,68550,68881,18768.268
2024-10-28T13:00:00+00:00,68881.1,69272.1,68736,68788.3,23703.608
2024-10-28T14:00:00+00:00,68788.5,69066.6,68620,68808.5,17429.701
2024-10-28T15:00:00+00:00,68808.5,68823.8,68390.6,68459.1,13632.438
2024-10-28T16:00:00+00:00,68459.1,68968.8,68424,68673,11386.08
2024-10-28T17:00:00+00:00,68673,69187,68476.7,68949,14994.658
2024-10-28T18:00:00+00:00,68949,69215.2,68812.2,69173,9041.305
2024-10-28T19:00:00+00:00,69173.1,69902.4,69114.8,69566.1,35616.632
2024-10-28T20:00:00+00:00,69566.1,69566.1,69566.1,69566.1,0
2024-10-28T21:00:00+00:00,69650,69776.8,69480.3,69770.2,3992.34
2024-10-28T22:00:00+00:00,69770.1,70331,69769.7,69941.2,20526.213
2024-10-28T23:00:00+00:00,69941.1,70132.3,69700,69940,7023.632
2024-10-29T00:00:00+00:00,69939.9,69998.4,69733,69939.5,5556.103
2024-10-29T01:00:00+00:00,69939.5,70399.4,69810.8,70287,8953.058
2024-10-29T02:00:00+00:00,70286.9,71607,70198.1,71173.9,45638.1
2024-10-29T03:00:00+00:00,71173.8,71409,70870.2,70927.5,10822.645
2024-10-29T04:00:00+00:00,70927.4,71123.4,70906.1,71062.6,6411.937
2024-10-29T05:00:00+00:00,71062.5,71088.7,70880.3,71010.9,5248.294
2024-10-29T06:00:00+00:00,71010.8,71343.9,70983.1,71226.6,7907.501
2024-10-29T07:00:00+00:00,71226.6,71250,70803,71004.2,7506.865
2024-10-29T08:00:00+00:00,71004.1,71208.7,70960,71122.1,4752.771
2024-10-29T09:00:00+00:00,71122.1,71332.8,71100.7,71280,5627.801
2024-10-29T10:00:00+00:00,71280,71326.4,71049.6,71146.6,4307.438
2024-10-29T11:00:00+00:00,71146.5,71580,71123.5,71440.1,12350.495
2024-10-29T12:00:00+00:00,71440,71491,71090,71093.8,9040.906
2024-10-29T13:00:00+00:00,71093.8,71821.6,70900,71781.6,25850.084
2024-10-29T14:00:00+00:00,71781.5,71979.5,71285,71846.7,29482.251
2024-10-29T15:00:00+00:00,71846.6,72490,71629,72374.9,37471.042
2024-10-29T16:00:00+00:00,72374.9,72920,72328.6,72719.9,32012.874
2024-10-29T17:00:00+00:00,72719.9,72972,72500,72700.8,18895.041
2024-10-29T18:00:00+00:00,72700.8,73278.9,72643.4,73168.4,19058.816
2024-10-29T19:00:00+00:00,73168.3,73660,72479.5,72528.6,41100.779
2024-10-29T20:00:00+00:00,72534.6,72659.4,71871.1,72328,22807.727
2024-10-29T21:00:00+00:00,72327.8,72623.4,72216.6,72300,5793.507
2024-10-29T22:00:00+00:00,72300.1,72999,72203.9,72676.9,10215.871
2024-10-29T23:00:00+00:00,72676.8,72824.1,72515.7,72739.5,5690.154
2024-10-30T00:00:00+00:00,72739.5,72797.4,72133.5,72305,8234.657
2024-10-30T01:00:00+00:00,72304.9,72433.8,72018,72433.3,7849.212
2024-10-30T02:00:00+00:00,72433.4,72657.1,72333.3,72352.1,6489.576
2024-10-30T03:00:00+00:00,72352.1,72499,72183.4,72249.9,5567.814
2024-10-30T04:00:00+00:00,72249.9,72378.5,72194.1,72294.2,2900.981
2024-10-30T05:00:00+00:00,72294.2,72524.9,72283.4,72516.3,4875.831
2024-10-30T06:00:00+00:00,72516.4,72628.5,72310,72313.3,5291.172
2024-10-30T07:00:00+00:00,72313.3,72463.2,72112.6,72244.8,5135.447
2024-10-30T08:00:00+00:00,72244.8,72561.4,72232.9,72266.5,6188.086
2024-10-30T09:00:00+00:00,72266.4,72613.1,72248,72590.6,5805.634
2024-10-30T10:00:00+00:00,72590.6,72620,72365.1,72377.2,4216.477
2024-10-30T11:00:00+00:00,72377.1,72382.6,71931.1,71995,12014.341
2024-10-30T12:00:00+00:00,71994.9,72165,71750.2,71882.5,16230.556
2024-10-30T13:00:00+00:00,71882.4,72119.9,71444.2,71966.5,21086.855
2024-10-30T14:00:00+00:00,71966,72484.5,71935.3,72416.2,17080.696
2024-10-30T15:00:00+00:00,72416.1,72443,71700,72058.8,15474.715
2024-10-30T16:00:00+00:00,72058.8,72207.1,71806,72107.7,6972.833
2024-10-30T17:00:00+00:00,72107.7,72130,71655,71909.9,7246.884
2024-10-30T18:00:00+00:00,71909.9,72166.6,71864,71990,6071.516
2024-10-30T19:00:00+00:00,71990,72070.1,71771.8,71826.1,5424.436
2024-10-30T20:00:00+00:00,71826,72868.6,71631.6,72868,35073.921
2024-10-30T21:00:00+00:00,72868,72984.9,72101.3,72394.2,12866.99
2024-10-30T22:00:00+00:00,72394.1,72666,72258,72401.6,4501.752
2024-10-30T23:00:00+00:00,72401.6,72708.7,72349,72349,4508.426
2024-10-31T00:00:00+00:00,72349,72421.4,72058.8,72173.9,6429.103
2024-10-31T01:00:00+00:00,72173.8,72467.5,72030.5,72372.8,5094.995
2024-10-31T02:00:00+00:00,72372.8,72586.4,72186.3,72554.6,4236.509
2024-10-31T03:00:00+00:00,72554.6,72598.5,72292.9,72359.9,4205.397
2024-10-31T04:00:00+00:00,72360,72391.6,72228.3,72285.8,3062.619
2024-10-31T05:00:00+00:00,72285.9,72398.8,72220.1,72298.1,2344.678
2024-10-31T06:00:00+00:00,72298.1,72339.6,72144.8,72213.3,3310.299
2024-10-31T07:00:00+00:00,72213.4,72488.9,72147.8,72417.8,3704.22
2024-10-31T08:00:00+00:00,72417.8,72456,72150,72277.5,4383.072
2024-10-31T09:00:00+00:00,72277.6,72399,72248.4,72300.3,2902.03
2024-10-31T10:00:00+00:00,72300.2,72720.3,72215,72641.8,8868.353
2024-10-31T11:00:00+00:00,72641.8,72664.4,72208.8,72213.3,9439.556
2024-10-31T12:00:00+00:00,72213.4,72270,71935.4,72106.1,11770.801
2024-10-31T13:00:00+00:00,72106.1,72176.7,71111,71322.2,29279.957
2024-10-31T14:00:00+00:00,71322.1,71391.8,70634.1,70764.7,42988.578
2024-10-31T15:00:00+00:00,70764.8,71080,70453.1,70638.7,24858.213
2024-10-31T16:00:00+00:00,70638.6,70922.4,70400,70429.2,15606.773
2024-10-31T17:00:00+00:00,70429.2,70835,70369,70808.5,11532.776
2024-10-31T18:00:00+00:00,70808.5,70810,70125.1,70654.1,15935.834
2024-10-31T19:00:00+00:00,70654.1,70775,70050,70128.1,11073.656
2024-10-31T20:00:00+00:00,70128,70324,69705,70059,16720.923
2024-10-31T21:00:00+00:00,70059,70573.8,69882,70470.3,7788.557
2024-10-31T22:00:00+00:00,70470.2,70560,70189.6,70502.8,5609.17
2024-10-31T23:00:00+00:00,70502.8,70669.7,70317.7,70321.9,5339.259
2024-11-01T00:00:00+00:00,70321.9,70500,70160.9,70188.6,6293.539
2024-11-01T01:00:00+00:00,70188.7,70384.6,69312.2,69424.9,23094.976
2024-11-01T02:00:00+00:00,69424.9,69621.2,68870.4,69592.7,25645.369
2024-11-01T03:00:00+00:00,69592.7,69739,69357.1,69397.7,6709.285
2024-11-01T04:00:00+00:00,69397.7,69650,69363.9,69618.5,3543.899
2024-11-01T05:00:00+00:00,69618.6,69702.5,69549.3,69630.4,2866.772
2024-11-01T06:00:00+00:00,69630.4,69721.8,69237.9,69240.1,7636.495
2024-11-01T07:00:00+00:00,69240,69444,69100.9,69301,7932.33
2024-11-01T08:00:00+00:00,69301,69564.9,69270,69399,5218.873
2024-11-01T09:00:00+00:00,69399.1,69618.2,69338.3,69556,3426.559
2024-11-01T10:00:00+00:00,69555.9,70176,69540.3,69999.9,17176.937
2024-11-01T11:00:00+00:00,70000,70248.6,69999.9,70024.8,7476.82
2024-11-01T12:00:00+00:00,70024.7,70487.8,69905.7,70360.7,15687.488
2024-11-01T13:00:00+00:00,70360.6,71249.6,70139.9,71213.2,28353.425
2024-11-01T14:00:00+00:00,71213.2,71650,70913,71273.4,37237.679
2024-11-01T15:00:00+00:00,71273.5,71365.8,69036,69381,51336.34
2024-11-01T16:00:00+00:00,69381.1,70543.3,69351,69931,30654.325
2024-11-01T17:00:00+00:00,69931,70209.2,69471.1,69584,20292.097
2024-11-01T18:00:00+00:00,69584.1,69653.8,69090,69175.5,12033.562
2024-11-01T19:00:00+00:00,69175.4,69472,68822.5,69278.6,19099.089
2024-11-01T20:00:00+00:00,69278.6,69471.2,69175.1,69259,5690.99
2024-11-01T21:00:00+00:00,69258.9,69363.9,68856.3,69275.7,7244.366
2024-11-01T22:00:00+00:00,69275.7,69461.5,69240.1,69441.2,4144.827
2024-11-01T23:00:00+00:00,69441.2,69634.9,69362.6,69495.5,3795.046
2024-11-02T00:00:00+00:00,69495.4,69686.1,69480.8,69671.4,3928.512
2024-11-02T01:00:00+00:00,69671.4,69700,69504.9,69669,2226.239
2024-11-02T02:00:00+00:00,69669,69913.1,69659,69659,4562.103
2024-11-02T03:00:00+00:00,69659,69788.9,69562.5,69599.9,2679.692
2024-11-02T04:00:00+00:00,69599.9,69630,69472.8,69570,2615.344
2024-11-02T05:00:00+00:00,69570,69736.8,69450,69712.6,2666.61
2024-11-02T06:00:00+00:00,69712.6,69752,69578.5,69752,1822.904
2024-11-02T07:00:00+00:00,69752,69822.5,69677,69813.1,2375.208
2024-11-02T08:00:00+00:00,69813,69846.2,69568.5,69625.8,2579.644
2024-11-02T09:00:00+00:00,69625.7,69672,69509.6,69558.4,1941.85
2024-11-02T10:00:00+00:00,69558.5,69632.9,69413,69623.6,3391.192
2024-11-02T11:00:00+00:00,69623.6,69704,69562.7,69602.5,2007.19
2024-11-02T12:00:00+00:00,69602.6,69678.7,69375,69452.8,4360.598
2024-11-02T13:00:00+00:00,69452.9,69700,69353,69359.9,6134.498
2024-11-02T14:00:00+00:00,69360,69434.8,69022.8,69270,10320.946
2024-11-02T15:00:00+00:00,69269.9,69447.3,69133.9,69394,4885.153
2024-11-02T16:00:00+00:00,69393.9,69610.9,69315.9,69585,4427.71
2024-11-02T17:00:00+00:00,69585.1,69599,69333,69401,3221.613
2024-11-02T18:00:00+00:00,69401,69485,69221.6,69421.2,2837.52
2024-11-02T19:00:00+00:00,69421.2,69560,69380.4,69502.6,1457.686
2024-11-02T20:00:00+00:00,69502.5,69570,69459.1,69543.2,1294.023
2024-11-02T21:00:00+00:00,69543.1,69560,69436.6,69436.7,1081.416
2024-11-02T22:00:00+00:00,69436.7,69554.1,69365.2,69426.1,1463.343
2024-11-02T23:00:00+00:00,69426,69444.8,69150.1,69366.6,5033.111
2024-11-03T00:00:00+00:00,69366.6,69393.7,69151.8,69156.1,2583.126
2024-11-03T01:00:00+00:00,69156.1,69223.3,68991.2,69009.4,6120.076
2024-11-03T02:00:00+00:00,69009.3,69027.4,67846,68200.1,35962.741
2024-11-03T03:00:00+00:00,68200,68445.2,68001.1,68367.5,8599.154
2024-11-03T04:00:00+00:00,68367.6,68690,68287.6,68580.4,7623.711
2024-11-03T05:00:00+00:00,68580.3,68687.1,68412.1,68424.9,4858.182
2024-11-03T06:00:00+00:00,68425,68772.8,68375.7,68568.4,4608.384
2024-11-03T07:00:00+00:00,68568.4,68698,68370.2,68395.6,3607.904
2024-11-03T08:00:00+00:00,68395.5,68605.5,68286,68466.3,5091.782
2024-11-03T09:00:00+00:00,68466.3,68522.9,68183.8,68233.6,5149.42
2024-11-03T10:00:00+00:00,68233.6,68563,68232.3,68432.1,4353.801
2024-11-03T11:00:00+00:00,68432,68575.8,68305.6,68345.4,3264.378
2024-11-03T12:00:00+00:00,68345.4,68549.7,68267.6,68469.3,3177.344
2024-11-03T13:00:00+00:00,68469.2,68494.8,67952.1,68034.9,10617.846
2024-11-03T14:00:00+00:00,68034.9,68180,67551.2,67768,24413.772
2024-11-03T15:00:00+00:00,67768.4,68227.9,67446.6,68076,19346.029
2024-11-03T16:00:00+00:00,68075.6,68560,68042.1,68131.1,17909.853
2024-11-03T17:00:00+00:00,68131.1,68462.3,68112.5,68340.9,5815.454
2024-11-03T18:00:00+00:00,68340.9,68429.9,67660,67991.7,10227.344
2024-11-03T19:00:00+00:00,67991.6,68691.4,67976.3,68670,9265.44
2024-11-03T20:00:00+00:00,68670,68970,68483.1,68951.9,7362.294
2024-11-03T21:00:00+00:00,68951.9,69348,68943.7,69139.8,11438.211
2024-11-03T22:00:00+00:00,69139.8,69295.8,68768.1,68863.9,5833.269
2024-11-03T23:00:00+00:00,68864,68904.6,68501.2,68762.5,9247.861
2024-11-04T00:00:00+00:00,68762.5,68762.5,68220,68708.8,8160.258
2024-11-04T01:00:00+00:00,68708.8,69020,68553,68962.1,8278.744
2024-11-04T02:00:00+00:00,68962.2,69331.3,68864.5,69288.6,7547.203
2024-11-04T03:00:00+00:00,69288.7,69495.3,68980,69034,7804.917
2024-11-04T04:00:00+00:00,69034,69397.2,69033.9,69143.4,4307.713
2024-11-04T05:00:00+00:00,69143.3,69174,68713.4,68811.4,6191.59
2024-11-04T06:00:00+00:00,68811.4,69159.3,68808.1,69115.6,4747.282
2024-11-04T07:00:00+00:00,69115.5,69166,68600.9,68601,6073.573
2024-11-04T08:00:00+00:00,68601,68748,68456.3,68686.5,7645.132
2024-11-04T09:00:00+00:00,68686.5,68913,68459.8,68628.1,7179.225
2024-11-04T10:00:00+00:00,68628,68903,68587.4,68817,5480.654
2024-11-04T11:00:00+00:00,68816.9,69029.8,68683.7,68778,5056.637
2024-11-04T12:00:00+00:00,68778.1,69000.2,68717.7,68958,4597.712
2024-11-04T13:00:00+00:00,68958,69243.8,68628,68649.8,11310.906
2024-11-04T14:00:00+00:00,68649.9,68707.3,68173.3,68390,17989.774
2024-11-04T15:00:00+00:00,68389.9,68735.2,68209.1,68614.7,13180.66
2024-11-04T16:00:00+00:00,68614.8,68808.6,67602,67736.9,22544.027
2024-11-04T17:00:00+00:00,67736.8,67921.9,67205,67813.1,24380.066
2024-11-04T18:00:00+00:00,67813.1,68067.2,67520,67637.6,11675.794
2024-11-04T19:00:00+00:00,67637.6,68077.8,67624.9,67845.7,8218.325
2024-11-04T20:00:00+00:00,67845.6,67845.7,67309.2,67341.1,8542.476
2024-11-04T21:00:00+00:00,67341.1,67620.5,66810,67097,23381.97
2024-11-04T22:00:00+00:00,67097.1,68093,67037,67906,12474.953
2024-11-04T23:00:00+00:00,67906,68017.7,67614,67834.3,8142.575
2024-11-05T00:00:00+00:00,67834.4,68168.6,67777.7,68009.5,7914.413
2024-11-05T01:00:00+00:00,68009.5,68076.9,67454.2,67983.3,9338.181
2024-11-05T02:00:00+00:00,67983.4,68056.7,67806,67861.5,3790.239
2024-11-05T03:00:00+00:00,67861.8,68264.3,67858.4,68226.3,5153.877
2024-11-05T04:00:00+00:00,68226.2,68492.1,68200,68304.3,7083.123
2024-11-05T05:00:00+00:00,68304.3,68785.2,68280,68727.1,6558.1
2024-11-05T06:00:00+00:00,68727.1,68788,68555.5,68753.6,4115.228
2024-11-05T07:00:00+00:00,68753.7,68967,68550,68876,6862.999
2024-11-05T08:00:00+00:00,68875.9,69040,68760.8,69018.6,6237.413
2024-11-05T09:00:00+00:00,69018.6,69100,68707,68750.1,8316.617
2024-11-05T10:00:00+00:00,68750.1,68828.6,68588.2,68752,4988.505
2024-11-05T11:00:00+00:00,68751.9,68947.6,68740.1,68788.4,4569.765
2024-11-05T12:00:00+00:00,68788.5,68928.9,68642.1,68842.6,4470.436
2024-11-05T13:00:00+00:00,68842.5,68946,68650,68800.1,5200.958
2024-11-05T14:00:00+00:00,68800.1,70300,68746,69947.5,45128.122
2024-11-05T15:00:00+00:00,69947.4,70049.7,69180,69615.3,30407.37
2024-11-05T16:00:00+00:00,69615.2,70537.4,69501,70165.6,25775.572
2024-11-05T17:00:00+00:00,70165.5,70442,69853.2,69922,13803.46
2024-11-05T18:00:00+00:00,69921.9,70236.4,69707.1,70200.9,10016.348
2024-11-05T19:00:00+00:00,70200.9,70243.1,68650,68955.9,22600.256
2024-11-05T20:00:00+00:00,68955.9,69626.4,68786.4,69415.6,16803.816
2024-11-05T21:00:00+00:00,69415.7,69591.5,69052,69145.5,6257.897
2024-11-05T22:00:00+00:00,69145.4,69587.2,68856.6,69565.5,8985.131
2024-11-05T23:00:00+00:00,69565.4,69875.1,69256.3,69353.1,8693.044
2024-11-06T00:00:00+00:00,69353.1,71430,69272.7,71058.6,41509.516
2024-11-06T01:00:00+00:00,71058.6,71385.2,70570.2,71089.5,31017.764
2024-11-06T02:00:00+00:00,71089.5,73344,70903.4,73078.9,54722.856
2024-11-06T03:00:00+00:00,73079,75656.1,73052.4,74367.1,93012.485
2024-11-06T04:00:00+00:00,74367.1,74990,73914.6,74276.3,37097.124
2024-11-06T05:00:00+00:00,74276.3,74878.6,73649,74781.4,30351.572
2024-11-06T06:00:00+00:00,74781.5,75486.4,74219.6,74288.1,45720.636
2024-11-06T07:00:00+00:00,74288.1,74687.5,73112,73435.9,37666.034
2024-11-06T08:00:00+00:00,73435.8,73606,72721.5,73482.5,32316.235
2024-11-06T09:00:00+00:00,73482.4,74130.9,73480,73800,16315.394
2024-11-06T10:00:00+00:00,73800.1,73977.8,73289.1,73859.9,14989.357
2024-11-06T11:00:00+00:00,73859.9,74488.1,73675.9,74291.6,16712.068
2024-11-06T12:00:00+00:00,74291.7,74801.1,74170.1,74187.9,16452.049
2024-11-06T13:00:00+00:00,74188,74290.4,73600,74000,17395.137
2024-11-06T14:00:00+00:00,74000.1,74739.5,73500,73654,36451.306
2024-11-06T15:00:00+00:00,73655.3,74514,73519,74289.6,27959.897
2024-11-06T16:00:00+00:00,74289.7,74589,74134.5,74334.7,14429.963
2024-11-06T17:00:00+00:00,74334.4,74677.5,74150.4,74457.9,12838.454
2024-11-06T18:00:00+00:00,74458,75250,74406.5,75237.5,18808.385
2024-11-06T19:00:00+00:00,75237.4,75896.5,75046.1,75817.9,26204.246
2024-11-06T20:00:00+00:00,75817.9,76420,75500,76104.6,28188.457
2024-11-06T21:00:00+00:00,76104.6,76174.5,75647.2,75886,12814.527
2024-11-06T22:00:00+00:00,75886.1,76031,75526.6,75635.8,8227.852
2024-11-06T23:00:00+00:00,75635.8,75836.7,75552.5,75579.9,6238.972
2024-11-07T00:00:00+00:00,75579.9,75656.7,75051,75361.6,10637.009
2024-11-07T01:00:00+00:00,75361.6,76072.5,75215.1,75395.2,17138.878
2024-11-07T02:00:00+00:00,75395.2,75475,75150,75291,6965.614
2024-11-07T03:00:00+00:00,75291.1,75424.1,75000,75062.9,7647.767
2024-11-07T04:00:00+00:00,75062.8,75083,74650,74766.6,10441.129
2024-11-07T05:00:00+00:00,74766.6,74940,74715,74793.2,4924.757
2024-11-07T06:00:00+00:00,74793.3,74900.9,74450,74815.4,12117.527
2024-11-07T07:00:00+00:00,74815.5,75004.8,74721.9,74800,5657.049
2024-11-07T08:00:00+00:00,74800,75193.4,74719.3,75193.4,7915.692
2024-11-07T09:00:00+00:00,75193.3,75195,74835.5,74949,5538.578
2024-11-07T10:00:00+00:00,74949,75071.5,74784.8,75060.4,5387.441
2024-11-07T11:00:00+00:00,75060.3,75070.4,74722.4,74776.9,3799.428
2024-11-07T12:00:00+00:00,74776.9,75143.3,74741.1,75017.6,4931.043
2024-11-07T13:00:00+00:00,75017.7,75061.6,74613.8,74696.2,7633.923
2024-11-07T14:00:00+00:00,74696.3,75033,74508,74840.6,15196.487
2024-11-07T15:00:00+00:00,74840.6,76094.6,74704.8,76081.6,25893.45
2024-11-07T16:00:00+00:00,76081.5,76235.6,75577.8,75912.6,18169.738
2024-11-07T17:00:00+00:00,75912.5,76499.8,75750,76275.1,18109.579
2024-11-07T18:00:00+00:00,76276.2,76750.4,75786.5,76606.8,23602.653
2024-11-07T19:00:00+00:00,76606.8,76625.1,75873,76533.3,25877.835
2024-11-07T20:00:00+00:00,76533.2,76900,76259.9,76416.1,19153.55
2024-11-07T21:00:00+00:00,76416.2,76560,75850.7,75863.7,8705.176
2024-11-07T22:00:00+00:00,75863.7,75986.6,75471.1,75867.4,8899.662
2024-11-07T23:00:00+00:00,75867.5,76077.2,75688.2,75859.4,6331.068
2024-11-08T00:00:00+00:00,75859.4,76350.2,75835,76006.3,8834.452
2024-11-08T01:00:00+00:00,76006.3,76328.2,75820.5,75981.3,7205.672
2024-11-08T02:00:00+00:00,75981.3,76023.6,75643.7,75720.6,5517.695
2024-11-08T03:00:00+00:00,75720.5,75900.5,75576.3,75900.4,4942.121
2024-11-08T04:00:00+00:00,75900.4,76046,75803.5,75832.9,3681.428
2024-11-08T05:00:00+00:00,75832.9,76163.9,75808.3,75986,4587.743
2024-11-08T06:00:00+00:00,75985.9,76025,75831.6,75882.8,3043.791
2024-11-08T07:00:00+00:00,75882.8,76247,75696.1,76171,8849.509
2024-11-08T08:00:00+00:00,76171,76187.6,75775.8,75823.6,6683.84
2024-11-08T09:00:00+00:00,75823.7,76100,75794.3,75965.7,4711.723
2024-11-08T10:00:00+00:00,75965.7,76350,75802,76253.9,6123.707
2024-11-08T11:00:00+00:00,76253.9,76315,75935,75951.9,5535.243
2024-11-08T12:00:00+00:00,75952,76189.9,75940,76078.9,5211.542
2024-11-08T13:00:00+00:00,76078.4,76300,75855,76280.3,7908.982
2024-11-08T14:00:00+00:00,76280.3,76330,75621.9,75758.6,16634.467
2024-11-08T15:00:00+00:00,75758.7,76627.8,75620.1,76423.3,28625.354
2024-11-08T16:00:00+00:00,76423.3,76531.9,75820,75916.5,16865.026
2024-11-08T17:00:00+00:00,75916.5,76540.4,75822,76390,16833.775
2024-11-08T18:00:00+00:00,76390,77069.8,76347.1,76803,22926.757
2024-11-08T19:00:00+00:00,76802.8,77182.9,76728.4,76894.4,15879.932
2024-11-08T20:00:00+00:00,76894.4,77080.4,76401.1,76563.5,15592.359
2024-11-08T21:00:00+00:00,76563.5,76675.1,76352.7,76463.4,6415.22
2024-11-08T22:00:00+00:00,76463.4,76600,76278.5,76350,4623.227
2024-11-08T23:00:00+00:00,76350,76502,76280.1,76482.2,3136.759
2024-11-09T00:00:00+00:00,76482.2,76618.3,76339.1,76409.5,4076.52
2024-11-09T01:00:00+00:00,76409.4,76529.6,76230.7,76300,3846.096
2024-11-09T02:00:00+00:00,76300,76418.7,76122.4,76418.6,5312.114
2024-11-09T03:00:00+00:00,76418.6,76434.1,76235,76330,2557.821
2024-11-09T04:00:00+00:00,76330.1,76404,76285.7,76369.6,1731.233
2024-11-09T05:00:00+00:00,76369.6,76666,76350,76540,5475.921
2024-11-09T06:00:00+00:00,76540,76800,76380.9,76493.5,7647.669
2024-11-09T07:00:00+00:00,76493.5,76528.9,76330.1,76523.9,3415.949
2024-11-09T08:00:00+00:00,76523.9,76735,76423.1,76540,4199.022
2024-11-09T09:00:00+00:00,76540,76640,76493.9,76545.2,2876.669
2024-11-09T10:00:00+00:00,76545.3,76622.2,76396.1,76451.4,2813.407
2024-11-09T11:00:00+00:00,76451.3,76507.3,76358.8,76478.6,2583.337
2024-11-09T12:00:00+00:00,76478.6,76552.1,76259.1,76269.5,4456.746
2024-11-09T13:00:00+00:00,76269.5,76495,76269.4,76406.4,4748.896
2024-11-09T14:00:00+00:00,76406.3,76429.8,76255,76345.1,4005.437
2024-11-09T15:00:00+00:00,76345,76411.7,76266.8,76305.7,2142.101
2024-11-09T16:00:00+00:00,76305.6,76317.9,76028,76065.9,6805.752
2024-11-09T17:00:00+00:00,76065.9,76218,75683.2,76210.7,12580.276
2024-11-09T18:00:00+00:00,76210.6,76376.8,76163.8,76337.8,4608.518
2024-11-09T19:00:00+00:00,76337.8,76700,76096,76195.2,11288.292
2024-11-09T20:00:00+00:00,76195.2,76346.1,76158.8,76271.8,2555.552
2024-11-09T21:00:00+00:00,76271.9,76533.6,76203,76431.1,2556.385
2024-11-09T22:00:00+00:00,76431,76600,76347.9,76510.6,3468.276
2024-11-09T23:00:00+00:00,76510.6,76920,76461.5,76675.1,12002.045
2024-11-10T00:00:00+00:00,76675.1,77121.9,76501.1,76880,10156.104
2024-11-10T01:00:00+00:00,76880,76959.2,76670,76703.5,5955.85
2024-11-10T02:00:00+00:00,76703.4,77543.1,76655.6,77029.5,21406.358
2024-11-10T03:00:00+00:00,77029.5,77440,76981.6,77204,7529.256
2024-11-10T04:00:00+00:00,77204,79809.3,77133.3,79273.7,43774.57
2024-11-10T05:00:00+00:00,79273.7,79882.8,78916.3,79190.7,43318.31
2024-11-10T06:00:00+00:00,79190.7,79350,78700,78992.7,15234.26
2024-11-10T07:00:00+00:00,78992.7,79211.4,78770,78858.2,9753.548
2024-11-10T08:00:00+00:00,78858.2,79177,78858.1,79170.1,6186.809
2024-11-10T09:00:00+00:00,79170.1,79547.3,79151.9,79414.7,10394.738
2024-11-10T10:00:00+00:00,79414.7,79900,79317.2,79595.2,11868.118
2024-11-10T11:00:00+00:00,79595.1,80178,79590,79926.7,20330.722
2024-11-10T12:00:00+00:00,79926.7,80200,79307.9,79707,21957.815
2024-11-10T13:00:00+00:00,79707.1,79950,79582.6,79779,8984.839
2024-11-10T14:00:00+00:00,79779,80053.2,79200,79546.6,16361.999
2024-11-10T15:00:00+00:00,79546.5,79807.7,79410.5,79735.1,7185.14
2024-11-10T16:00:00+00:00,79735.1,79850,79538.8,79836.1,6318.774
2024-11-10T17:00:00+00:00,79836.1,80847.1,79696,80425.4,22743.734
2024-11-10T18:00:00+00:00,80425.4,81199,80425.4,80631.8,23123.103
2024-11-10T19:00:00+00:00,80631.9,80930.1,79386,79793.4,22923.761
2024-11-10T20:00:00+00:00,79793.4,79952.4,79000,79015.5,17181.783
2024-11-10T21:00:00+00:00,79015.6,80088,78549.2,79931.9,22559.426
2024-11-10T22:00:00+00:00,79931.9,81699.8,79845,80683.7,29379.138
2024-11-10T23:00:00+00:00,80683.6,80774.3,79978.2,80410,12798.744
2024-11-11T00:00:00+00:00,80409.9,80872.3,80261.2,80618.9,8942.769
2024-11-11T01:00:00+00:00,80618.9,81808.8,80403.7,81246,17647.272
2024-11-11T02:00:00+00:00,81246,81571.9,81062.1,81477.7,9774.43
2024-11-11T03:00:00+00:00,81477.6,81944.6,80978.1,81662.4,10967.242
2024-11-11T04:00:00+00:00,81662.3,81783.5,81157.6,81480.7,7746.648
2024-11-11T05:00:00+00:00,81479,81636.6,80467,80778.5,13883.668
2024-11-11T06:00:00+00:00,80778.6,81282.8,80624.3,80940.5,10383.672
2024-11-11T07:00:00+00:00,80940.6,81254.6,80788,81147.9,6145.925
2024-11-11T08:00:00+00:00,81147.8,81412.1,81051.6,81270.9,8415.698
2024-11-11T09:00:00+00:00,81270.9,81796.3,81183.4,81718.1,11149.295
2024-11-11T10:00:00+00:00,81718.2,82431.4,81683,82010,24787.358
2024-11-11T11:00:00+00:00,82010,82283.5,81850,82168.7,8221.606
2024-11-11T12:00:00+00:00,82168.7,82528,81738.4,82180,18311.382
2024-11-11T13:00:00+00:00,82179.9,82245.4,81467.5,81850.4,16744.993
2024-11-11T14:00:00+00:00,81850.3,82689.3,81495.4,82513.4,37927.857
2024-11-11T15:00:00+00:00,82513.4,84359.7,82355,84114.2,70047.764
2024-11-11T16:00:00+00:00,84114.1,84961.5,83897.2,84263.1,49848.342
2024-11-11T17:00:00+00:00,84263.2,84899.9,84228.1,84638.7,19944.582
2024-11-11T18:00:00+00:00,84638.6,85949.5,84248.6,85932.6,39782.893
2024-11-11T19:00:00+00:00,85932.6,86971,85473.6,86181,49332.684
2024-11-11T20:00:00+00:00,86180.9,87476.9,86123.1,86926,40861.527
2024-11-11T21:00:00+00:00,86925.9,88499.9,86720.2,87989.2,39905.741
2024-11-11T22:00:00+00:00,87989.2,88182.3,86497.9,88089,36697.32
2024-11-11T23:00:00+00:00,88089,89800,88088.4,88728.9,56670.994
2024-11-12T00:00:00+00:00,88729,89099.9,86657.4,89065.9,43437.29
2024-11-12T01:00:00+00:00,89065.9,89589.2,88451.7,88613.8,29582.592
2024-11-12T02:00:00+00:00,88613.8,88946.4,87055,87778.4,24981.658
2024-11-12T03:00:00+00:00,87778.5,88331,87555,88145.1,14156.748
2024-11-12T04:00:00+00:00,88145,89098.3,87769,88509.9,18129.743
2024-11-12T05:00:00+00:00,88509.8,88879.9,88150,88466.1,13998.968
2024-11-12T06:00:00+00:00,88466.1,89982.1,88230.7,89629.2,26654.193
2024-11-12T07:00:00+00:00,89629.3,90070.1,89070,89095.4,24054.038
2024-11-12T08:00:00+00:00,89095.5,89497.1,88824.7,89471.1,13358.234
2024-11-12T09:00:00+00:00,89471.1,89590.2,87741.6,87775.1,28634.973
2024-11-12T10:00:00+00:00,87775.2,88180.3,85500,86972.1,73599.533
2024-11-12T11:00:00+00:00,86972.1,87960.5,86720.1,87229.5,36997.711
2024-11-12T12:00:00+00:00,87229.5,87933.3,86267.7,86453.6,26129.475
2024-11-12T13:00:00+00:00,86453.5,86632.2,85159.9,86418.5,40838.68
2024-11-12T14:00:00+00:00,86418.6,87144.7,85271.5,87041.4,33236.334
2024-11-12T15:00:00+00:00,87041.4,87513.4,86158.6,86659.9,30901.94
2024-11-12T16:00:00+00:00,86660,87663.7,85792.5,87089.9,28531.671
2024-11-12T17:00:00+00:00,87089.8,87938.4,86908.7,87014.3,19517.579
2024-11-12T18:00:00+00:00,87014.3,88927.3,86956.2,88836.2,22190.25
2024-11-12T19:00:00+00:00,88836.2,89830,88658.1,88762.8,28023.07
2024-11-12T20:00:00+00:00,88762.9,89920,88715.8,89503.3,17086.055
2024-11-12T21:00:00+00:00,89502.7,89727.8,88182.5,88292,19641.519
2024-11-12T22:00:00+00:00,88292.1,88700,87630.3,88631.6,12689.929
2024-11-12T23:00:00+00:00,88631.5,88631.6,87384.6,87972,13109.401
2024-11-13T00:00:00+00:00,87972,88514.7,87627.9,88090,10194.856
2024-11-13T01:00:00+00:00,88089.9,88619,87713.8,88308.5,13362.512
2024-11-13T02:00:00+00:00,88308.5,88384.6,87061.6,87924.9,14667.997
2024-11-13T03:00:00+00:00,87925,88220,87100.1,87198.2,12403.292
2024-11-13T04:00:00+00:00,87198.3,87755,86252.1,87221.2,20157.288
2024-11-13T05:00:00+00:00,87221.2,87488.1,86510.2,86603.5,10499.996
2024-11-13T06:00:00+00:00,86603.5,87000,86180,86550,9951.666
2024-11-13T07:00:00+00:00,86550,87544.1,86525,87402.9,11941.657
2024-11-13T08:00:00+00:00,87402.9,87749.9,87152.1,87287.6,8892.946
2024-11-13T09:00:00+00:00,87287.6,87603.5,87132.4,87442.1,6736.536
2024-11-13T10:00:00+00:00,87442.1,87612.9,87175,87584.5,5570.35
2024-11-13T11:00:00+00:00,87584.5,88154.3,87501.4,87710.7,11202.249
2024-11-13T12:00:00+00:00,87710.7,88072.6,87551,87679.9,7154.003
2024-11-13T13:00:00+00:00,87679.9,89775,87584.8,89219.5,36058.44
2024-11-13T14:00:00+00:00,89219.5,91900,88691.6,91563,75851.55
2024-11-13T15:00:00+00:00,91563,92808,90505.3,92608.1,60114.408
2024-11-13T16:00:00+00:00,92608,93421.1,91525.2,92312,53270.049
2024-11-13T17:00:00+00:00,92312.1,92886.5,91800,92282.8,19759.154
2024-11-13T18:00:00+00:00,92282.8,93197.6,91928.7,92868.1,17174.315
2024-11-13T19:00:00+00:00,92868.1,92934.4,90005.8,90218.8,54409.67
2024-11-13T20:00:00+00:00,90218.8,91233,89311,89742.4,38146.203
2024-11-13T21:00:00+00:00,89742.3,89847.5,88005.1,88587.6,33526.033
2024-11-13T22:00:00+00:00,88587.7,89884.8,88390.5,89761.2,11156.966
2024-11-13T23:00:00+00:00,89761.2,90663.6,89300,90413.3,13086.161
2024-11-14T00:00:00+00:00,90413.3,90550.2,89736.8,90151.6,12022.075
2024-11-14T01:00:00+00:00,90151.6,90508.8,89531.7,90420.1,11139.268
2024-11-14T02:00:00+00:00,90420.1,90642.5,89706.1,90145.3,8167.335
2024-11-14T03:00:00+00:00,90145.3,90277,89567.2,89988,6536.528
2024-11-14T04:00:00+00:00,89988.1,90258.2,89333.8,90169.2,7990.557
2024-11-14T05:00:00+00:00,90169.1,90169.1,89692.3,90006.7,4737.939
2024-11-14T06:00:00+00:00,90006.8,90349.1,89311.1,89336.2,7690.35
2024-11-14T07:00:00+00:00,89336.2,90900,89095.5,90818.9,15034.799
2024-11-14T08:00:00+00:00,90818.9,91489.4,90370,90595,19484.556
2024-11-14T09:00:00+00:00,90595,90955,90394.3,90944.5,8305.009
2024-11-14T10:00:00+00:00,90944,91474,90867.3,91140.2,12662.122
2024-11-14T11:00:00+00:00,91140.2,91726.1,90500,91536.7,17664.835
2024-11-14T12:00:00+00:00,91536.8,91645,90965,91278.3,10596.317
2024-11-14T13:00:00+00:00,91278.3,91430,90613.9,90797.5,11962.163
2024-11-14T14:00:00+00:00,90797.5,91846.1,88710,88769.2,44657.967
2024-11-14T15:00:00+00:00,88769.1,89650.8,87855,88000,39220.858
2024-11-14T16:00:00+00:00,87999.9,89280,87555,89225.9,29047.575
2024-11-14T17:00:00+00:00,89225.8,89414,88619.7,89265.9,12566.813
2024-11-14T18:00:00+00:00,89265.9,89763.9,88952,89142.2,10398.135
2024-11-14T19:00:00+00:00,89142.2,89704.9,89142.2,89502.7,6988.969
2024-11-14T20:00:00+00:00,89502.6,89502.6,87623.8,87668.9,20814.443
2024-11-14T21:00:00+00:00,87669,88316.9,87061.3,88262.5,16630.594
2024-11-14T22:00:00+00:00,88262.4,88400,87073.2,87668.6,11534.636
2024-11-14T23:00:00+00:00,87668.6,87816.2,86714,87382.7,18767.837
2024-11-15T00:00:00+00:00,87382.6,88501.7,87302.4,87920.1,13296.824
2024-11-15T01:00:00+00:00,87920.1,88234.5,87437.1,88154.3,9183.195
2024-11-15T02:00:00+00:00,88154.3,88497.3,87781.8,88405.2,6582.25
2024-11-15T03:00:00+00:00,88405.2,88544.5,88157.2,88253.1,4584.99
2024-11-15T04:00:00+00:00,88253.2,88287.5,87111,87505.3,10187.287
2024-11-15T05:00:00+00:00,87505.3,87922.8,87326.5,87773.3,6873.451
2024-11-15T06:00:00+00:00,87773.4,88238.7,87642.3,88223.3,6659.942
2024-11-15T07:00:00+00:00,88223.3,88450,87660.6,87693.9,6323.018
2024-11-15T08:00:00+00:00,87693.9,88242.6,87418.4,88142.2,8659.833
2024-11-15T09:00:00+00:00,88142.1,89411,88084.8,89250,19372.773
2024-11-15T10:00:00+00:00,89250,89525.4,89000,89405.6,8186.093
2024-11-15T11:00:00+00:00,89405.7,89831.1,89189.4,89782.9,9062.694
2024-11-15T12:00:00+00:00,89783,90780,89633.3,89820,21584.672
2024-11-15T13:00:00+00:00,89819.9,90548.2,89320.3,90205,15250.403
2024-11-15T14:00:00+00:00,90204.9,90260.5,88640,89150.2,30922.173
2024-11-15T15:00:00+00:00,89150.2,89187.6,87815,88485.4,32588.882
2024-11-15T16:00:00+00:00,88485.5,89816.3,88428.9,89405.5,22519.099
2024-11-15T17:00:00+00:00,89406.7,89996,89198.1,89514,13989.505
2024-11-15T18:00:00+00:00,89514.1,89849.2,89251.8,89423,7320.589
2024-11-15T19:00:00+00:00,89422.9,90898,89290.4,90418.4,16529.31
2024-11-15T20:00:00+00:00,90418.5,91499,90371.1,91479.3,18474.029
2024-11-15T21:00:00+00:00,91479.3,91888,91111,91727.6,11577.161
2024-11-15T22:00:00+00:00,91727.6,91921.5,91114.4,91267,7908.982
2024-11-15T23:00:00+00:00,91267,91501.6,90927,91074.6,6794.753
2024-11-16T00:00:00+00:00,91074.6,91437.4,90900,91055.8,7433.232
2024-11-16T01:00:00+00:00,91055.9,91497,90988.1,91281,5488.942
2024-11-16T02:00:00+00:00,91281,91745,91187.5,91448.9,4595.98
2024-11-16T03:00:00+00:00,91448.8,91633.6,90993,91286.8,4890.986
2024-11-16T04:00:00+00:00,91286.9,91444.9,91107.4,91326.3,3144.437
2024-11-16T05:00:00+00:00,91326.2,91849.8,91198.5,91392.8,5088.383
2024-11-16T06:00:00+00:00,91392.8,91500,91205,91243.8,2929.131
2024-11-16T07:00:00+00:00,91243.9,91450.8,91132.1,91173.3,4054.885
2024-11-16T08:00:00+00:00,91173.3,91476.6,91076.2,91463.5,3990.847
2024-11-16T09:00:00+00:00,91463.4,91495,91280.2,91290,2813.364
2024-11-16T10:00:00+00:00,91290,91650.1,91280,91437.3,3637.318
2024-11-16T11:00:00+00:00,91437.3,91475.4,91050,91240.1,6419.298
2024-11-16T12:00:00+00:00,91240.1,91384.4,90530,90948.5,13600.984
2024-11-16T13:00:00+00:00,90948.6,91250,90735,90812.6,6335.346
2024-11-16T14:00:00+00:00,90812.5,91130,90665.8,91031.5,4993.312
2024-11-16T15:00:00+00:00,91031.5,91082.8,90120,90578,12577.44
2024-11-16T16:00:00+00:00,90577.9,90891,90250,90662,7442.331
2024-11-16T17:00:00+00:00,90662.1,91076.9,90552.9,90967.2,4863.988
2024-11-16T18:00:00+00:00,90967.1,91443.5,90882.2,91345,5779.913
2024-11-16T19:00:00+00:00,91345,91387.5,91000.6,91176.9,4307.786
2024-11-16T20:00:00+00:00,91176.9,91253.7,90702.3,90812.7,4131.828
2024-11-16T21:00:00+00:00,90812.8,91133.5,90763.3,91061.5,2279.844
2024-11-16T22:00:00+00:00,91061.5,91071.8,90350.3,90379.5,3841.86
2024-11-16T23:00:00+00:00,90379.5,90717.2,90375,90643.3,4382.012
2024-11-17T00:00:00+00:00,90643.2,90954.9,90627.5,90874,2997.217
2024-11-17T01:00:00+00:00,90874,90939.9,90050,90320,7909.707
2024-11-17T02:00:00+00:00,90320,90337.7,89400.1,90068.7,15062.713
2024-11-17T03:00:00+00:00,90068.6,90300,89816.5,90294.9,5031.367
2024-11-17T04:00:00+00:00,90294.9,90748.5,90194.2,90623.1,7668.929
2024-11-17T05:00:00+00:00,90623,90949.9,90423.5,90511.9,5549.885
2024-11-17T06:00:00+00:00,90511.9,90846,90415.1,90699.9,2567.449
2024-11-17T07:00:00+00:00,90699.9,90731,90422,90600,3225.162
2024-11-17T08:00:00+00:00,90600,91126.5,90523.3,91048.8,6218.988
2024-11-17T09:00:00+00:00,91048.9,91539.6,91019.1,91360,8094.207
2024-11-17T10:00:00+00:00,91360,91400,90946,91133.9,3602.223
2024-11-17T11:00:00+00:00,91133.9,91158.7,90564.7,90743.4,7898.694
2024-11-17T12:00:00+00:00,90743.3,91250,90692.3,91138.3,6459.682
2024-11-17T13:00:00+00:00,91138.3,91165.7,90371.1,90556.9,8870.488
2024-11-17T14:00:00+00:00,90556.8,90829.3,89935.7,90354.9,11101.934
2024-11-17T15:00:00+00:00,90354.9,90644.9,90152.1,90305.1,5668.972
2024-11-17T16:00:00+00:00,90305.2,90597.6,90123,90510.2,3924.599
2024-11-17T17:00:00+00:00,90510.2,90701,90195.2,90642.8,5024.046
2024-11-17T18:00:00+00:00,90642.8,90688,89868.2,89983.4,8802.531
2024-11-17T19:00:00+00:00,89982.6,90200,89713.7,90099.5,7333.718
2024-11-17T20:00:00+00:00,90099.6,90276.3,89525.6,89703.5,8523.977
2024-11-17T21:00:00+00:00,89703.4,89804.2,89036.7,89191.7,8092.896
2024-11-17T22:00:00+00:00,89191.7,89845.2,88736.1,89592.1,11350.741
2024-11-17T23:00:00+00:00,89592,89923,89358,89899.9,6524.667
2024-11-18T00:00:00+00:00,89900,90170.6,89666.9,89988.9,5321.703
2024-11-18T01:00:00+00:00,89988.9,91000,89933.7,90811.4,9318.895
2024-11-18T02:00:00+00:00,90811.4,90907.5,90461.5,90560,3983.429
2024-11-18T03:00:00+00:00,90560,90738.9,90350.1,90728.6,4291.744
2024-11-18T04:00:00+00:00,90728.6,90792.5,90502.1,90503.5,2408.775
2024-11-18T05:00:00+00:00,90503.4,90885,90503.4,90687.6,2822.382
2024-11-18T06:00:00+00:00,90687.7,92240.2,90687.6,92212.6,16960.583
2024-11-18T07:00:00+00:00,92212.5,92414.9,91500,91795.9,16578.082
2024-11-18T08:00:00+00:00,91795.9,92253,91641.3,91889.8,6688.981
2024-11-18T09:00:00+00:00,91889.9,92338.9,91720,91801.8,8192.63
2024-11-18T10:00:00+00:00,91801.7,92125.7,91762,91862.1,5631.446
2024-11-18T11:00:00+00:00,91862,91919.6,90077.7,90338.7,23569.67
2024-11-18T12:00:00+00:00,90338.7,90819.6,90153.8,90571.6,11831.051
2024-11-18T13:00:00+00:00,90571.5,90651,89422.1,89553.6,22863.812
2024-11-18T14:00:00+00:00,89553.7,91110.9,89471.1,90367,24973.015
2024-11-18T15:00:00+00:00,90366.9,92700,90301,92407.8,35990.917
2024-11-18T16:00:00+00:00,92407.8,92675.9,91173.9,91502.1,24356.494
2024-11-18T17:00:00+00:00,91502,92266.2,90970.2,91648.3,20945.418
2024-11-18T18:00:00+00:00,91648.4,91750,90100,90427,16764.465
2024-11-18T19:00:00+00:00,90427,90692.7,89706.2,90657.8,15945.243
2024-11-18T20:00:00+00:00,90657.7,92000.8,90467.2,91532.1,24775.327
2024-11-18T21:00:00+00:00,91532.1,92084.7,91220.1,91351.6,12454.904
2024-11-18T22:00:00+00:00,91351.5,91538.3,90966.9,91222.7,4456.82
2024-11-18T23:00:00+00:00,91222.7,91297.2,90280,90507.4,12431.324
2024-11-19T00:00:00+00:00,90507.4,91343.4,90405.6,91113.9,9377.373
2024-11-19T01:00:00+00:00,91113.8,91319.5,90666,90777.9,5974.565
2024-11-19T02:00:00+00:00,90777.9,91357.9,90766,91313.8,5122.555
2024-11-19T03:00:00+00:00,91313.7,91634.2,91230.7,91499.9,4072.13
2024-11-19T04:00:00+00:00,91500,91888,91315.3,91608.2,6372.232
2024-11-19T05:00:00+00:00,91608.2,91974,91292.5,91946,5110.698
2024-11-19T06:00:00+00:00,91946,92062.1,91654.5,92035.5,5674.452
2024-11-19T07:00:00+00:00,92035.5,92123.7,91655.2,91696,5843.016
2024-11-19T08:00:00+00:00,91696.1,91860.3,91456,91850.1,6575.702
2024-11-19T09:00:00+00:00,91850,92029.2,91250,91770.8,10296.966
2024-11-19T10:00:00+00:00,91770.8,92000,91559.8,91826.3,4631.131
2024-11-19T11:00:00+00:00,91826.3,91939.4,91591,91717.6,3435.485
2024-11-19T12:00:00+00:00,91717.6,92621,91717.6,92539.9,17695.935
2024-11-19T13:00:00+00:00,92539.8,92885,91071.4,91175,28661.718
2024-11-19T14:00:00+00:00,91175,92410.2,91015.6,91887.6,29744.994
2024-11-19T15:00:00+00:00,91887.6,92500,91523.2,92453.3,20232.028
2024-11-19T16:00:00+00:00,92455.5,92699.9,92105.9,92612.3,10481.262
2024-11-19T17:00:00+00:00,92612.3,93333.9,92304.7,92904,22844.369
2024-11-19T18:00:00+00:00,92904.1,93935.9,92763.6,93692.3,29490.623
2024-11-19T19:00:00+00:00,93692.3,93985.9,93107.9,93271.4,16417.356
2024-11-19T20:00:00+00:00,93271.6,93633.1,92202.9,92498,19325.002
2024-11-19T21:00:00+00:00,92498,92790,91846.1,92239.1,15464.216
2024-11-19T22:00:00+00:00,92239,92476.3,91334.4,91857.9,13144.333
2024-11-19T23:00:00+00:00,91857.9,92352.5,91616.8,92335.9,7543.89
2024-11-20T00:00:00+00:00,92335.9,92459.2,92016.9,92070.3,5563.794
2024-11-20T01:00:00+00:00,92070.4,92292,91730.7,91993.6,7212.267
2024-11-20T02:00:00+00:00,91993.5,92068.5,91605.9,91786.8,6309.7
2024-11-20T03:00:00+00:00,91787,92106.5,91500,92072.1,7335.668
2024-11-20T04:00:00+00:00,92072,92295,91882.4,92139,4410.144
2024-11-20T05:00:00+00:00,92139,92581.6,91980,92549,5609.395
2024-11-20T06:00:00+00:00,92549,92687.2,92379,92400.8,4988.108
2024-11-20T07:00:00+00:00,92400.8,92866.6,92326.7,92856.6,6123.452
2024-11-20T08:00:00+00:00,92856.6,93368.4,92730.2,93212.9,10385.313
2024-11-20T09:00:00+00:00,93212.9,93712.5,92982.2,93112.7,13075.274
2024-11-20T10:00:00+00:00,93112.6,93560.1,93036.4,93310.5,6322.062
2024-11-20T11:00:00+00:00,93310.6,93660,92831.7,93485.1,10324.232
2024-11-20T12:00:00+00:00,93485.2,93780,93328.6,93562.9,11364.41
2024-11-20T13:00:00+00:00,93563,94657.5,93562.9,94420,30412.388
2024-11-20T14:00:00+00:00,94420,94849,93825.7,94640.1,33082.043
2024-11-20T15:00:00+00:00,94640.1,94849,94073,94737.6,21408.541
2024-11-20T16:00:00+00:00,94737.6,94840,93313.4,94048.1,32356.8
2024-11-20T17:00:00+00:00,94048.2,94360,93601,93903.6,15377.497
2024-11-20T18:00:00+00:00,93903.6,94307.6,93093.3,93671.6,21672.526
2024-11-20T19:00:00+00:00,93671.5,94000,93230.7,93999.9,8896.232
2024-11-20T20:00:00+00:00,93999.9,94626.8,93807.9,94256.7,11952.739
2024-11-20T21:00:00+00:00,94256.1,94500,93888,94354.8,6441.711
2024-11-20T22:00:00+00:00,94354.8,94497,93915.4,94146.1,4839.45
2024-11-20T23:00:00+00:00,94146,94288,93750.3,94288,4580.481
2024-11-21T00:00:00+00:00,94288,94940,94200,94708,13582.874
2024-11-21T01:00:00+00:00,94708,95000,94572.9,94688.3,8273.114
2024-11-21T02:00:00+00:00,94688.3,94750,94008.7,94384.9,10875.548
2024-11-21T03:00:00+00:00,94384.9,95991.4,94363.7,95790.2,28408.912
2024-11-21T04:00:00+00:00,95790.1,97839,95790.1,97591.2,40959.602
2024-11-21T05:00:00+00:00,97591.2,97899.9,96720.1,97343,23912.136
2024-11-21T06:00:00+00:00,97343.1,97443,96779.9,97041.4,11066.964
2024-11-21T07:00:00+00:00,97041.5,97404.3,96930.7,96950,7961.045
2024-11-21T08:00:00+00:00,96950,97189.3,96757.6,97132.9,7261.553
2024-11-21T09:00:00+00:00,97132.8,97730.9,97055.2,97640.8,11618.943
2024-11-21T10:00:00+00:00,97640.8,97787.7,97311,97755.5,9845.513
2024-11-21T11:00:00+00:00,97755.5,98438.9,97728.7,98014,26183.623
2024-11-21T12:00:00+00:00,98014,98289.3,97250.5,97324.2,21972.283
2024-11-21T13:00:00+00:00,97324.2,97770.9,97001.3,97545.3,17379.724
2024-11-21T14:00:00+00:00,97544.1,97732.3,96522.9,97068.3,25598.098
2024-11-21T15:00:00+00:00,97068.3,97183.4,95625,96684,39008.263
2024-11-21T16:00:00+00:00,96684.1,97500,96311,97175.5,17011.397
2024-11-21T17:00:00+00:00,97175.5,98105.2,96950,98099.3,12239.106
2024-11-21T18:00:00+00:00,98099.3,98499.9,97680,98290.1,17417.164
2024-11-21T19:00:00+00:00,98290.1,99100,97791.9,97891.5,29527.44
2024-11-21T20:00:00+00:00,97891.5,98746.1,97650,98152.6,14746.987
2024-11-21T21:00:00+00:00,98152.5,98268.9,97531.7,97998.2,11222.454
2024-11-21T22:00:00+00:00,97998.2,98461.5,97870,98392.1,4987.995
2024-11-21T23:00:00+00:00,98392.2,98767,98337.2,98366.8,7322.398
2024-11-22T00:00:00+00:00,98366.8,98573.8,97877.1,98044.1,6953.426
2024-11-22T01:00:00+00:00,98044.2,98432.2,97860.1,98099.9,6086.833
2024-11-22T02:00:00+00:00,98100,98852.4,98060.5,98651.1,8019.2
2024-11-22T03:00:00+00:00,98651.1,99414,98443,98888.9,17557.144
2024-11-22T04:00:00+00:00,98888.9,99166.6,98704.5,98841.7,7277.898
2024-11-22T05:00:00+00:00,98841.6,99040,98550,98820.1,4965.311
2024-11-22T06:00:00+00:00,98820.1,99099,98670,99048.8,5749.681
2024-11-22T07:00:00+00:00,99048.9,99537.6,98895.9,99252.6,14832.772
2024-11-22T08:00:00+00:00,99252.6,99340,98824.2,98891.2,9614.33
2024-11-22T09:00:00+00:00,98891.2,98929.2,98461.5,98775.4,9504.171
2024-11-22T10:00:00+00:00,98775.4,98845.4,98350,98461.2,6938.742
2024-11-22T11:00:00+00:00,98461.1,98990,98300,98929.9,7386.214
2024-11-22T12:00:00+00:00,98930,99019.2,98530,98680.5,6425.082
2024-11-22T13:00:00+00:00,98680.5,98688.1,97367.4,97814,31353.29
2024-11-22T14:00:00+00:00,97814,98226,97199.9,97370.3,20482.554
2024-11-22T15:00:00+00:00,97370.4,98824,97237.8,98696.5,19103.82
2024-11-22T16:00:00+00:00,98696.6,99060,98264.2,98911.8,14252.151
2024-11-22T17:00:00+00:00,98911.8,99347.1,98778.6,98828.2,12478.578
2024-11-22T18:00:00+00:00,98828.1,99222,98700.1,99142.7,9796.167
2024-11-22T19:00:00+00:00,99142.7,99660,98888,99112.6,18001.662
2024-11-22T20:00:00+00:00,99112.6,99500,98942,99187.4,10750.39
2024-11-22T21:00:00+00:00,99187.4,99318.4,98740.9,99289.3,7379.829
2024-11-22T22:00:00+00:00,99289.3,99418.4,98508.1,98630.1,6850.924
2024-11-22T23:00:00+00:00,98630.2,98940.8,98630.2,98921.4,4013.898
2024-11-23T00:00:00+00:00,98921.5,98937.3,98571,98665.1,4546.128
2024-11-23T01:00:00+00:00,98663.3,98700,98352.3,98625.1,4852.683
2024-11-23T02:00:00+00:00,98625,98659.3,98309.9,98528.4,3919.21
2024-11-23T03:00:00+00:00,98528.5,98850,98441,98702.6,3935.809
2024-11-23T04:00:00+00:00,98702.6,98749.7,98314.4,98611.2,5319.83
2024-11-23T05:00:00+00:00,98611.1,98808.3,98410.8,98790.3,3109.722
2024-11-23T06:00:00+00:00,98790.4,98842.8,98627.2,98749.9,2290.357
2024-11-23T07:00:00+00:00,98750,98784.9,98450,98600.6,3335.163
2024-11-23T08:00:00+00:00,98600.5,98666,98400,98495.7,4063.283
2024-11-23T09:00:00+00:00,98495.7,98587.9,98374,98502,2666.293
2024-11-23T10:00:00+00:00,98501.9,98621.6,98355,98467.9,2949.976
2024-11-23T11:00:00+00:00,98468,98586.8,98427.8,98470.8,2105.638
2024-11-23T12:00:00+00:00,98470.8,98684.8,98456.3,98670.9,3621.826
2024-11-23T13:00:00+00:00,98670.9,98916.8,98574.1,98587.9,5205.511
2024-11-23T14:00:00+00:00,98587.9,98858,98505.9,98805.6,4446.992
2024-11-23T15:00:00+00:00,98805.6,98847.6,98412.8,98426,5941.34
2024-11-23T16:00:00+00:00,98426.1,98504.4,97541.2,97751.5,21030.351
2024-11-23T17:00:00+00:00,97751.5,98120,97368,97958.9,12015.098
2024-11-23T18:00:00+00:00,97958.8,98045.5,97700,97893.3,3318.836
2024-11-23T19:00:00+00:00,97893.4,97893.4,97407.1,97562.4,3944.99
2024-11-23T20:00:00+00:00,97562.5,97778.8,97173.5,97764.4,7842.76
2024-11-23T21:00:00+00:00,97764.3,98088.4,97600,98011.7,3757.89
2024-11-23T22:00:00+00:00,98011.8,98076.9,97565.5,97707.1,3078.862
2024-11-23T23:00:00+00:00,97707.2,97800,97455.6,97725.5,3059.874
2024-11-24T00:00:00+00:00,97725.6,98068.3,97670.9,97983.1,3728.73
2024-11-24T01:00:00+00:00,97983.2,98499.9,97983.2,98252.2,6180.826
2024-11-24T02:00:00+00:00,98252.2,98666,98252.2,98458,4219.926
2024-11-24T03:00:00+00:00,98458,98492,98165.6,98260.8,3058.146
2024-11-24T04:00:00+00:00,98260.9,98332.4,97947.4,98236.2,3562.614
2024-11-24T05:00:00+00:00,98236.1,98345.6,97966.1,98322.5,3644.364
2024-11-24T06:00:00+00:00,98322.4,98484,98080.3,98420.1,2351.794
2024-11-24T07:00:00+00:00,98420,98490.8,98234.3,98490.1,2997.477
2024-11-24T08:00:00+00:00,98490.1,98578.9,98010,98137.6,4035.839
2024-11-24T09:00:00+00:00,98137.7,98276.8,97881.6,98011.1,3144.925
2024-11-24T10:00:00+00:00,98011,98050,97504.2,97743.2,5315.116
2024-11-24T11:00:00+00:00,97743.2,97824.1,97286,97337.6,8058.188
2024-11-24T12:00:00+00:00,97337.6,97488.5,96450.1,96973.7,21674.932
2024-11-24T13:00:00+00:00,96973.6,97680,96810,97280.9,12916.121
2024-11-24T14:00:00+00:00,97280.8,97285.6,96619.7,97111.1,11050.903
2024-11-24T15:00:00+00:00,97111.1,97167.8,95976,95986.4,14708.309
2024-11-24T16:00:00+00:00,95986.3,96846.4,95822.1,96499.8,14718.22
2024-11-24T17:00:00+00:00,96499.8,96505.5,95840.1,95992.8,9421.319
2024-11-24T18:00:00+00:00,95992.8,96633,95913,96605.7,5150.949
2024-11-24T19:00:00+00:00,96605.7,96605.7,96200,96396.8,3311.507
2024-11-24T20:00:00+00:00,96396.8,96900,96265.1,96888,4246.771
2024-11-24T21:00:00+00:00,96888,97061.4,96645.3,97037.7,3708.058
2024-11-24T22:00:00+00:00,97037.7,98086.3,97037.7,98082,10276.195
2024-11-24T23:00:00+00:00,98082.1,98429.7,97577.7,97960.4,11637.611
2024-11-25T00:00:00+00:00,97960.5,98106.9,97574.4,97763.2,5664.024
2024-11-25T01:00:00+00:00,97763.2,97900.3,96929.9,97257.2,9167.918
2024-11-25T02:00:00+00:00,97257.2,97782,97254.4,97414.3,4152.505
2024-11-25T03:00:00+00:00,97414.3,97947,97384.6,97935.9,3948.394
2024-11-25T04:00:00+00:00,97935.8,98100,97600,97859.3,5060.465
2024-11-25T05:00:00+00:00,97859.3,98300,97828.5,98131.4,5211.257
2024-11-25T06:00:00+00:00,98131.4,98421.6,98083,98131.8,5094.133
2024-11-25T07:00:00+00:00,98131.8,98331.2,97783.3,98112.9,4989.555
2024-11-25T08:00:00+00:00,98113,98360.8,97911.1,98282.1,5662.309
2024-11-25T09:00:00+00:00,98282,98999,98265.1,98578.2,12807.208
2024-11-25T10:00:00+00:00,98578.2,98777,98273.8,98400.2,6658.056
2024-11-25T11:00:00+00:00,98400.2,98658.2,98110,98268,7610.482
2024-11-25T12:00:00+00:00,98268.1,98390,97914.7,97981.5,6292.693
2024-11-25T13:00:00+00:00,97981.6,98018.8,97275.5,97542.5,18768.317
2024-11-25T14:00:00+00:00,97542.5,97722.9,95374.6,95444.4,35564.048
2024-11-25T15:00:00+00:00,95444.3,96551.9,94665.4,96040.4,52116.579
2024-11-25T16:00:00+00:00,96040.4,96562.7,95757.8,95977.1,17191.198
2024-11-25T17:00:00+00:00,95977.1,95977.1,94900,95291.5,18432.334
2024-11-25T18:00:00+00:00,95291.4,96017.4,94919.1,95210.3,12964.148
2024-11-25T19:00:00+00:00,95210.4,95353.3,94467.4,94723.6,16284.532
2024-11-25T20:00:00+00:00,94723.7,95366.8,94557.5,95018,11703.811
2024-11-25T21:00:00+00:00,95018,95233.8,93617.4,93840,17857.241
2024-11-25T22:00:00+00:00,93840,94490,92666,94479,27985.242
2024-11-25T23:00:00+00:00,94479,94479,92875.8,93064,18188.572
2024-11-26T00:00:00+00:00,93064,94411.7,92800.1,93903.3,17539.015
2024-11-26T01:00:00+00:00,93903.3,94914,93880,94909.4,11020.452
2024-11-26T02:00:00+00:00,94909.4,94981.8,94473.9,94645.2,5663.236
2024-11-26T03:00:00+00:00,94645.2,94777.7,94320,94537.8,5322.879
2024-11-26T04:00:00+00:00,94537.7,94609.2,94123,94366.3,4642.614
2024-11-26T05:00:00+00:00,94366.4,94745.5,94252.1,94713.8,3357.106
2024-11-26T06:00:00+00:00,94713.8,95064,94497,94553.5,5388.128
2024-11-26T07:00:00+00:00,94553.6,94573.9,93533.9,93842.1,11260.468
2024-11-26T08:00:00+00:00,93842.1,93842.2,92405.2,93221.6,29024.736
2024-11-26T09:00:00+00:00,93221.6,93825.6,93134.7,93614.4,16553.732
2024-11-26T10:00:00+00:00,93614.5,93846.1,92363.5,92414.5,14566.241
2024-11-26T11:00:00+00:00,92414.5,92771.9,91553,92420,30086.547
2024-11-26T12:00:00+00:00,92420,92739,91875.5,92234.6,15736.378
2024-11-26T13:00:00+00:00,92234.5,92994.4,91987.2,92248.2,13452.08
2024-11-26T14:00:00+00:00,92248.3,93597.3,91809.9,93338.3,23944.933
2024-11-26T15:00:00+00:00,93338.4,93639.5,92359.4,92877.4,20692.786
2024-11-26T16:00:00+00:00,92877.4,94745.2,92744.7,94098.3,23029.969
2024-11-26T17:00:00+00:00,94098.4,94117.7,93490.7,93636.6,10627.672
2024-11-26T18:00:00+00:00,93636.7,93717.6,92072,92202,19639.792
2024-11-26T19:00:00+00:00,92202,92748.5,91650.6,91760,13987.616
2024-11-26T20:00:00+00:00,91760,92124.1,90866.4,91124.2,24885.209
2024-11-26T21:00:00+00:00,91124.2,91999,90936,91762.8,11216.992
2024-11-26T22:00:00+00:00,91763.8,92443.2,91605.2,91888,8181.382
2024-11-26T23:00:00+00:00,91888,92138,91653.9,92021.4,5109.27
2024-11-27T00:00:00+00:00,92021.5,92506.4,91864,92012.2,10001.806
2024-11-27T01:00:00+00:00,92012.2,92878.9,91882.8,92821,8632.728
2024-11-27T02:00:00+00:00,92821,93133,92370.4,93002.1,6522.31
2024-11-27T03:00:00+00:00,93002.1,93013.9,92559.7,92645.3,5046.891
2024-11-27T04:00:00+00:00,92645.2,93280,92568.8,92639.9,7073.771
2024-11-27T05:00:00+00:00,92639.9,92887.9,92413.2,92830.7,3719.989
2024-11-27T06:00:00+00:00,92830.7,93465,92830.7,93122.9,6157.198
2024-11-27T07:00:00+00:00,93122.9,93721.8,93078.9,93651.3,6193.676
2024-11-27T08:00:00+00:00,93651.3,93667.1,93295.2,93489.7,4865.896
2024-11-27T09:00:00+00:00,93489.6,93550,93167.2,93472.2,4389.779
2024-11-27T10:00:00+00:00,93472.2,93939,93411.5,93867.5,7071.77
2024-11-27T11:00:00+00:00,93867.4,93875,93360.1,93423.8,5190.049
2024-11-27T12:00:00+00:00,93423.8,93578.8,92903.4,93555.4,10006.714
2024-11-27T13:00:00+00:00,93555.4,94333,93469.7,94328.4,11978.26
2024-11-27T14:00:00+00:00,94328.4,94940.8,94150,94894.8,18998.561
2024-11-27T15:00:00+00:00,94894.6,95908,94371,95610.5,26867.211
2024-11-27T16:00:00+00:00,95610.4,96389.7,95238.7,95725.2,22364.211
2024-11-27T17:00:00+00:00,95725.1,96343.1,95356.8,96284.2,11613.579
2024-11-27T18:00:00+00:00,96284.2,96607.9,96042.5,96162.3,13153.635
2024-11-27T19:00:00+00:00,96162.3,96687.4,95927.2,96670,7472.874
2024-11-27T20:00:00+00:00,96670.1,97250,96360,96545.6,16663.492
2024-11-27T21:00:00+00:00,96546,96639.9,96103,96322.3,8428.93
2024-11-27T22:00:00+00:00,96322.4,96575.5,96070,96087.2,7740.039
2024-11-27T23:00:00+00:00,96087.3,96232.5,95776.6,95905.2,6852.618
2024-11-28T00:00:00+00:00,95905.2,96627.6,95769.2,96607.6,7285.835
2024-11-28T01:00:00+00:00,96607.6,96607.6,96123.3,96329.9,4028.565
2024-11-28T02:00:00+00:00,96329.9,96497,95666.8,95764,5557.208
2024-11-28T03:00:00+00:00,95763.9,95860,94878.2,95523.1,13853.938
2024-11-28T04:00:00+00:00,95523.1,95884.5,95394.6,95796.1,5361.889
2024-11-28T05:00:00+00:00,95796.2,95985.1,95410.2,95513.5,4730.965
2024-11-28T06:00:00+00:00,95513.5,95771,95135.8,95544.9,6717.816
2024-11-28T07:00:00+00:00,95544.8,95830.6,95270,95371.6,4228.817
2024-11-28T08:00:00+00:00,95371.5,95690.3,95141.8,95522.9,5310.152
2024-11-28T09:00:00+00:00,95522.9,95585.7,95008.5,95031.4,4372.108
2024-11-28T10:00:00+00:00,95031.3,95214,94700.1,95020,9665.216
2024-11-28T11:00:00+00:00,95020.1,95862,94814.2,95509.9,8671.6
2024-11-28T12:00:00+00:00,95509.9,95718.9,95252,95546.6,6647.329
2024-11-28T13:00:00+00:00,95546.5,95849.9,95075.1,95773.5,7761.176
2024-11-28T14:00:00+00:00,95773.4,96284,95400,95432.1,11646.138
2024-11-28T15:00:00+00:00,95432.1,95592.3,94950,95067.3,9740.215
2024-11-28T16:00:00+00:00,95067.3,95390.2,94863.8,95013,7502.522
2024-11-28T17:00:00+00:00,95013,95319.3,94873.9,94927.3,4530.397
2024-11-28T18:00:00+00:00,94927.3,95415.9,94912.8,95362.9,3730.275
2024-11-28T19:00:00+00:00,95362.9,95521.5,95093.1,95196.3,2984.172
2024-11-28T20:00:00+00:00,95196.4,95209,94768,94889.2,4024.124
2024-11-28T21:00:00+00:00,94889.3,95250,94872.7,95193.4,4235.384
2024-11-28T22:00:00+00:00,95193.3,95722.3,95088.7,95714.8,4340.243
2024-11-28T23:00:00+00:00,95714.8,96082.7,95585.7,95694.4,7080.942
2024-11-29T00:00:00+00:00,95694.4,95886.2,95404.5,95525.5,5191.683
2024-11-29T01:00:00+00:00,95525.6,96047.3,95452.7,95975.2,3929.103
2024-11-29T02:00:00+00:00,95975.1,96932.9,95966.8,96798.1,11452.605
2024-11-29T03:00:00+00:00,96798,96864.9,96486,96646.4,4386.217
2024-11-29T04:00:00+00:00,96646.5,96684.4,96300,96321.9,4435.917
2024-11-29T05:00:00+00:00,96322,96595.2,96207.5,96219.2,3724.419
2024-11-29T06:00:00+00:00,96219.3,96434.2,96045.1,96320.3,4396.041
2024-11-29T07:00:00+00:00,96320.4,96478.6,95669.4,95690.2,6667.378
2024-11-29T08:00:00+00:00,95690.2,96087.5,95690.1,96057.1,5297.341
2024-11-29T09:00:00+00:00,96057.2,96549,95933.6,96431.5,5754.902
2024-11-29T10:00:00+00:00,96431.4,96922.9,96364.8,96922.9,7690.038
2024-11-29T11:00:00+00:00,96922.9,97437.1,96605,97302.2,11458.408
2024-11-29T12:00:00+00:00,97302.2,97568,96934.4,96988.9,10825.16
2024-11-29T13:00:00+00:00,96988.9,97328.9,96822,97280,6947.998
2024-11-29T14:00:00+00:00,97280,98144.4,96959.9,98082,14719.07
2024-11-29T15:00:00+00:00,98082,98713.3,97750,98076.2,27903.419
2024-11-29T16:00:00+00:00,98076.3,98514.9,97747.5,97841.3,15907.709
2024-11-29T17:00:00+00:00,97842,97873.3,97000,97028.1,14762.254
2024-11-29T18:00:00+00:00,97028.1,97418.6,96903.2,97233.4,6165.387
2024-11-29T19:00:00+00:00,97233.3,97492.5,96935.4,97380,4733.981
2024-11-29T20:00:00+00:00,97380,97687.4,97240,97358.8,4225.784
2024-11-29T21:00:00+00:00,97358.8,97485,97036.9,97440,3426.549
2024-11-29T22:00:00+00:00,97440,97547.8,97280.8,97348,3255.084
2024-11-29T23:00:00+00:00,97348,97557.5,97167.3,97516.3,3264.502
2024-11-30T00:00:00+00:00,97516.2,97522.1,96999,97023.1,5214.851
2024-11-30T01:00:00+00:00,97023.1,97023.1,96500,96500.1,8810.769
2024-11-30T02:00:00+00:00,96500,96774.1,96400,96671.2,6458.628
2024-11-30T03:00:00+00:00,96671.2,96761,96457.2,96708.1,3481.344
2024-11-30T04:00:00+00:00,96708.1,96811.9,96600.9,96744.9,2407.003
2024-11-30T05:00:00+00:00,96744.9,97239.9,96744.9,97154.6,5554.756
2024-11-30T06:00:00+00:00,97154.5,97300,96648.5,96699,8271.175
2024-11-30T07:00:00+00:00,96699,96988.6,96599.8,96843.3,3252.888
2024-11-30T08:00:00+00:00,96843.3,97047.2,96757.7,97006,2931.233
2024-11-30T09:00:00+00:00,97005.9,97006,96666.6,96834.2,2560.589
2024-11-30T10:00:00+00:00,96834.3,96874,96170,96202,6993.438
2024-11-30T11:00:00+00:00,96202,96515.1,96150,96321.3,4412.18
2024-11-30T12:00:00+00:00,96321.3,96620,96300,96613,2531.731
2024-11-30T13:00:00+00:00,96613,96737.4,96455.6,96463.7,2633.783
2024-11-30T14:00:00+00:00,96463.6,96779.8,96349.2,96516.7,3904.012
2024-11-30T15:00:00+00:00,96516.7,96800,96460,96707.4,2910.105
2024-11-30T16:00:00+00:00,96707.4,97028,96581.9,96937,3941.727
2024-11-30T17:00:00+00:00,96937.1,97029.5,96823.6,96843.7,2939.122
2024-11-30T18:00:00+00:00,96843.7,97088.7,96828.4,97019.9,1829.69
2024-11-30T19:00:00+00:00,97019.9,97128.4,96926.6,97072.5,1784.736
2024-11-30T20:00:00+00:00,97072.6,97109.1,96888.9,97042.1,1732.851
2024-11-30T21:00:00+00:00,97042.1,97046.6,96841.3,96845.7,1629.873
2024-11-30T22:00:00+00:00,96845.6,96889.3,96402.4,96529.5,3682.552
2024-11-30T23:00:00+00:00,96529.5,96658.6,96380,96475.1,3205.182
2024-12-01T00:00:00+00:00,96475.2,96746.3,96313,96403.2,4201.075
2024-12-01T01:00:00+00:00,96403.2,96601,96095.2,96164.9,5809.529
2024-12-01T02:00:00+00:00,96164.8,96487,95736.5,95844.9,11179.029
2024-12-01T03:00:00+00:00,95844.9,96535,95835.4,96404,4942.547
2024-12-01T04:00:00+00:00,96404,96585,96249.1,96572.2,3050.912
2024-12-01T05:00:00+00:00,96572.1,96582.8,96324.8,96384.6,2483.377
2024-12-01T06:00:00+00:00,96384.6,96560.9,96350,96391.9,1924.675
2024-12-01T07:00:00+00:00,96391.9,96565,96366,96525.4,1694.551
2024-12-01T08:00:00+00:00,96525.4,97250,96480,97100,11255.264
2024-12-01T09:00:00+00:00,97100.1,97164,96909.4,97087,3188.021
2024-12-01T10:00:00+00:00,97087,97100,96585.1,96867.6,4071.413
2024-12-01T11:00:00+00:00,96867.7,97196.4,96867.6,97163.7,3018.676
2024-12-01T12:00:00+00:00,97163.7,97184,96830,96830.3,2982.937
2024-12-01T13:00:00+00:00,96830.4,97481.3,96705.3,97134.5,8203.668
2024-12-01T14:00:00+00:00,97134.5,97407.5,97000,97343,6428.189
2024-12-01T15:00:00+00:00,97343.1,97371.4,97010,97081.4,3326.216
2024-12-01T16:00:00+00:00,97081.5,97433,97052.5,97273.1,5220.782
2024-12-01T17:00:00+00:00,97273.1,97375,97096.1,97375,2205.619
2024-12-01T18:00:00+00:00,97374.9,97632.8,97135,97185.6,4994.205
2024-12-01T19:00:00+00:00,97185.4,97388,97029.5,97242,3195.41
2024-12-01T20:00:00+00:00,97242.1,97278.1,96852.7,97169.6,3884.366
2024-12-01T21:00:00+00:00,97169.6,97878.9,97116.6,97848.2,4729.687
2024-12-01T22:00:00+00:00,97848.2,97933,97455.7,97645.5,5562.682
2024-12-01T23:00:00+00:00,97645.5,97856,97250,97265.1,5670.16
2024-12-02T00:00:00+00:00,97265,97690,97147.4,97524.5,5723.484
2024-12-02T01:00:00+00:00,97524.5,98266,97481.6,98079.4,8972.358
2024-12-02T02:00:00+00:00,98079.4,98161.4,97530,97730.6,4607.535
2024-12-02T03:00:00+00:00,97730.6,97757.7,96402.5,96549.8,10531.686
2024-12-02T04:00:00+00:00,96549.9,96950.7,96155.6,96780.3,16637.517
2024-12-02T05:00:00+00:00,96780.3,97000,96420,96444.9,4960.872
2024-12-02T06:00:00+00:00,96444.8,96507,96221.1,96349.9,6444.577
2024-12-02T07:00:00+00:00,96349.9,96538.4,95788.4,96053.6,11329.579
2024-12-02T08:00:00+00:00,96053.5,96177.9,94919.3,95123.1,19059.847
2024-12-02T09:00:00+00:00,95123.1,95600,95033.2,95545.4,8545.375
2024-12-02T10:00:00+00:00,95545.4,95558.1,94887,95029.8,9975.84
2024-12-02T11:00:00+00:00,95029.7,95400.1,94930.2,95191.3,5890.809
2024-12-02T12:00:00+00:00,95191.4,95480,94826,95033.9,8822.103
2024-12-02T13:00:00+00:00,95034,95857.9,94888.8,95739.4,13031.107
2024-12-02T14:00:00+00:00,95739.5,96887.8,95561,96374.1,17586.09
2024-12-02T15:00:00+00:00,96374.2,97286.2,95779.1,97106.5,21056.323
2024-12-02T16:00:00+00:00,97106.6,97435,96033.3,96224.6,20749.822
2024-12-02T17:00:00+00:00,96224.6,96623.6,94400,94650.8,22628.045
2024-12-02T18:00:00+00:00,94650.9,95896.3,94529.8,95694.8,12327.47
2024-12-02T19:00:00+00:00,95694.5,95926,95220.4,95873.9,7375.632
2024-12-02T20:00:00+00:00,95873.9,96389.9,95509.8,95735.4,8458.217
2024-12-02T21:00:00+00:00,95735,95835.6,95393.8,95470,4675.576
2024-12-02T22:00:00+00:00,95470,95601.6,95171.5,95434.4,3580.01
2024-12-02T23:00:00+00:00,95434.3,95919.2,95387.4,95890.5,4644.037
2024-12-03T00:00:00+00:00,95890.6,96160.4,95742.6,95861.9,5732.041
2024-12-03T01:00:00+00:00,95861.9,95991.6,95520.2,95591.5,3779.011
2024-12-03T02:00:00+00:00,95591.5,96375,95463.6,96119.9,6373.366
2024-12-03T03:00:00+00:00,96120,96283.7,95974.2,96136.8,2744.714
2024-12-03T04:00:00+00:00,96136.8,96295.8,95976.3,95990.2,2840.624
2024-12-03T05:00:00+00:00,95990.2,96236.6,95927.2,96215.4,2250.933
2024-12-03T06:00:00+00:00,96215.3,96324.9,95601.4,95701.4,4557.285
2024-12-03T07:00:00+00:00,95701.2,95787.3,95336.3,95608.8,7838.868
2024-12-03T08:00:00+00:00,95608.8,95739.8,95359,95585.6,4549.722
2024-12-03T09:00:00+00:00,95585.7,95600,95209.9,95313.7,4111.462
2024-12-03T10:00:00+00:00,95313.7,95543.9,94692.9,94743.1,9215.454
2024-12-03T11:00:00+00:00,94743,95088,94661.3,95045.8,7768.958
2024-12-03T12:00:00+00:00,95045.9,95050.5,94736.7,94875.8,6115.228
2024-12-03T13:00:00+00:00,94875.8,94937.5,93719.1,93775.1,21078.369
2024-12-03T14:00:00+00:00,93775,95514.6,93605,95298.6,32386.012
2024-12-03T15:00:00+00:00,95298.7,96315.5,95168.6,95743.7,26067.848
2024-12-03T16:00:00+00:00,95744.7,96236.3,94925.8,95175.3,14189.898
2024-12-03T17:00:00+00:00,95175.3,95999.7,94926.8,95895.9,10467.328
2024-12-03T18:00:00+00:00,95896,95896,95341.9,95548.2,5413.142
2024-12-03T19:00:00+00:00,95548.2,95583.4,95010,95512.7,8218.364
2024-12-03T20:00:00+00:00,95512.6,95751.4,95337.2,95673.1,5414.727
2024-12-03T21:00:00+00:00,95673.1,96180,95609.3,96069.5,7473.392
2024-12-03T22:00:00+00:00,96069.5,96200,95722.7,96184.9,3795.282
2024-12-03T23:00:00+00:00,96185,96200,95874.6,95913.3,4219.952
2024-12-04T00:00:00+00:00,95913.3,96099.7,95640,95823.8,4623.472
2024-12-04T01:00:00+00:00,95823.9,96740,95559.1,96298.9,10462.304
2024-12-04T02:00:00+00:00,96298.9,96307,95271.6,95864.8,9379.607
2024-12-04T03:00:00+00:00,95864.8,95980,95648.1,95852,3356.976
2024-12-04T04:00:00+00:00,95852.1,96076.4,95783.5,96076.4,2901.355
2024-12-04T05:00:00+00:00,96076.4,96566.4,96068.2,96557.1,5368.977
2024-12-04T06:00:00+00:00,96557.2,96799.9,96350,96609.8,6069.627
2024-12-04T07:00:00+00:00,96609.7,96775.8,96475,96652.1,4065.873
2024-12-04T08:00:00+00:00,96652.2,96890,96580.2,96746.9,5630.74
2024-12-04T09:00:00+00:00,96746.9,97041.1,96727.6,96897,4775.046
2024-12-04T10:00:00+00:00,96897,96917.4,96505.9,96602.1,4782.193
2024-12-04T11:00:00+00:00,96602.1,96602.1,96239.7,96270,5737.928
2024-12-04T12:00:00+00:00,96270.1,96357.8,95745.5,96038,10664.336
2024-12-04T13:00:00+00:00,96037.9,96082.8,95398.1,95731.6,11011.262
2024-12-04T14:00:00+00:00,95731.7,96634.6,95521.2,95880.1,16994.981
2024-12-04T15:00:00+00:00,95880,96468.1,95457,95813,15808.503
2024-12-04T16:00:00+00:00,95813,95887.5,94650.8,94895.3,23933.415
2024-12-04T17:00:00+00:00,94895.2,95635.5,94755,95609.7,13116.784
2024-12-04T18:00:00+00:00,95609.7,96304.7,95506.3,96188.2,13120.936
2024-12-04T19:00:00+00:00,96188.3,97310.3,96110.9,97283.4,17770.319
2024-12-04T20:00:00+00:00,97283.4,99099.9,97189.3,98803.5,41682.389
2024-12-04T21:00:00+00:00,98803.5,98970.1,97500.2,97782.5,22435.531
2024-12-04T22:00:00+00:00,97779.4,98647,97621.2,98233.7,10201.414
2024-12-04T23:00:00+00:00,98233.7,99086,98223.5,98669.8,12055.237
2024-12-05T00:00:00+00:00,98669.8,98888,98307.6,98376.4,10507.909
2024-12-05T01:00:00+00:00,98376.3,98720,97970.5,98254.1,13874.117
2024-12-05T02:00:00+00:00,98254.1,102543.2,98212.8,101540.6,74046.716
2024-12-05T03:00:00+00:00,101540.7,104630.4,101535.8,103084.8,57369.67
2024-12-05T04:00:00+00:00,103084.7,103696.7,102611.6,103459.2,18656.67
2024-12-05T05:00:00+00:00,103459.1,103599.9,101934.7,102591.7,18626.524
2024-12-05T06:00:00+00:00,102591.7,102802.4,101533.8,101960.9,15641.138
2024-12-05T07:00:00+00:00,101960.8,102606.9,101359.8,102292.1,16254.321
2024-12-05T08:00:00+00:00,102292.1,102999.4,102290.3,102847.3,10870.985
2024-12-05T09:00:00+00:00,102847.3,103228.9,102656.9,102800,8184.793
2024-12-05T10:00:00+00:00,102800,103032.8,102366.1,102388,6762.984
2024-12-05T11:00:00+00:00,102388,102803.2,102357.8,102668.2,5434.935
2024-12-05T12:00:00+00:00,102668.2,103451.9,102550,102956.1,12383.656
2024-12-05T13:00:00+00:00,102956.1,103371.8,102786.2,102885.8,9130.765
2024-12-05T14:00:00+00:00,102885.8,103661.7,102381.9,103600,18331.931
2024-12-05T15:00:00+00:00,103600,103600,100932.6,101350.1,42694.169
2024-12-05T16:00:00+00:00,101350.1,102063.8,100623.4,101113.9,25173.785
2024-12-05T17:00:00+00:00,101113.9,101421.6,100609.7,101346.7,12357.214
2024-12-05T18:00:00+00:00,101346.7,101567.5,100239,100258.2,14465.707
2024-12-05T19:00:00+00:00,100258.3,100999.7,98704.6,99111.6,26448.665
2024-12-05T20:00:00+00:00,99111.5,99497,97917.8,99125.3,34985.515
2024-12-05T21:00:00+00:00,99130.3,99542.9,98857.5,98968.1,10293.503
2024-12-05T22:00:00+00:00,98967.9,99105,90200,96616.6,84252.261
2024-12-05T23:00:00+00:00,96616.6,97554,95363.5,97001.5,33529.458
2024-12-06T00:00:00+00:00,97001.6,97810,96429.5,97614.6,19369.37
2024-12-06T01:00:00+00:00,97614.6,98858.6,97174.3,98175.1,16305.175
2024-12-06T02:00:00+00:00,98175,98218.3,97534.6,97657,10391.835
2024-12-06T03:00:00+00:00,97657,97826.8,97236.7,97802.7,8805.138
2024-12-06T04:00:00+00:00,97802.7,98045.2,97422.8,97939.4,5420.266
2024-12-06T05:00:00+00:00,97939.4,98356.6,97702.5,97916,6959.85
2024-12-06T06:00:00+00:00,97915.9,98307.6,97811.7,98137,5888.489
2024-12-06T07:00:00+00:00,98137,98353.6,97822.2,98209.6,5222.125
2024-12-06T08:00:00+00:00,98209.7,98765.4,98082.6,98400.2,9034.757
2024-12-06T09:00:00+00:00,98400.2,98507.6,97985.7,98059.3,12747.09
2024-12-06T10:00:00+00:00,98059.3,98269.5,97705.2,98193.3,7255.459
2024-12-06T11:00:00+00:00,98193.3,98397.7,97865,98127.4,5060.312
2024-12-06T12:00:00+00:00,98127.4,98450,97556.3,97692.1,8609.094
2024-12-06T13:00:00+00:00,97693.4,98974,97550,98649.9,16800.022
2024-12-06T14:00:00+00:00,98649.9,99592.1,98402.3,99524.9,24168.459
2024-12-06T15:00:00+00:00,99524.9,99543.9,98621.3,99358.5,17473.702
2024-12-06T16:00:00+00:00,99358.5,99573.1,98800,99055.9,11271.651
2024-12-06T17:00:00+00:00,99055.9,101350,98933.3,100915.2,27249.048
2024-12-06T18:00:00+00:00,100915.1,101840.2,100668.6,101446.4,22093.797
2024-12-06T19:00:00+00:00,101446.4,101900,101262.5,101532.6,7174.783
2024-12-06T20:00:00+00:00,101532.6,101988.8,101132.6,101448,9898.558
2024-12-06T21:00:00+00:00,101448,101536,100400,100463.1,9123.461
2024-12-06T22:00:00+00:00,100463.1,100788.9,100427,100584.2,4396.797
2024-12-06T23:00:00+00:00,100584.3,100656.2,99111,99802.5,11650.37
2024-12-07T00:00:00+00:00,99802.5,100468.9,99604.5,100339.3,7255.11
2024-12-07T01:00:00+00:00,100339.3,100499,99902.2,100119,4167.757
2024-12-07T02:00:00+00:00,100118.9,100240.2,99931.2,100008.1,2325.486
2024-12-07T03:00:00+00:00,100008,100017.2,99361,99383,5867.18
2024-12-07T04:00:00+00:00,99383,99741,99121.9,99570.6,6017.658
2024-12-07T05:00:00+00:00,99570.7,99715,98876.9,99204.9,7967.727
2024-12-07T06:00:00+00:00,99204.9,99445.6,99117.8,99392.2,3322.399
2024-12-07T07:00:00+00:00,99392.2,99550.2,99149.1,99442.6,3693.276
2024-12-07T08:00:00+00:00,99442.6,99630.9,99314.8,99473.4,3099.301
2024-12-07T09:00:00+00:00,99473.3,99895.3,99467.4,99728,4678.169
2024-12-07T10:00:00+00:00,99727.9,99775.7,99475.9,99585,2160.864
2024-12-07T11:00:00+00:00,99585.1,99821.8,99481.5,99660.4,2146.208
2024-12-07T12:00:00+00:00,99660.3,99760,99425,99486.1,2082.206
2024-12-07T13:00:00+00:00,99486.1,99586.5,99366.7,99409.6,2005.442
2024-12-07T14:00:00+00:00,99409.6,99862.2,99101.7,99528.6,5689.28
2024-12-07T15:00:00+00:00,99527.8,99890,99395,99811.4,5891.795
2024-12-07T16:00:00+00:00,99811.5,99862.1,99536.4,99700,3250.284
2024-12-07T17:00:00+00:00,99700,99792.8,99528,99702.7,2404.737
2024-12-07T18:00:00+00:00,99702.8,100336.8,99652.3,100190.6,5585.311
2024-12-07T19:00:00+00:00,100190.6,100330,99975.3,100140.6,4237.072
2024-12-07T20:00:00+00:00,100140.7,100440.6,100140.6,100377.8,2287.685
2024-12-07T21:00:00+00:00,100377.8,100497.5,99753,99930,4116.797
2024-12-07T22:00:00+00:00,99930,100118.1,99655,99655,2405.351
2024-12-07T23:00:00+00:00,99655.1,100339.4,99655,99899.2,3201.563
2024-12-08T00:00:00+00:00,99899.2,100044.5,99686.4,100043.9,2211.091
2024-12-08T01:00:00+00:00,100043.9,100200,99745,99915,2670.456
2024-12-08T02:00:00+00:00,99915.1,100415,99810.6,100225.8,3311.192
2024-12-08T03:00:00+00:00,100225.8,100344,99970.9,99996.7,2169.566
2024-12-08T04:00:00+00:00,99996.7,100100,99760,99820.4,2883.044
2024-12-08T05:00:00+00:00,99820.3,99852.4,99413.6,99595.8,4297.642
2024-12-08T06:00:00+00:00,99595.9,99876.5,99388.5,99745.3,3044.467
2024-12-08T07:00:00+00:00,99745.4,99926.6,99688,99741.5,1495.572
2024-12-08T08:00:00+00:00,99741.6,99767.5,98997.7,99034.5,6106.86
2024-12-08T09:00:00+00:00,99034.5,99366.8,98709.4,98942,8810.66
2024-12-08T10:00:00+00:00,98941.9,99479.8,98935.7,99301.7,3869.818
2024-12-08T11:00:00+00:00,99301.7,99898,99177.6,99755.3,5293.919
2024-12-08T12:00:00+00:00,99755.2,100277.9,99509.7,99986.1,7269.857
2024-12-08T13:00:00+00:00,99986,100597.5,99861.1,100480,8249.259
2024-12-08T14:00:00+00:00,100479.9,100505,99800,99802.5,6158.554
2024-12-08T15:00:00+00:00,99802.6,100050.1,99409.3,99975,8182.444
2024-12-08T16:00:00+00:00,99974.9,100258.4,99800.1,99899.6,4823.797
2024-12-08T17:00:00+00:00,99899.6,100091.1,99686.3,100023.4,3738.683
2024-12-08T18:00:00+00:00,100023.4,100100,99627.2,99733.3,2921.731
2024-12-08T19:00:00+00:00,99733.4,100272.2,99538.4,100182.3,3420.379
2024-12-08T20:00:00+00:00,100182.4,100240.2,99864.8,99870.7,2752.31
2024-12-08T21:00:00+00:00,99870.7,100146.5,99800,100105.8,1872.69
2024-12-08T22:00:00+00:00,100105.1,100364.5,99946.2,100300,2249.716
2024-12-08T23:00:00+00:00,100300,101457.9,100164.4,101200,11951.969
2024-12-09T00:00:00+00:00,101200.1,101300,99413.6,99728.3,18935.628
2024-12-09T01:00:00+00:00,99728.3,99941.7,99461,99600.3,6068.174
2024-12-09T02:00:00+00:00,99600.3,99800,99082.3,99277.1,7655.88
2024-12-09T03:00:00+00:00,99277.1,99454.9,98500.1,99180,8489.496
2024-12-09T04:00:00+00:00,99179.9,99547.1,98860,99515.2,6896.867
2024-12-09T05:00:00+00:00,99515.2,99625.5,99388,99500,3533.796
2024-12-09T06:00:00+00:00,99499.9,99540.1,98916.3,99106.6,4939.812
2024-12-09T07:00:00+00:00,99106.6,99798.1,98374.3,99637.1,13902.41
2024-12-09T08:00:00+00:00,99637.2,99757.5,98859.4,98972.4,9683.207
2024-12-09T09:00:00+00:00,98972.3,99171.2,98455,98459.3,9638.114
2024-12-09T10:00:00+00:00,98459.3,98843.6,98325.4,98772.9,9510.868
2024-12-09T11:00:00+00:00,98772.9,98772.9,98112,98157.4,9126.976
2024-12-09T12:00:00+00:00,98157.5,98690.8,98001,98653.6,8204.926
2024-12-09T13:00:00+00:00,98653.6,99286.8,98301.7,99063.5,11340.256
2024-12-09T14:00:00+00:00,99063.5,100468,98918.6,100207.3,19008.018
2024-12-09T15:00:00+00:00,100207.4,100481.3,97555,97856,40014.075
2024-12-09T16:00:00+00:00,97856.1,98448.5,97500.1,97884.6,15196.115
2024-12-09T17:00:00+00:00,97884.6,98295,97370,97406.2,8281.894
2024-12-09T18:00:00+00:00,97406.1,98307.6,97406.1,97833.6,8514.435
2024-12-09T19:00:00+00:00,97833.6,97833.7,97029.5,97126.8,10617.376
2024-12-09T20:00:00+00:00,97126.8,97377.3,96150.2,96296.7,19086.766
2024-12-09T21:00:00+00:00,96296.4,97627.3,94039.7,96952.8,43681.961
2024-12-09T22:00:00+00:00,96952.8,97450,94846.1,97040.1,25625.866
2024-12-09T23:00:00+00:00,97040,97590.5,96762.5,97349.1,9020.674
2024-12-10T00:00:00+00:00,97349.1,98197.8,97055,97912.5,12004.989
2024-12-10T01:00:00+00:00,97911.9,98101.8,97495.4,97977.3,5863.047
2024-12-10T02:00:00+00:00,97977.2,97983,96645.1,96700.1,9464.745
2024-12-10T03:00:00+00:00,96700,96985.3,95591.9,96958,19713.922
2024-12-10T04:00:00+00:00,96957.9,97166.1,95923.8,97069.7,11419.414
2024-12-10T05:00:00+00:00,97069.8,97100,96550.2,96983,6306.672
2024-12-10T06:00:00+00:00,96983,97540.8,96843,97485.4,5794.125
2024-12-10T07:00:00+00:00,97485.5,97522,96932.8,97217.7,4803.677
2024-12-10T08:00:00+00:00,97217.7,97571.4,96961.1,97410.5,4503.069
2024-12-10T09:00:00+00:00,97410.5,97700,97240,97517.2,4886.093
2024-12-10T10:00:00+00:00,97517.2,97914.7,97517.1,97715.9,6152.169
2024-12-10T11:00:00+00:00,97716,97948,97460.6,97745.8,4703.018
2024-12-10T12:00:00+00:00,97745.7,97863.9,96880.9,97189.3,11271.823
2024-12-10T13:00:00+00:00,97189.3,97954.7,97150,97750.5,8995.509
2024-12-10T14:00:00+00:00,97750.5,98320.6,97145,97837.7,20459.878
2024-12-10T15:00:00+00:00,97837.8,98138.6,95639.5,95687.9,28319.38
2024-12-10T16:00:00+00:00,95674.8,96566.8,94544,96358,43939.26
2024-12-10T17:00:00+00:00,96358,96439.5,94403,94505.4,30480.96
2024-12-10T18:00:00+00:00,94505.3,95539.4,94265.5,95135.7,14639.909
2024-12-10T19:00:00+00:00,95135.6,96196.5,94981.7,95862.9,9449.823
2024-12-10T20:00:00+00:00,95862.9,96725,95621.1,96432.3,9948.853
2024-12-10T21:00:00+00:00,96437.6,97238.9,96390.5,96870.6,9040.552
2024-12-10T22:00:00+00:00,96870.6,97103.3,96595.1,96849.7,3543.194
2024-12-10T23:00:00+00:00,96849.7,97147.7,96409.5,96602.4,5786.663
2024-12-11T00:00:00+00:00,96602.3,96856.9,95809.5,96411.5,11119.569
2024-12-11T01:00:00+00:00,96411.5,96644.9,95650,95755.5,7901.637
2024-12-11T02:00:00+00:00,95755.5,97477,95680.4,97222.8,11172.249
2024-12-11T03:00:00+00:00,97221.3,97643,97131.1,97406.8,7803.772
2024-12-11T04:00:00+00:00,97406.9,97623.2,97185.7,97550.7,4218.791
2024-12-11T05:00:00+00:00,97550.7,97755.1,97306.1,97507.5,3181.587
2024-12-11T06:00:00+00:00,97507.6,97768,97403.9,97693.8,3014.171
2024-12-11T07:00:00+00:00,97693.8,97800,97238.5,97337.9,3992.84
2024-12-11T08:00:00+00:00,97337.9,98499.9,97310.6,98114.1,11086.534
2024-12-11T09:00:00+00:00,98114.1,98177.9,97757.5,98001.7,4452.398
2024-12-11T10:00:00+00:00,98001.7,98298,97850,98203,3961.785
2024-12-11T11:00:00+00:00,98203.1,98445.5,98122.4,98289.7,5108.426
2024-12-11T12:00:00+00:00,98289.7,98498,98150,98221.9,4897.097
2024-12-11T13:00:00+00:00,98221.9,98868.7,98047.5,98724.8,14381.371
2024-12-11T14:00:00+00:00,98724.9,99546.9,98330,99500,17071.159
2024-12-11T15:00:00+00:00,99500,100798.6,99382,100352.7,29722.136
2024-12-11T16:00:00+00:00,100352.7,101080.7,100287,100568.5,16027.945
2024-12-11T17:00:00+00:00,100568.4,100966.6,99617.6,99763.2,12485.904
2024-12-11T18:00:00+00:00,99763.2,100769,99583.4,100370.4,13277.953
2024-12-11T19:00:00+00:00,100370.4,101136.6,100370,101094.1,8333.904
2024-12-11T20:00:00+00:00,101094.2,101649.9,101001,101249,11850.144
2024-12-11T21:00:00+00:00,101249,101510.1,100844.6,101491.2,6577.626
2024-12-11T22:00:00+00:00,101491.2,101880,101155.6,101188.1,6457.666
2024-12-11T23:00:00+00:00,101188.1,101469.7,101035.7,101115.3,3711.041
2024-12-12T00:00:00+00:00,101115.3,101184.8,100538.4,100750.8,5413.381
2024-12-12T01:00:00+00:00,100750.8,100857.9,100309.8,100485.9,5340.602
2024-12-12T02:00:00+00:00,100485.9,101804.8,100485.9,101804.8,7318.742
2024-12-12T03:00:00+00:00,101804.8,101812.3,100760,101000,9162.24
2024-12-12T04:00:00+00:00,101000,101162.1,100560,100669.5,4880.518
2024-12-12T05:00:00+00:00,100669.5,101071,100588,100588,5218.385
2024-12-12T06:00:00+00:00,100588.1,100679.6,100359.6,100560.8,4465.245
2024-12-12T07:00:00+00:00,100560.8,100811.7,100477.4,100481.6,3088.442
2024-12-12T08:00:00+00:00,100481.5,101061.7,100448,100977.3,4974.423
2024-12-12T09:00:00+00:00,100977.2,101122.4,100783,100800,3629.829
2024-12-12T10:00:00+00:00,100800,100800.1,100471.3,100583.6,4935.503
2024-12-12T11:00:00+00:00,100583.6,100634.5,100150,100339.8,7269.345
2024-12-12T12:00:00+00:00,100339.8,100922,100336.3,100811.5,6564.699
2024-12-12T13:00:00+00:00,100811.5,101531.1,100512.7,100894.6,16162.528
2024-12-12T14:00:00+00:00,100894.5,101689.5,100585,101678.3,16911.363
2024-12-12T15:00:00+00:00,101678.3,101850,100691,101775.1,17252.846
2024-12-12T16:00:00+00:00,101775.1,102538.4,101436.4,101449.8,23473.58
2024-12-12T17:00:00+00:00,101449.8,101694.8,101202.5,101600.1,7470.829
2024-12-12T18:00:00+00:00,101600.1,101659.1,100800,100833.9,7139.079
2024-12-12T19:00:00+00:00,100833.8,101055.3,99280.2,99455.1,26435.902
2024-12-12T20:00:00+00:00,99455.1,100440.4,99428.6,99992.8,13151.95
2024-12-12T21:00:00+00:00,99992.8,100092.1,99671,99727.9,5025.601
2024-12-12T22:00:00+00:00,99728,100461.5,99473.4,100419.2,6730.719
2024-12-12T23:00:00+00:00,100419.2,100453.5,99859.5,99982.4,3203.324
2024-12-13T00:00:00+00:00,99982.3,100333,99913.5,100060,3530.131
2024-12-13T01:00:00+00:00,100060.1,100118.4,99149.6,99290,7979.056
2024-12-13T02:00:00+00:00,99290,99645,99159.7,99446.9,6690.061
2024-12-13T03:00:00+00:00,99446.9,99762.4,99446.9,99690.6,3121.86
2024-12-13T04:00:00+00:00,99690.6,100034.2,99614.3,99973.8,3326.309
2024-12-13T05:00:00+00:00,99973.9,100150.7,99822.5,99858.8,2676.373
2024-12-13T06:00:00+00:00,99858.8,100065,99653.3,99655,3451.19
2024-12-13T07:00:00+00:00,99654.9,100215,99446.4,100100,6360.995
2024-12-13T08:00:00+00:00,100099.9,100336.3,99863.5,100248.4,4802.009
2024-12-13T09:00:00+00:00,100248.5,100305,99872.3,100071.2,2945.516
2024-12-13T10:00:00+00:00,100071.1,100538.4,99887.5,100436.7,4449.352
2024-12-13T11:00:00+00:00,100436.6,100770,100283.5,100331.3,5464.019
2024-12-13T12:00:00+00:00,100331.3,100452.5,100111,100278.1,2993.915
2024-12-13T13:00:00+00:00,100278.1,100512.7,99919,100274.6,5244.707
2024-12-13T14:00:00+00:00,100274.7,101000,100201.1,101000,8465.23
2024-12-13T15:00:00+00:00,101000,101339,99653.6,99831,21467.884
2024-12-13T16:00:00+00:00,99831,101244,99750,100950.1,15897.761
2024-12-13T17:00:00+00:00,100950.2,101750,100741.5,101704.1,13991.356
2024-12-13T18:00:00+00:00,101704.1,101869.5,101242.6,101450,9869.9
2024-12-13T19:00:00+00:00,101449.9,101575,101148.3,101416,5543.251
2024-12-13T20:00:00+00:00,101416.1,101822.4,101158.2,101628,5765.76
2024-12-13T21:00:00+00:00,101628.6,101639.8,101192.3,101242.4,3090.051
2024-12-13T22:00:00+00:00,101242.3,101362.5,101028.7,101192.7,2993.694
2024-12-13T23:00:00+00:00,101192.7,101478,101088.1,101371.9,2316.938
2024-12-14T00:00:00+00:00,101371.9,101477.3,101106.1,101257.3,2608.05
2024-12-14T01:00:00+00:00,101257.2,102638,101257.2,102112.9,19788.423
2024-12-14T02:00:00+00:00,102112.9,102263.5,101632.5,101994.5,5566.522
2024-12-14T03:00:00+00:00,101994.5,102329.3,101990,102040.7,2331.889
2024-12-14T04:00:00+00:00,102040.7,102113.6,101557.8,101645,4546.175
2024-12-14T05:00:00+00:00,101645,101797.8,101595.9,101699.9,3075.752
2024-12-14T06:00:00+00:00,101699.9,101968.9,101655,101874.4,2139.061
2024-12-14T07:00:00+00:00,101874.4,101895.2,101578,101787,2805.316
2024-12-14T08:00:00+00:00,101787,101840.2,101555,101774.1,1810.077
2024-12-14T09:00:00+00:00,101774.1,101774.1,101455,101524.1,2416.035
2024-12-14T10:00:00+00:00,101524.1,101570.6,101298.4,101525.2,3430.656
2024-12-14T11:00:00+00:00,101525.2,101681.4,101437.6,101562.7,2156.626
2024-12-14T12:00:00+00:00,101562.6,101625.8,101195.2,101269.8,4378.223
2024-12-14T13:00:00+00:00,101269.7,101390.5,100777,101138.7,12088.641
2024-12-14T14:00:00+00:00,101138.7,101514.7,101128.6,101411,4659.178
2024-12-14T15:00:00+00:00,101411,101729.2,101317,101601.9,5260.607
2024-12-14T16:00:00+00:00,101601.9,101635.7,101401.6,101632.3,3140.61
2024-12-14T17:00:00+00:00,101632.2,101716.3,100836.9,100952,6323.522
2024-12-14T18:00:00+00:00,100951.9,101158.2,100806,100869.1,4479.215
2024-12-14T19:00:00+00:00,100869.2,101380,100840.8,101293,3738.648
2024-12-14T20:00:00+00:00,101293.1,101384.6,100559.8,100729.6,4097.947
2024-12-14T21:00:00+00:00,100729.7,101159.1,100729.7,101050.7,2178.737
2024-12-14T22:00:00+00:00,101050.8,101239.3,100859.7,101095.1,1899.532
2024-12-14T23:00:00+00:00,101095.2,101450,101021.2,101381,2761.107
2024-12-15T00:00:00+00:00,101381,101530.9,101200.1,101416.3,2133.781
2024-12-15T01:00:00+00:00,101416.3,102165.4,101389.7,102073.4,6774.483
2024-12-15T02:00:00+00:00,102073.3,102107.4,101725.7,101775.1,4201.764
2024-12-15T03:00:00+00:00,101775.2,101893.4,101680,101700.1,2482.148
2024-12-15T04:00:00+00:00,101700,102900,101700,102327,14335.483
2024-12-15T05:00:00+00:00,102327,102468.8,102060.1,102117.5,3833.669
2024-12-15T06:00:00+00:00,102117.4,102131.1,101701.1,101701.1,4081.67
2024-12-15T07:00:00+00:00,101701.2,101888,101460.8,101671.9,5290.589
2024-12-15T08:00:00+00:00,101671.8,101970,101525.2,101960.1,3272.562
2024-12-15T09:00:00+00:00,101960.1,102239.8,101865.5,102207.2,3490.532
2024-12-15T10:00:00+00:00,102207.2,102418.3,102096.3,102230.7,3677.171
2024-12-15T11:00:00+00:00,102230.7,102666,102181,102623.1,4966.726
2024-12-15T12:00:00+00:00,102623,103362.3,102491.8,102926.4,16498.924
2024-12-15T13:00:00+00:00,102926.4,102970,102438,102751.7,7074.559
2024-12-15T14:00:00+00:00,102751.7,103034.7,102618.6,102965.8,4886.335
2024-12-15T15:00:00+00:00,102965.8,103028.2,102662,102668.5,3512.098
2024-12-15T16:00:00+00:00,102668.5,103498.9,102556.3,103099.1,8993.696
2024-12-15T17:00:00+00:00,103099.1,103346.7,102950,103124.3,3788.782
2024-12-15T18:00:00+00:00,103124.3,103350.4,102959.4,103183.3,2902.727
2024-12-15T19:00:00+00:00,103183.2,103443.7,103150,103227.7,3104.197
2024-12-15T20:00:00+00:00,103227.8,103381,103040,103121.7,2005.965
2024-12-15T21:00:00+00:00,103121.7,103176.3,102615,102831.7,6382.729
2024-12-15T22:00:00+00:00,102831.7,103379.9,102592.4,103235.7,5792.387
2024-12-15T23:00:00+00:00,103235.6,105374.6,103200,104460.4,34250.939
2024-12-16T00:00:00+00:00,104460.5,106665.8,104321.5,105435.2,31578.909
2024-12-16T01:00:00+00:00,105435.1,105529.5,104964.4,105516.8,10767.561
2024-12-16T02:00:00+00:00,105516.8,105644.6,104425.6,104564.4,13179.306
2024-12-16T03:00:00+00:00,104564.5,104973,104245.2,104560,7112.002
2024-12-16T04:00:00+00:00,104560,104784.5,104439.3,104646.4,3762.767
2024-12-16T05:00:00+00:00,104646.4,105051.5,104459.4,105003.4,4817.375
2024-12-16T06:00:00+00:00,105003.4,105346.4,104919.4,105130,5722.224
2024-12-16T07:00:00+00:00,105130,105390,104854.1,104949.9,3968.259
2024-12-16T08:00:00+00:00,104950,104991.7,104463.9,104506.4,4811.409
2024-12-16T09:00:00+00:00,104506.5,104925.4,104467,104642.2,4168.635
2024-12-16T10:00:00+00:00,104642.2,104688.5,104300,104660.4,4749.513
2024-12-16T11:00:00+00:00,104660.5,104815.7,103585.2,103717.8,10434.236
2024-12-16T12:00:00+00:00,103717.9,104117.4,103264.6,103604.7,14256.233
2024-12-16T13:00:00+00:00,103604.8,104096.5,103432.1,103859.6,8667.065
2024-12-16T14:00:00+00:00,103859.6,105985.6,103832.8,105453.9,25078.414
2024-12-16T15:00:00+00:00,105453.9,106466.9,105214.2,106281.2,24850.825
2024-12-16T16:00:00+00:00,106281.1,107170,106091.3,106769.1,24350.446
2024-12-16T17:00:00+00:00,106769,107152.2,106645.7,107026.9,10186.513
2024-12-16T18:00:00+00:00,107026.9,107777,106796.1,107039.5,17621.441
2024-12-16T19:00:00+00:00,107039.5,107055.7,105769,106546,19164.001
2024-12-16T20:00:00+00:00,106546.1,106618.2,105725.1,105758,9698.625
2024-12-16T21:00:00+00:00,105758,106236.6,105627.6,106011.8,5206.322
2024-12-16T22:00:00+00:00,106011.8,106260.3,105656.5,105771.2,4199.068
2024-12-16T23:00:00+00:00,105771.2,106027.4,105424,106023.2,6044.607
2024-12-17T00:00:00+00:00,106023.2,106200,105623,105811.7,6512.298
2024-12-17T01:00:00+00:00,105811.8,106420,105710,106323.1,5047.086
2024-12-17T02:00:00+00:00,106323.2,106550,106142.2,106217.6,4934.225
2024-12-17T03:00:00+00:00,106217.6,106980,106185.6,106824.4,4815.966
2024-12-17T04:00:00+00:00,106824.4,106824.5,106371.1,106465.1,3867.827
2024-12-17T05:00:00+00:00,106465,106794.8,106400,106784.1,2507.301
2024-12-17T06:00:00+00:00,106784,106816.3,106331.6,106505.8,3481.128
2024-12-17T07:00:00+00:00,106505.8,107113.9,106420.7,106784,7094.337
2024-12-17T08:00:00+00:00,106784,107493.9,106721.8,107360.5,7772.235
2024-12-17T09:00:00+00:00,107360.5,107438.9,107076.6,107267.4,4906.385
2024-12-17T10:00:00+00:00,107267.4,107300,106899.9,107182,4248.218
2024-12-17T11:00:00+00:00,107182,107308.5,106671.7,106777.2,4293.144
2024-12-17T12:00:00+00:00,106777.1,107153.8,106504,107087.2,6029.679
2024-12-17T13:00:00+00:00,107087.2,107600.5,106937.3,107260.2,7435.33
2024-12-17T14:00:00+00:00,107260.2,108366.8,107004.9,108220.3,21324.802
2024-12-17T15:00:00+00:00,108220.2,108220.2,105674,106429.9,36296.904
2024-12-17T16:00:00+00:00,106429.9,107049.7,106104.6,107031.9,12020.604
2024-12-17T17:00:00+00:00,107031.8,107584.1,106655.9,107458.5,11090.536
2024-12-17T18:00:00+00:00,107458.4,107596,106376,106526.6,9131.513
2024-12-17T19:00:00+00:00,106527,106970,106183.6,106450.5,8060.513
2024-12-17T20:00:00+00:00,106450.4,106877.3,106106,106683.2,6518.617
2024-12-17T21:00:00+00:00,106683.2,106780,106203.6,106369,3372.55
2024-12-17T22:00:00+00:00,106369,106384.5,105252,105907.6,8936.757
2024-12-17T23:00:00+00:00,105907.5,106328.2,105502.9,106074.6,8075.957
2024-12-18T00:00:00+00:00,106074.6,106429.5,105560,106050.5,6952.249
2024-12-18T01:00:00+00:00,106050.1,106484.6,104812.9,105293.4,12790.143
2024-12-18T02:00:00+00:00,105291.8,105606.9,104971.7,105268.2,8340.797
2024-12-18T03:00:00+00:00,105268.1,105288.3,104527.6,104716.8,8569.22
2024-12-18T04:00:00+00:00,104716.8,104716.9,103507.5,103836.4,17007.042
2024-12-18T05:00:00+00:00,103836.4,104102.6,103213.2,103530.1,10899.588
2024-12-18T06:00:00+00:00,103530.1,103966,103065.6,103751.3,9250.764
2024-12-18T07:00:00+00:00,103751.3,104265.9,103663.5,104200.1,9317.265
2024-12-18T08:00:00+00:00,104200.1,104356,103683.9,103764,5430.551
2024-12-18T09:00:00+00:00,103764,104401.3,103763.9,104015.2,5447.635
2024-12-18T10:00:00+00:00,104015.2,104719.4,103950,104499.1,5287.62
2024-12-18T11:00:00+00:00,104499.1,104993.7,104455.1,104978.6,5823.395
2024-12-18T12:00:00+00:00,104978.6,105343.8,104640,104883.1,9668.393
2024-12-18T13:00:00+00:00,104883.2,105225,104484.4,104554.6,5862.504
2024-12-18T14:00:00+00:00,104554.5,104838.6,103813.9,103986.7,16925.08
2024-12-18T15:00:00+00:00,103986.7,104539.1,103611.7,104395.1,13305.786
2024-12-18T16:00:00+00:00,104395.2,104441,103359,104154.2,12800.421
2024-12-18T17:00:00+00:00,104154.2,104795,103836.4,104617.3,8282.824
2024-12-18T18:00:00+00:00,104616.6,104959.4,104110.7,104771.6,8426.448
2024-12-18T19:00:00+00:00,104771.7,104794.4,102777.1,102782.1,31059.597
2024-12-18T20:00:00+00:00,102781.8,102954.8,100301.5,100836.1,75472.021
2024-12-18T21:00:00+00:00,100839.3,101726.5,100457.2,100982.3,16691.613
2024-12-18T22:00:00+00:00,100982.2,101528,100620.1,101122.4,9316.223
2024-12-18T23:00:00+00:00,101122.4,101161,99951.1,100181.1,15654.756
2024-12-19T00:00:00+00:00,100181.2,100970.1,100076.5,100812.9,11123.5
2024-12-19T01:00:00+00:00,100813.1,100880,99601.1,99753.6,12424.144
2024-12-19T02:00:00+00:00,99753.6,100526.3,98744,100526.3,30369.374
2024-12-19T03:00:00+00:00,100526.2,101305.1,100434.9,101163.3,14681.736
2024-12-19T04:00:00+00:00,101163.4,101220,100613.2,100653.5,5806.755
2024-12-19T05:00:00+00:00,100653.5,101387.4,100653.5,101270.9,4960.508
2024-12-19T06:00:00+00:00,101271,101364.1,100979,101159.8,3521.505
2024-12-19T07:00:00+00:00,101159.7,101694.9,101088.7,101615.2,5218.934
2024-12-19T08:00:00+00:00,101615.1,101816.7,101338.8,101612.9,5450.638
2024-12-19T09:00:00+00:00,101613,101855,101508.9,101784.9,4040.868
2024-12-19T10:00:00+00:00,101784.9,102600,101714.2,102378.7,8771.016
2024-12-19T11:00:00+00:00,102378.7,102475.9,102132.9,102419.9,4886.702
2024-12-19T12:00:00+00:00,102420,102537.4,101857.8,101983.3,6809.618
2024-12-19T13:00:00+00:00,101983.3,102202,101636,101924.7,9113.381
2024-12-19T14:00:00+00:00,101924.6,102756.7,100618.1,100908.2,25743.857
2024-12-19T15:00:00+00:00,100908.1,101040.1,99455,100631.1,33943.164
2024-12-19T16:00:00+00:00,100631.1,101162.5,99842.4,100680.9,16226.027
2024-12-19T17:00:00+00:00,100680.9,100715.8,97387.7,98815.9,38027.697
2024-12-19T18:00:00+00:00,98810.8,98918.9,96852.4,98883.6,38663.593
2024-12-19T19:00:00+00:00,98883.5,99030,96233.7,97172.1,28819.719
2024-12-19T20:00:00+00:00,97172.2,97300,95681.2,96407.4,31204.269
2024-12-19T21:00:00+00:00,96409.7,98097.1,95826.6,97393.2,17990.138
2024-12-19T22:00:00+00:00,97393.2,98391.4,97169.6,98331.9,8048.631
2024-12-19T23:00:00+00:00,98331.9,98343.1,97431.9,97434.4,7122.689
2024-12-20T00:00:00+00:00,97434.3,97795.5,96622.3,97210.4,12635.155
2024-12-20T01:00:00+00:00,97210.4,97507.5,96130.1,96307.4,12043.533
2024-12-20T02:00:00+00:00,96307.4,97691.3,95946.9,97594.3,12283.98
2024-12-20T03:00:00+00:00,97594.3,97773.2,96940,97083.2,5597.613
2024-12-20T04:00:00+00:00,97083.2,97824.8,96817.6,97277.5,9474.652
2024-12-20T05:00:00+00:00,97277.6,97465.5,96645.2,96715.3,6054.113
2024-12-20T06:00:00+00:00,96715.3,97285,96350.1,97271.9,10697.509
2024-12-20T07:00:00+00:00,97271.8,98243,97257.8,97826.1,18197.533
2024-12-20T08:00:00+00:00,97826.1,97867.5,95278.8,95468.4,24169.368
2024-12-20T09:00:00+00:00,95468.3,95720.1,94700,94812,21223.08
2024-12-20T10:00:00+00:00,94812.1,95120,93954.1,94377.3,25698.243
2024-12-20T11:00:00+00:00,94377.3,94674.1,92613.7,92715.1,37568.179
2024-12-20T12:00:00+00:00,92715.1,94240.7,92272.6,93924.6,30411.109
2024-12-20T13:00:00+00:00,93924.5,95785.2,93561.8,95188,33455.71
2024-12-20T14:00:00+00:00,95188,96174.9,94712.2,95606.1,26155.851
2024-12-20T15:00:00+00:00,95606.1,97555,95584.9,96961.3,25183.149
2024-12-20T16:00:00+00:00,96961.4,97681.6,96254,96687.5,22425.368
2024-12-20T17:00:00+00:00,96688.6,97354.7,96396.4,97170.1,13128.077
2024-12-20T18:00:00+00:00,97170.2,97273,96560,96955.7,9132.45
2024-12-20T19:00:00+00:00,96955.7,97721,96804.8,97079.6,9050.038
2024-12-20T20:00:00+00:00,97079.6,97186.6,96394.3,96426.6,8492.328
2024-12-20T21:00:00+00:00,96426.6,96626.6,95393.8,96602.6,12880.45
2024-12-20T22:00:00+00:00,96602.7,97481,96427,97419.9,5147.836
2024-12-20T23:00:00+00:00,97419.9,97777,97329.9,97764.4,5083.471
2024-12-21T00:00:00+00:00,97764.5,97773.1,97176.3,97488.3,6191.499
2024-12-21T01:00:00+00:00,97488.3,97627.2,97146.4,97306.1,4811.89
2024-12-21T02:00:00+00:00,97306.1,97570.8,97142,97342.1,3041.182
2024-12-21T03:00:00+00:00,97342,97445,97200,97444.9,2522.5
2024-12-21T04:00:00+00:00,97444.9,97580,97330,97534,2375.097
2024-12-21T05:00:00+00:00,97534,98647.5,97487.5,98644.1,9885.175
2024-12-21T06:00:00+00:00,98644,98785.5,98267.1,98673.9,9057.179
2024-12-21T07:00:00+00:00,98674,99485,98446.7,98988.1,11361.05
2024-12-21T08:00:00+00:00,98988,99137.5,98400,98601.7,8197.045
2024-12-21T09:00:00+00:00,98601.7,98644,98250,98514.7,5072.721
2024-12-21T10:00:00+00:00,98514.7,98598,98005,98091.9,5655.132
2024-12-21T11:00:00+00:00,98091.9,98398.1,97757.8,98225.3,6799.898
2024-12-21T12:00:00+00:00,98225.4,98253.5,97064,97109.8,11451.319
2024-12-21T13:00:00+00:00,97109.8,97469.8,96375,97300.1,17865.808
2024-12-21T14:00:00+00:00,97300,97724,97007.6,97049.6,8411.449
2024-12-21T15:00:00+00:00,97049.6,97692.3,97032.4,97486.5,4788.125
2024-12-21T16:00:00+00:00,97486.6,97687,96910.9,97259.1,7834.449
2024-12-21T17:00:00+00:00,97259.2,97672.3,97000,97563.4,5621.503
2024-12-21T18:00:00+00:00,97563.4,97695,97258.1,97382.1,3127.336
2024-12-21T19:00:00+00:00,97382.1,97420.5,96800,97242.2,5988.597
2024-12-21T20:00:00+00:00,97242.3,98084.9,97195.3,97435.1,8861.784
2024-12-21T21:00:00+00:00,97435.1,97560.2,96520,96864,5340.937
2024-12-21T22:00:00+00:00,96864,97377.5,96593.6,97120.7,4505.8
2024-12-21T23:00:00+00:00,97120.7,97285.7,96871.9,97261.8,2491.005
2024-12-22T00:00:00+00:00,97261.7,97437.9,97029.8,97217.8,3274.336
2024-12-22T01:00:00+00:00,97217.8,97413.3,96673.7,97024.9,4032.102
2024-12-22T02:00:00+00:00,97024.8,97220.6,96581.6,96691.4,3418.472
2024-12-22T03:00:00+00:00,96691.4,97294.7,96532,96965.1,5284.808
2024-12-22T04:00:00+00:00,96965.1,97057,96050,96062.1,6479.389
2024-12-22T05:00:00+00:00,96058.7,96384.7,95867.3,96135.3,7393.633
2024-12-22T06:00:00+00:00,96135.3,96729.9,96097.1,96710,4072.181
2024-12-22T07:00:00+00:00,96710,96819.4,96065.2,96192.1,4304.365
2024-12-22T08:00:00+00:00,96192.1,96666.6,96172.1,96505.6,3808.38
2024-12-22T09:00:00+00:00,96505.6,97221.4,96299.6,96895.1,5877.458
2024-12-22T10:00:00+00:00,96895,97322.1,96817.5,96970,4018.555
2024-12-22T11:00:00+00:00,96970,97299.9,96945,97054.8,2550.545
2024-12-22T12:00:00+00:00,97054.7,97266.6,96786.8,96948.3,4554.776
2024-12-22T13:00:00+00:00,96948.4,97214.8,96802.6,96943.7,3506.305
2024-12-22T14:00:00+00:00,96943.6,97018.2,95241.4,95330,18293.846
2024-12-22T15:00:00+00:00,95329.9,95625.2,95085,95341,9162.284
2024-12-22T16:00:00+00:00,95341,95833.1,95164.6,95680,6692.627
2024-12-22T17:00:00+00:00,95680.1,95823.4,95400,95578.2,3173.634
2024-12-22T18:00:00+00:00,95578.2,96426.7,95326.5,95913.4,7727.03
2024-12-22T19:00:00+00:00,95913.5,96113.5,94642.4,94795.4,10088.405
2024-12-22T20:00:00+00:00,94795.4,95600,94390,95559.9,10365.828
2024-12-22T21:00:00+00:00,95560,95714.2,95038.1,95161.7,5960.836
2024-12-22T22:00:00+00:00,95161.7,95597.5,94200,95514.1,9086.979
2024-12-22T23:00:00+00:00,95514.2,95787.7,94980,95153.5,4987.961
2024-12-23T00:00:00+00:00,95153.4,95393.2,94295.4,94371.2,8472.248
2024-12-23T01:00:00+00:00,94371.2,95091.1,93727,94431,12710.891
2024-12-23T02:00:00+00:00,94431,94740,93655.3,94684.8,10651.183
2024-12-23T03:00:00+00:00,94684.9,96019.8,94570.4,95989.9,11947.406
2024-12-23T04:00:00+00:00,95989.8,96488.8,95618.2,95810.2,9232.302
2024-12-23T05:00:00+00:00,95810.2,95943,95294.8,95572.8,6454.895
2024-12-23T06:00:00+00:00,95572.8,95616.1,94639.5,94783.6,7465.833
2024-12-23T07:00:00+00:00,94783.7,95540,94783.6,95360.5,5430.092
2024-12-23T08:00:00+00:00,95360.5,95524.4,94974.2,95464.4,4493.833
2024-12-23T09:00:00+00:00,95464.4,96126,95450.1,95974.8,6566.794
2024-12-23T10:00:00+00:00,95974.9,96407.5,95908.7,96342.9,5427.945
2024-12-23T11:00:00+00:00,96342.9,96499,95768.5,95899.4,5145.999
2024-12-23T12:00:00+00:00,95899.4,96377.2,95818.2,96258.3,4524.153
2024-12-23T13:00:00+00:00,96258.3,96307.1,94783.6,94881.7,12334.535
2024-12-23T14:00:00+00:00,94881.7,95580,93669.6,94380,24171.863
2024-12-23T15:00:00+00:00,94379.9,94417.2,93060.3,93217.6,22311.648
2024-12-23T16:00:00+00:00,93217.7,94249.3,92897.6,93950,19036.179
2024-12-23T17:00:00+00:00,93950,94115.8,93186.5,93341.2,10796.349
2024-12-23T18:00:00+00:00,93341.2,93726,92634.7,92707.3,9990.702
2024-12-23T19:00:00+00:00,92707.2,93666,92640.6,92997.7,9634.436
2024-12-23T20:00:00+00:00,92997.7,93502.5,92464.4,93177.3,11962.655
2024-12-23T21:00:00+00:00,93177.4,94287.6,93162.1,93936.1,11714.564
2024-12-23T22:00:00+00:00,93936.1,95162.3,93870,95162.2,8002.26
2024-12-23T23:00:00+00:00,95162.2,95480.4,94648.5,94861.1,8733.09
2024-12-24T00:00:00+00:00,94861,94861.1,94120,94525.8,8356.355
2024-12-24T01:00:00+00:00,94525.9,94668,94006,94104.4,4870.865
2024-12-24T02:00:00+00:00,94104.5,94304.7,93525.6,93931.5,7540.643
2024-12-24T03:00:00+00:00,93931.5,94382.5,93788.9,94330.1,3963.516
2024-12-24T04:00:00+00:00,94330.1,94400,94019.1,94399.9,3626.994
2024-12-24T05:00:00+00:00,94399.9,94638.6,94290,94569.2,3340.213
2024-12-24T06:00:00+00:00,94569.3,94569.3,93800,93889.9,4674.634
2024-12-24T07:00:00+00:00,93889.8,94280.2,93774.4,94200,3301.968
2024-12-24T08:00:00+00:00,94199.9,94618,94091.9,94467,4657.365
2024-12-24T09:00:00+00:00,94467.1,94509.5,93914.9,94037,3452.636
2024-12-24T10:00:00+00:00,94037.1,94167.9,93800,93943.6,3440.17
2024-12-24T11:00:00+00:00,93943.6,94410.6,93900,94369,3382.635
2024-12-24T12:00:00+00:00,94368.3,94384.2,94039.8,94281,3093.033
2024-12-24T13:00:00+00:00,94281.6,96088,94255.3,96069.1,16334.936
2024-12-24T14:00:00+00:00,96069.1,97464,95829.5,97410.2,25815.303
2024-12-24T15:00:00+00:00,97410.2,98274.9,97186.8,98243.5,20930.053
2024-12-24T16:00:00+00:00,98243.5,98700,97911.8,98440.1,21158.352
2024-12-24T17:00:00+00:00,98440,98994,98273.5,98742.7,14826.372
2024-12-24T18:00:00+00:00,98742.7,99450,98355.7,98567.1,14607.23
2024-12-24T19:00:00+00:00,98567,98700,97522.5,97558.5,10055.983
2024-12-24T20:00:00+00:00,97558.4,98030.9,97226.2,97266.2,10833.269
2024-12-24T21:00:00+00:00,97266.3,98414.8,97250.4,98355.2,7690.634
2024-12-24T22:00:00+00:00,98355.2,99074.8,98305.3,98725.4,7442.733
2024-12-24T23:00:00+00:00,98725.5,98988.7,98460.6,98627.2,4214.74
2024-12-25T00:00:00+00:00,98626.9,98848.4,98388,98388,4342.334
2024-12-25T01:00:00+00:00,98388,98571,97848.1,97956,5237.917
2024-12-25T02:00:00+00:00,97956.1,98324.3,97681.3,98100.1,4482.59
2024-12-25T03:00:00+00:00,98100.1,98254.1,97900,98000,2882.427
2024-12-25T04:00:00+00:00,98000.1,98323,97848.2,98192.6,2669.799
2024-12-25T05:00:00+00:00,98192.7,98328.7,98117.2,98239.8,1726.708
2024-12-25T06:00:00+00:00,98239.9,98539.5,97807.5,97862.7,4525.428
2024-12-25T07:00:00+00:00,97862.6,98331.3,97827.3,98049.7,2871.781
2024-12-25T08:00:00+00:00,98049.8,98231.6,97892.8,98047.4,2635.868
2024-12-25T09:00:00+00:00,98047.5,98240,97980.4,98150,2435.977
2024-12-25T10:00:00+00:00,98150,99323.3,98088.3,98405,15583.033
2024-12-25T11:00:00+00:00,98405,98838.5,97709.9,97889.3,7550.094
2024-12-25T12:00:00+00:00,97888.4,98662.7,97570,98140.3,12385.676
2024-12-25T13:00:00+00:00,98140.3,98588,98086.8,98422,4757.961
2024-12-25T14:00:00+00:00,98422,98797.9,98220,98667.7,5120.037
2024-12-25T15:00:00+00:00,98667.8,98695.8,98153.5,98493.3,4736.712
2024-12-25T16:00:00+00:00,98493.3,98675.2,98100,98387.2,4041.668
2024-12-25T17:00:00+00:00,98387.2,98639,98153.8,98533.4,3041.541
2024-12-25T18:00:00+00:00,98533.5,98949.9,98512,98722.5,4660.131
2024-12-25T19:00:00+00:00,98722.6,99258,98691,98981.3,4527.797
2024-12-25T20:00:00+00:00,98981.3,99391.2,98832.8,99102.9,4792.422
2024-12-25T21:00:00+00:00,99103,99580.7,98331.5,98473.8,9167.362
2024-12-25T22:00:00+00:00,98473.9,99058.8,98378.7,98768.5,4483.87
2024-12-25T23:00:00+00:00,98768.5,99527.4,98768.5,99379.7,6037.759
2024-12-26T00:00:00+00:00,99379.6,99950,98900.2,98988.5,11198.067
2024-12-26T01:00:00+00:00,98988.4,99200,98531.5,99003.7,7063.658
2024-12-26T02:00:00+00:00,99003.8,99169.4,98400.1,98692,6473.8
2024-12-26T03:00:00+00:00,98692,99158.3,98505.8,98957.7,5268.342
2024-12-26T04:00:00+00:00,98957.7,98957.7,98190.5,98250,5584.699
2024-12-26T05:00:00+00:00,98250,98424.4,98033.1,98322.7,4486.306
2024-12-26T06:00:00+00:00,98322.7,98443.9,98000,98073.5,3201.119
2024-12-26T07:00:00+00:00,98073.6,98270,97647.2,97669.6,7080.985
2024-12-26T08:00:00+00:00,97669.5,97721.8,95573,95845.6,35629.973
2024-12-26T09:00:00+00:00,95845.6,95948.3,95388,95412.5,11389.012
2024-12-26T10:00:00+00:00,95412.5,95744.4,95153,95473.6,8487.906
2024-12-26T11:00:00+00:00,95473.6,95991.8,95427.6,95662.7,6439.331
2024-12-26T12:00:00+00:00,95662.6,95847.1,95402,95632.5,5742.728
2024-12-26T13:00:00+00:00,95632.6,95726,95241.1,95654.4,6650.206
2024-12-26T14:00:00+00:00,95654.4,96227.4,95200.1,95424.6,14162.955
2024-12-26T15:00:00+00:00,95424.6,96179,95231.9,95993.5,10717.481
2024-12-26T16:00:00+00:00,95993.1,96580,95770.9,96474.9,11259.32
2024-12-26T17:00:00+00:00,96474.9,96510,95619.5,95774.3,7956.76
2024-12-26T18:00:00+00:00,95774,95950,95445.4,95707.8,4685.64
2024-12-26T19:00:00+00:00,95707.9,96168.1,95400,96064.8,4619.393
2024-12-26T20:00:00+00:00,96064.8,96079.9,95361.3,95564.3,5914.034
2024-12-26T21:00:00+00:00,95564.4,95914.4,95276.4,95787.3,4722.177
2024-12-26T22:00:00+00:00,95787.2,95938.3,95601,95790.8,1926.77
2024-12-26T23:00:00+00:00,95790.8,95856.3,95341.2,95751,4196.989
2024-12-27T00:00:00+00:00,95750.9,95895,95350.1,95762.1,7007.35
2024-12-27T01:00:00+00:00,95762.1,96219.2,95520,95886.6,5147.425
2024-12-27T02:00:00+00:00,95886.6,96419,95665.8,96028.9,6670.055
2024-12-27T03:00:00+00:00,96028.9,96414.7,95936.7,96377.8,5368.343
2024-12-27T04:00:00+00:00,96377.8,96543.5,96177.5,96253,3799.433
2024-12-27T05:00:00+00:00,96252.9,96289.2,95950.4,96210.5,3170.448
2024-12-27T06:00:00+00:00,96210.6,96570.7,96074.6,96565.6,3903.521
2024-12-27T07:00:00+00:00,96565.6,96580,94620,95074.4,22264.392
2024-12-27T08:00:00+00:00,95080.1,96377.7,95080.1,95697.6,14290.087
2024-12-27T09:00:00+00:00,95697.8,97564.5,95631.7,96743.6,20121.7
2024-12-27T10:00:00+00:00,96743.5,96994.7,96141.5,96572.4,8595.655
2024-12-27T11:00:00+00:00,96572.5,96907.5,96338,96900.3,4929.187
2024-12-27T12:00:00+00:00,96900.3,96999,96570.6,96654.5,4525.575
2024-12-27T13:00:00+00:00,96654.5,96654.5,96220.1,96385.1,5310.851
2024-12-27T14:00:00+00:00,96385.1,96449.7,95150,95649,13848.356
2024-12-27T15:00:00+00:00,95649,95688.9,93982.4,94539.9,22898.152
2024-12-27T16:00:00+00:00,94539.9,94979.9,94060.1,94146.4,11304.54
2024-12-27T17:00:00+00:00,94146.4,94328.9,93440,94268.5,15788.244
2024-12-27T18:00:00+00:00,94268.5,94741.5,94186.9,94529.6,7010.849
2024-12-27T19:00:00+00:00,94529.6,94773.8,94211.6,94720.3,4690.028
2024-12-27T20:00:00+00:00,94720.2,94745.2,94280,94548.1,5150.064
2024-12-27T21:00:00+00:00,94548.1,94794,94338.6,94490,3643.206
2024-12-27T22:00:00+00:00,94489.9,94641,94149.5,94390,3210.187
2024-12-27T23:00:00+00:00,94390,94490.5,94094,94258.9,3360.595
2024-12-28T00:00:00+00:00,94258.9,94507.4,94221,94366.3,2775.343
2024-12-28T01:00:00+00:00,94366.4,94600,94100,94510.6,2878.213
2024-12-28T02:00:00+00:00,94510.6,94599.9,94235.3,94295.6,1893.538
2024-12-28T03:00:00+00:00,94295.6,94687.6,94295.6,94550.6,1957.471
2024-12-28T04:00:00+00:00,94550.6,94610,94461.7,94482.6,1198.702
2024-12-28T05:00:00+00:00,94482.6,94762.3,94474.1,94586.6,2357.294
2024-12-28T06:00:00+00:00,94586.6,94678.2,94351,94424.6,1861.654
2024-12-28T07:00:00+00:00,94424.5,94584.7,94256.9,94334.7,2086.631
2024-12-28T08:00:00+00:00,94334.6,94499.2,94261.7,94446.4,1680.158
2024-12-28T09:00:00+00:00,94446.4,94655,94437.5,94541.8,2331.151
2024-12-28T10:00:00+00:00,94541.9,94677.2,94460,94585.8,1970.143
2024-12-28T11:00:00+00:00,94585.8,94850,94550,94711.3,2735.283
2024-12-28T12:00:00+00:00,94711.3,94844,94550.4,94552.1,2550.588
2024-12-28T13:00:00+00:00,94552.1,94724.7,94432.7,94622.5,2871.353
2024-12-28T14:00:00+00:00,94622.5,95346.1,94360.1,94540.5,10661.496
2024-12-28T15:00:00+00:00,94540.5,94781.1,94320,94407.7,4090.994
2024-12-28T16:00:00+00:00,94407.8,94898.5,94356.5,94838.9,3506.329
2024-12-28T17:00:00+00:00,94838.9,95197.3,94777.3,94991.7,4692.031
2024-12-28T18:00:00+00:00,94991.7,95069.3,94666.6,94796.3,2280.809
2024-12-28T19:00:00+00:00,94796.4,95108.4,94789.1,94993.8,1777.865
2024-12-28T20:00:00+00:00,94993.7,95120,94836,95043.2,1087.577
2024-12-28T21:00:00+00:00,95043.1,95185.6,94915,95127.4,1326.381
2024-12-28T22:00:00+00:00,95127.5,95700,95000,95286.8,4859.939
2024-12-28T23:00:00+00:00,95286.7,95382.9,95068.1,95259.1,2560.406
2024-12-29T00:00:00+00:00,95259.1,95300,94998.3,95115.9,1926.358
2024-12-29T01:00:00+00:00,95116,95177.8,94761,94818.8,2374.15
2024-12-29T02:00:00+00:00,94818.8,95180,94812.3,95113.8,1865.357
2024-12-29T03:00:00+00:00,95113.9,95191,94930,95135.3,1920.659
2024-12-29T04:00:00+00:00,95135.3,95245.2,95013.4,95088.9,999.418
2024-12-29T05:00:00+00:00,95089,95160,95020,95088.3,776.214
2024-12-29T06:00:00+00:00,95088.4,95188.8,94930,95150.9,1651.781
2024-12-29T07:00:00+00:00,95151,95250,95043.3,95233.2,1419.802
2024-12-29T08:00:00+00:00,95233.3,95286.4,95035.7,95088.8,1254.042
2024-12-29T09:00:00+00:00,95088.8,95186.7,95012,95150.1,1383.618
2024-12-29T10:00:00+00:00,95150.1,95251.2,95060,95130.5,1971.684
2024-12-29T11:00:00+00:00,95130.4,95149,94968.4,94986.1,1109.194
2024-12-29T12:00:00+00:00,94986.2,95105.3,94852,94860.6,2696.659
2024-12-29T13:00:00+00:00,94860.7,94978.8,94709.4,94890.1,2932.752
2024-12-29T14:00:00+00:00,94890,95195,93925.4,94568.4,15505.694
2024-12-29T15:00:00+00:00,94568.4,94785.1,94341.7,94468.4,4422.677
2024-12-29T16:00:00+00:00,94468.3,94537.7,93543,93850.1,11316.356
2024-12-29T17:00:00+00:00,93850,94071.6,93740.4,93902.2,3947.08
2024-12-29T18:00:00+00:00,93902.2,93902.2,93534.6,93612,4673.251
2024-12-29T19:00:00+00:00,93612,93826,93333,93559.6,6270.125
2024-12-29T20:00:00+00:00,93559.5,93827.6,93300.1,93800.2,4512.406
2024-12-29T21:00:00+00:00,93800.3,93892.5,93094.1,93303.4,6037.687
2024-12-29T22:00:00+00:00,93303.4,93728.8,93000,93100.3,6458.331
2024-12-29T23:00:00+00:00,93100.3,93827.7,92961.8,93700,7622.639
2024-12-30T00:00:00+00:00,93699.9,93866.6,93456.3,93542.6,3982.097
2024-12-30T01:00:00+00:00,93542.5,94240,93326,93900,8156.93
2024-12-30T02:00:00+00:00,93899.9,93928.5,93363,93869.6,3986.155
2024-12-30T03:00:00+00:00,93869.7,94051,93615,93681.1,3194.471
2024-12-30T04:00:00+00:00,93680.8,93946,93228.1,93234.5,3717.025
2024-12-30T05:00:00+00:00,93234.5,93540,93181.8,93540,3118.065
2024-12-30T06:00:00+00:00,93540,94048.9,93467.3,93865.8,5239.511
2024-12-30T07:00:00+00:00,93865.8,93914.9,93277.8,93688.9,4198.392
2024-12-30T08:00:00+00:00,93688.9,93945.4,93674.4,93811.5,3346.273
2024-12-30T09:00:00+00:00,93811.4,93998.9,93637.3,93855.4,3007.603
2024-12-30T10:00:00+00:00,93855.3,94053.5,93700,93752.7,2550.737
2024-12-30T11:00:00+00:00,93752.6,93936.9,93433,93900.1,5265.725
2024-12-30T12:00:00+00:00,93900.1,94249.9,93674.8,93721,6950.762
2024-12-30T13:00:00+00:00,93720.9,93795.9,92569,92658.8,18314.174
2024-12-30T14:00:00+00:00,92659,93095,91763.1,91845.2,23181.833
2024-12-30T15:00:00+00:00,91845.3,92441.6,91510,92081.5,21903.266
2024-12-30T16:00:00+00:00,92081.5,92195.7,91758.3,92085,7950.521
2024-12-30T17:00:00+00:00,92085.5,94188,91933.4,93800,24425.088
2024-12-30T18:00:00+00:00,93800,94668.5,93532,94570.4,16177.339
2024-12-30T19:00:00+00:00,94570.4,94600.5,93928.6,94400,7852.089
2024-12-30T20:00:00+00:00,94400.1,95031.6,94273.8,94319.1,10589.032
2024-12-30T21:00:00+00:00,94318.1,94367.1,91850,92035.2,21434.965
2024-12-30T22:00:00+00:00,92035.1,93000,91900,92768,8684.94
2024-12-30T23:00:00+00:00,92767.9,92863.9,92352.7,92759.3,5116.6
2024-12-31T00:00:00+00:00,92759.3,92875.4,92345,92435.8,4354.027
2024-12-31T01:00:00+00:00,92435.9,92549.9,92000,92410.2,6961.012
2024-12-31T02:00:00+00:00,92410.4,92687.4,92253.9,92433.6,2867.74
2024-12-31T03:00:00+00:00,92433.7,92623.9,92210.4,92481.5,2759.064
2024-12-31T04:00:00+00:00,92481.5,92797.5,92319.7,92428.5,2918.901
2024-12-31T05:00:00+00:00,92428.5,92718.9,92315.4,92559.3,2337.066
2024-12-31T06:00:00+00:00,92559.4,93000,92533.6,92781.9,3671.24
2024-12-31T07:00:00+00:00,92782,92870,92726.4,92819.6,2168.481
2024-12-31T08:00:00+00:00,92819.5,94738.4,92800,93904,20918.388
2024-12-31T09:00:00+00:00,93904,94145,93808,94008.5,5097.523
2024-12-31T10:00:00+00:00,94008.4,94243,93643.9,94083.2,6774.825
2024-12-31T11:00:00+00:00,94083.2,94274.3,93966,94202.5,3719.029
2024-12-31T12:00:00+00:00,94202.4,94926.3,94202.4,94511.4,9910.614
2024-12-31T13:00:00+00:00,94511.4,96032.1,94491.9,95567.4,20426.689
2024-12-31T14:00:00+00:00,95567.4,96254.3,95346.5,95666,15093.48
2024-12-31T15:00:00+00:00,95665.9,95963.5,94890.1,95389.4,12875.488
2024-12-31T16:00:00+00:00,95389.3,95569.6,94535.6,94832.7,10877.417
2024-12-31T17:00:00+00:00,94832.8,95020,93145.1,94082.8,18131.62
2024-12-31T18:00:00+00:00,94082.8,94376.6,93764.7,93865.1,8101.452
2024-12-31T19:00:00+00:00,93865.2,94278.3,93680,94155.8,4370.784
2024-12-31T20:00:00+00:00,94155.8,94218.3,93426.1,93544.9,5451.727
2024-12-31T21:00:00+00:00,93544.9,93950,93485.2,93881.3,2921.371
2024-12-31T22:00:00+00:00,93881.3,93881.3,93343.4,93469.1,2903.232
2024-12-31T23:00:00+00:00,93469.1,93736.9,93356.6,93548.9,3036.946
